// GENERATED by tools/gen_assets.py — do not edit.
#include "assets.h"

static const uint8_t F_UI_S_bits[] = {
  0x60,0x60,0x60,0x60,0x60,0x60,0x60,0x60,0x60,0x00,0x60,0x60,0x60,0x36,0x36,0x36,0x36,0x36,0x00,0x00,0x00,0x00,0x00,0x00,
  0x00,0x00,0x18,0x80,0x18,0x80,0x19,0x80,0x7f,0xe0,0x7f,0xc0,0x11,0x00,0x31,0x00,0x31,0x00,0xff,0xc0,0x7f,0x80,0x23,0x00,
  0x23,0x00,0x22,0x00,0x04,0x00,0x04,0x00,0x1f,0x00,0x3f,0x80,0x65,0xc0,0x64,0x00,0x64,0x00,0x3c,0x00,0x1f,0x00,0x07,0x80,
  0x04,0xc0,0x44,0xc0,0x65,0xc0,0x7f,0x80,0x1f,0x00,0x04,0x00,0x04,0x00,0x1c,0x08,0x00,0x3e,0x18,0x00,0x36,0x10,0x00,0x36,
  0x20,0x00,0x3e,0x60,0x00,0x08,0x40,0x00,0x00,0x80,0x00,0x01,0x9e,0x00,0x01,0x37,0x00,0x02,0x33,0x00,0x02,0x33,0x00,0x04,
  0x3f,0x00,0x08,0x1e,0x00,0x1e,0x00,0x3f,0x00,0x33,0x00,0x33,0x00,0x36,0x00,0x1c,0x00,0x1c,0x00,0x36,0x60,0x66,0x60,0x63,
  0xc0,0x61,0xc0,0x3f,0xc0,0x1e,0x60,0x30,0x30,0x30,0x30,0x30,0x00,0x00,0x00,0x00,0x00,0x00,0x00,0x00,0x0c,0x18,0x18,0x18,
  0x10,0x30,0x30,0x30,0x30,0x30,0x30,0x30,0x18,0x18,0x18,0x0c,0x60,0x20,0x30,0x30,0x30,0x18,0x18,0x18,0x18,0x18,0x18,0x10,
  0x30,0x30,0x20,0x60,0x08,0x00,0x08,0x00,0x3e,0x00,0x1c,0x00,0x3e,0x00,0x08,0x00,0x08,0x00,0x00,0x00,0x00,0x00,0x00,0x00,
  0x00,0x00,0x00,0x00,0x00,0x00,0x06,0x00,0x06,0x00,0x06,0x00,0x06,0x00,0x3f,0xc0,0x3f,0xc0,0x06,0x00,0x06,0x00,0x06,0x00,
  0x00,0x00,0x30,0x20,0x60,0x60,0x40,0x7e,0x7e,0x00,0x00,0x00,0x00,0x00,0x40,0x60,0x60,0x0c,0x0c,0x08,0x18,0x18,0x18,0x10,
  0x30,0x30,0x30,0x20,0x60,0x60,0x60,0x40,0xc0,0x0e,0x00,0x3f,0x80,0x31,0x80,0x60,0xc0,0x60,0xc0,0x60,0xc0,0x60,0xc0,0x60,
  0xc0,0x60,0xc0,0x60,0xc0,0x31,0x80,0x3f,0x80,0x0e,0x00,0x1c,0x3c,0x6c,0x4c,0x0c,0x0c,0x0c,0x0c,0x0c,0x0c,0x0c,0x0c,0x0c,
  0x1e,0x00,0x3f,0x00,0x61,0x80,0x61,0x80,0x01,0x80,0x03,0x80,0x03,0x00,0x06,0x00,0x0c,0x00,0x18,0x00,0x30,0x00,0x7f,0x80,
  0x7f,0x80,0x1e,0x00,0x3f,0x00,0x61,0x80,0x01,0x80,0x01,0x80,0x0f,0x00,0x0f,0x00,0x01,0x80,0x00,0xc0,0x40,0xc0,0x61,0xc0,
  0x3f,0x80,0x1f,0x00,0x03,0x80,0x03,0x80,0x07,0x80,0x0d,0x80,0x0d,0x80,0x19,0x80,0x19,0x80,0x31,0x80,0x61,0x80,0x7f,0xc0,
  0x7f,0xc0,0x01,0x80,0x01,0x80,0x7f,0x00,0x7f,0x00,0x60,0x00,0x60,0x00,0x6c,0x00,0x7f,0x00,0x63,0x00,0x01,0x80,0x01,0x80,
  0x41,0x80,0x63,0x00,0x7f,0x00,0x3e,0x00,0x0f,0x00,0x1f,0x80,0x31,0x80,0x60,0x00,0x66,0x00,0x7f,0x80,0x71,0x80,0x60,0xc0,
  0x60,0xc0,0x60,0xc0,0x31,0x80,0x3f,0x80,0x1f,0x00,0x7f,0x80,0x7f,0x80,0x01,0x80,0x03,0x00,0x03,0x00,0x06,0x00,0x06,0x00,
  0x0c,0x00,0x0c,0x00,0x18,0x00,0x18,0x00,0x10,0x00,0x30,0x00,0x1e,0x00,0x3f,0x00,0x61,0x80,0x61,0x80,0x61,0x80,0x3f,0x00,
  0x3f,0x00,0x31,0x80,0x60,0xc0,0x60,0xc0,0x60,0xc0,0x3f,0x80,0x1f,0x00,0x1e,0x00,0x3f,0x80,0x71,0x80,0x60,0xc0,0x60,0xc0,
  0x71,0xc0,0x3f,0xc0,0x1e,0xc0,0x00,0xc0,0x61,0x80,0x71,0x80,0x3f,0x00,0x1e,0x00,0x40,0x60,0x60,0x00,0x00,0x00,0x00,0x40,
  0x60,0x60,0x20,0x30,0x30,0x00,0x00,0x00,0x00,0x00,0x30,0x20,0x20,0x20,0x20,0x00,0x00,0x00,0x80,0x03,0x80,0x0f,0x00,0x3c,
  0x00,0x70,0x00,0x70,0x00,0x1e,0x00,0x07,0x80,0x01,0x80,0x00,0x00,0x3f,0xc0,0x3f,0xc0,0x00,0x00,0x00,0x00,0x3f,0xc0,0x3f,
  0xc0,0x00,0x00,0x00,0x00,0x00,0x00,0x20,0x00,0x38,0x00,0x1e,0x00,0x07,0x80,0x01,0xc0,0x01,0xc0,0x0f,0x00,0x3c,0x00,0x30,
  0x00,0x00,0x00,0x1e,0x00,0x3f,0x00,0x61,0x80,0x01,0x80,0x03,0x80,0x07,0x00,0x0c,0x00,0x18,0x00,0x18,0x00,0x00,0x00,0x18,
  0x00,0x18,0x00,0x18,0x00,0x03,0xf0,0x00,0x0f,0xf8,0x00,0x1c,0x0c,0x00,0x30,0x06,0x00,0x31,0xb6,0x00,0x67,0xf3,0x00,0x66,
  0x73,0x00,0x6c,0x33,0x00,0x6c,0x33,0x00,0x6c,0x33,0x00,0x6e,0x33,0x00,0x67,0xfe,0x00,0x33,0x9c,0x00,0x30,0x00,0x00,0x1c,
  0x00,0x00,0x0f,0xf0,0x00,0x03,0xf0,0x00,0x06,0x00,0x0f,0x00,0x0f,0x00,0x0b,0x00,0x19,0x80,0x19,0x80,0x19,0x80,0x30,0xc0,
  0x3f,0xc0,0x3f,0xc0,0x60,0x60,0x60,0x60,0x60,0x60,0x7e,0x00,0x7f,0x00,0x61,0x80,0x61,0x80,0x61,0x80,0x7f,0x00,0x7f,0x00,
  0x61,0x80,0x60,0xc0,0x60,0xc0,0x60,0xc0,0x7f,0x80,0x7f,0x00,0x0f,0x80,0x1f,0xc0,0x30,0x60,0x30,0x60,0x60,0x00,0x60,0x00,
  0x60,0x00,0x60,0x00,0x60,0x00,0x30,0x60,0x30,0x60,0x1f,0xc0,0x0f,0x80,0x7f,0x00,0x7f,0x80,0x60,0xc0,0x60,0xc0,0x60,0x60,
  0x60,0x60,0x60,0x60,0x60,0x60,0x60,0x60,0x60,0xc0,0x60,0xc0,0x7f,0x80,0x7f,0x00,0x7f,0x80,0x7f,0x80,0x60,0x00,0x60,0x00,
  0x60,0x00,0x7f,0x00,0x7f,0x80,0x60,0x00,0x60,0x00,0x60,0x00,0x60,0x00,0x7f,0x80,0x7f,0x80,0x7f,0x80,0x7f,0x00,0x60,0x00,
  0x60,0x00,0x60,0x00,0x60,0x00,0x7f,0x00,0x7f,0x00,0x60,0x00,0x60,0x00,0x60,0x00,0x60,0x00,0x60,0x00,0x0f,0x80,0x1f,0xc0,
  0x30,0x60,0x30,0x30,0x60,0x00,0x60,0x00,0x61,0xf0,0x61,0xf0,0x60,0x30,0x30,0x30,0x30,0x60,0x1f,0xc0,0x0f,0x80,0x60,0x60,
  0x60,0x60,0x60,0x60,0x60,0x60,0x60,0x60,0x7f,0xe0,0x7f,0xe0,0x60,0x60,0x60,0x60,0x60,0x60,0x60,0x60,0x60,0x60,0x60,0x60,
  0x60,0x60,0x60,0x60,0x60,0x60,0x60,0x60,0x60,0x60,0x60,0x60,0x60,0x01,0x80,0x01,0x80,0x01,0x80,0x01,0x80,0x01,0x80,0x01,
  0x80,0x01,0x80,0x01,0x80,0x61,0x80,0x61,0x80,0x61,0x80,0x3f,0x00,0x1e,0x00,0x60,0xc0,0x61,0x80,0x63,0x80,0x67,0x00,0x66,
  0x00,0x6c,0x00,0x7c,0x00,0x76,0x00,0x63,0x00,0x63,0x00,0x61,0x80,0x60,0xc0,0x60,0xc0,0x60,0x00,0x60,0x00,0x60,0x00,0x60,
  0x00,0x60,0x00,0x60,0x00,0x60,0x00,0x60,0x00,0x60,0x00,0x60,0x00,0x60,0x00,0x7f,0x00,0x7f,0x80,0x70,0x1c,0x70,0x1c,0x78,
  0x3c,0x78,0x3c,0x68,0x6c,0x6c,0x6c,0x6c,0x6c,0x66,0xcc,0x66,0xcc,0x66,0xcc,0x63,0x8c,0x63,0x8c,0x63,0x0c,0x60,0x60,0x70,
  0x60,0x78,0x60,0x78,0x60,0x6c,0x60,0x6c,0x60,0x66,0x60,0x63,0x60,0x63,0x60,0x61,0xe0,0x61,0xe0,0x60,0xe0,0x60,0x60,0x0f,
  0x80,0x1f,0xc0,0x30,0x60,0x30,0x60,0x60,0x30,0x60,0x30,0x60,0x30,0x60,0x30,0x60,0x30,0x30,0x60,0x30,0x60,0x1f,0xc0,0x0f,
  0x80,0x7f,0x00,0x7f,0x80,0x61,0x80,0x60,0xc0,0x60,0xc0,0x60,0xc0,0x61,0x80,0x7f,0x80,0x7e,0x00,0x60,0x00,0x60,0x00,0x60,
  0x00,0x60,0x00,0x0f,0x80,0x1f,0xc0,0x30,0x60,0x30,0x60,0x60,0x30,0x60,0x30,0x60,0x30,0x60,0x30,0x60,0x30,0x31,0x60,0x39,
  0xe0,0x1f,0xc0,0x0f,0xe0,0x00,0x60,0x7f,0x00,0x7f,0x80,0x61,0xc0,0x60,0xc0,0x60,0xc0,0x60,0xc0,0x7f,0x80,0x7f,0x00,0x63,
  0x00,0x63,0x80,0x61,0x80,0x61,0xc0,0x60,0xc0,0x1f,0x00,0x3f,0x80,0x61,0xc0,0x60,0x00,0x60,0x00,0x38,0x00,0x1f,0x00,0x03,
  0x80,0x00,0xc0,0x40,0xc0,0x61,0xc0,0x7f,0x80,0x1f,0x00,0x7f,0xe0,0x7f,0xe0,0x06,0x00,0x06,0x00,0x06,0x00,0x06,0x00,0x06,
  0x00,0x06,0x00,0x06,0x00,0x06,0x00,0x06,0x00,0x06,0x00,0x06,0x00,0x60,0x60,0x60,0x60,0x60,0x60,0x60,0x60,0x60,0x60,0x60,
  0x60,0x60,0x60,0x60,0x60,0x60,0x60,0x60,0x60,0x30,0xc0,0x3f,0xc0,0x0f,0x00,0x60,0x60,0x60,0x60,0x60,0x60,0x30,0xc0,0x30,
  0xc0,0x30,0xc0,0x19,0x80,0x19,0x80,0x19,0x80,0x0d,0x00,0x0f,0x00,0x0f,0x00,0x06,0x00,0x61,0xc1,0x00,0x61,0xc3,0x00,0x61,
  0xc3,0x00,0x61,0xc3,0x00,0x23,0x62,0x00,0x33,0x66,0x00,0x33,0x66,0x00,0x32,0x26,0x00,0x16,0x34,0x00,0x1e,0x3c,0x00,0x1e,
  0x3c,0x00,0x1c,0x1c,0x00,0x0c,0x18,0x00,0x60,0x60,0x30,0xc0,0x39,0xc0,0x19,0x80,0x0f,0x00,0x0f,0x00,0x06,0x00,0x0f,0x00,
  0x1f,0x80,0x19,0x80,0x30,0xc0,0x70,0xc0,0x60,0x60,0x60,0x60,0x60,0xe0,0x30,0xc0,0x39,0x80,0x19,0x80,0x0f,0x00,0x0f,0x00,
  0x06,0x00,0x06,0x00,0x06,0x00,0x06,0x00,0x06,0x00,0x06,0x00,0x7f,0xc0,0x7f,0xc0,0x01,0x80,0x03,0x80,0x03,0x00,0x06,0x00,
  0x0e,0x00,0x0c,0x00,0x18,0x00,0x38,0x00,0x30,0x00,0x7f,0xc0,0x7f,0xc0,0x38,0x3c,0x30,0x30,0x30,0x30,0x30,0x30,0x30,0x30,
  0x30,0x30,0x30,0x30,0x30,0x38,0x3c,0xc0,0x40,0x60,0x60,0x60,0x20,0x30,0x30,0x30,0x10,0x18,0x18,0x18,0x08,0x0c,0x0c,0x78,
  0x78,0x18,0x18,0x18,0x18,0x18,0x18,0x18,0x18,0x18,0x18,0x18,0x18,0x18,0x78,0x78,0x00,0x18,0x3c,0x24,0x66,0x42,0x00,0x00,
  0x00,0x00,0x00,0x00,0x00,0xff,0xff,0x20,0x30,0x10,0x00,0x00,0x00,0x00,0x00,0x00,0x00,0x00,0x00,0x00,0x00,0x1e,0x00,0x3f,
  0x00,0x21,0x80,0x01,0x80,0x1f,0x80,0x39,0x80,0x61,0x80,0x61,0x80,0x7f,0x80,0x3d,0x80,0x60,0x00,0x60,0x00,0x60,0x00,0x6f,
  0x00,0x7f,0x80,0x71,0x80,0x60,0xc0,0x60,0xc0,0x60,0xc0,0x60,0xc0,0x71,0x80,0x7f,0x80,0x6f,0x00,0x1e,0x00,0x3f,0x00,0x31,
  0x80,0x60,0x00,0x60,0x00,0x60,0x00,0x60,0x00,0x31,0x80,0x3f,0x00,0x1e,0x00,0x00,0xc0,0x00,0xc0,0x00,0xc0,0x1e,0xc0,0x3f,
  0xc0,0x71,0xc0,0x60,0xc0,0x60,0xc0,0x60,0xc0,0x60,0xc0,0x71,0xc0,0x3f,0xc0,0x1e,0xc0,0x1e,0x00,0x3f,0x00,0x21,0x80,0x60,
  0x80,0x7f,0x80,0x7f,0x80,0x60,0x00,0x21,0x80,0x3f,0x80,0x1f,0x00,0x00,0x0e,0x18,0x18,0x7e,0x7e,0x18,0x18,0x18,0x18,0x18,
  0x18,0x18,0x18,0x1e,0xc0,0x3f,0xc0,0x31,0xc0,0x60,0xc0,0x60,0xc0,0x60,0xc0,0x60,0xc0,0x71,0xc0,0x3f,0xc0,0x1e,0xc0,0x00,
  0xc0,0x20,0xc0,0x3f,0x80,0x1f,0x00,0x60,0x00,0x60,0x00,0x60,0x00,0x6e,0x00,0x7f,0x00,0x61,0x80,0x61,0x80,0x61,0x80,0x61,
  0x80,0x61,0x80,0x61,0x80,0x61,0x80,0x61,0x80,0x00,0x60,0x00,0x00,0x60,0x60,0x60,0x60,0x60,0x60,0x60,0x60,0x60,0x60,0x00,
  0x30,0x00,0x00,0x30,0x30,0x30,0x30,0x30,0x30,0x30,0x30,0x30,0x30,0x30,0x30,0x60,0x60,0x60,0x00,0x60,0x00,0x60,0x00,0x63,
  0x00,0x67,0x00,0x6e,0x00,0x6c,0x00,0x78,0x00,0x7c,0x00,0x6e,0x00,0x66,0x00,0x63,0x00,0x61,0x80,0x60,0x60,0x60,0x60,0x60,
  0x60,0x60,0x60,0x60,0x60,0x60,0x60,0x60,0x6e,0x70,0x7f,0xf8,0x63,0x18,0x63,0x18,0x63,0x18,0x63,0x18,0x63,0x18,0x63,0x18,
  0x63,0x18,0x63,0x18,0x6e,0x00,0x7f,0x00,0x61,0x80,0x61,0x80,0x61,0x80,0x61,0x80,0x61,0x80,0x61,0x80,0x61,0x80,0x61,0x80,
  0x1e,0x00,0x3f,0x80,0x31,0x80,0x60,0xc0,0x60,0xc0,0x60,0xc0,0x60,0xc0,0x31,0x80,0x3f,0x80,0x1e,0x00,0x6f,0x00,0x7f,0x80,
  0x71,0x80,0x60,0xc0,0x60,0xc0,0x60,0xc0,0x60,0xc0,0x71,0x80,0x7f,0x80,0x6f,0x00,0x60,0x00,0x60,0x00,0x60,0x00,0x60,0x00,
  0x1e,0xc0,0x3f,0xc0,0x71,0xc0,0x60,0xc0,0x60,0xc0,0x60,0xc0,0x60,0xc0,0x71,0xc0,0x3f,0xc0,0x1e,0xc0,0x00,0xc0,0x00,0xc0,
  0x00,0xc0,0x00,0xc0,0x00,0x6c,0x7c,0x60,0x60,0x60,0x60,0x60,0x60,0x60,0x60,0x3c,0x00,0x7e,0x00,0x62,0x00,0x60,0x00,0x3c,
  0x00,0x1e,0x00,0x03,0x00,0x63,0x00,0x7f,0x00,0x3c,0x00,0x10,0x30,0x30,0x7c,0x7c,0x30,0x30,0x30,0x30,0x30,0x30,0x3c,0x1c,
  0x61,0x80,0x61,0x80,0x61,0x80,0x61,0x80,0x61,0x80,0x61,0x80,0x61,0x80,0x61,0x80,0x3f,0x80,0x3d,0x80,0x61,0x80,0x61,0x80,
  0x61,0x00,0x23,0x00,0x33,0x00,0x32,0x00,0x16,0x00,0x1e,0x00,0x1c,0x00,0x0c,0x00,0x63,0x08,0x63,0x18,0x63,0x98,0x67,0x98,
  0x36,0x90,0x34,0xb0,0x34,0xf0,0x1c,0xf0,0x18,0x60,0x18,0x60,0x61,0x80,0x33,0x00,0x36,0x00,0x1e,0x00,0x1c,0x00,0x1c,0x00,
  0x1e,0x00,0x32,0x00,0x63,0x00,0x61,0x80,0x61,0x80,0x61,0x80,0x61,0x80,0x23,0x00,0x33,0x00,0x32,0x00,0x16,0x00,0x1e,0x00,
  0x1c,0x00,0x0c,0x00,0x0c,0x00,0x18,0x00,0x38,0x00,0x70,0x00,0x7f,0x00,0x7f,0x00,0x06,0x00,0x06,0x00,0x0c,0x00,0x18,0x00,
  0x18,0x00,0x30,0x00,0x7f,0x00,0x7f,0x00,0x00,0x0e,0x18,0x18,0x18,0x18,0x18,0x18,0x70,0x70,0x18,0x18,0x18,0x18,0x18,0x1c,
  0x0c,0x20,0x30,0x30,0x30,0x30,0x30,0x30,0x30,0x30,0x30,0x30,0x30,0x30,0x30,0x30,0x30,0x30,0x30,0x30,0x30,0x30,0x30,0x00,
  0x70,0x38,0x18,0x18,0x18,0x18,0x18,0x0e,0x0c,0x18,0x18,0x18,0x18,0x18,0x70,0x60,0x10,0x00,0x3c,0xc0,0x67,0xc0,0x63,0x80,
  0x00,0x00,0x00,0x00,0x00,0x00,0x3c,0x7e,0x66,0x66,0x7e,0x3c,0x00,0x00,0x00,0x00,0x00,0x00,0x00,0x40,0x60,0x60,0x00,0x00,
  0x00,0x00,0x00,0x00,0x00,0x30,0x80,0x39,0x80,0x1f,0x00,0x0e,0x00,0x0e,0x00,0x1b,0x00,0x31,0x80,0x20,0x80,0x00,0x00,0x06,
  0x00,0x06,0x00,0x04,0x00,0x00,0x00,0x1e,0x00,0x3f,0x00,0x21,0x80,0x60,0x80,0x7f,0x80,0x7f,0x80,0x60,0x00,0x21,0x80,0x3f,
  0x80,0x1f,0x00,0xff,0x80,0xff,0x80,0x00,0x00,0x00,0x00,0x00,0x00,0x00,0x00,0x00,0x00,0xff,0xff,0x80,0xff,0xff,0x80,0x00,
  0x00,0x00,0x00,0x00,0x00,0x00,0x00,0x00,0x00,0x00,0x00,0x00,0x00,0x00,0x10,0x30,0x30,0x30,0x60,0x00,0x00,0x00,0x00,0x00,
  0x00,0x00,0x00,0x30,0x30,0x20,0x20,0x60,0x00,0x00,0x00,0x00,0x00,0x00,0x00,0x00,0x12,0x32,0x36,0x36,0x66,0x00,0x00,0x00,
  0x00,0x00,0x00,0x00,0x00,0x36,0x36,0x26,0x24,0x64,0x00,0x00,0x00,0x00,0x00,0x00,0x00,0x00,0x1c,0x00,0x3e,0x00,0x3e,0x00,
  0x3e,0x00,0x3e,0x00,0x1c,0x00,0x00,0x00,0x00,0x00,0x42,0x10,0x63,0x18,0x63,0x18,0x1f,0x00,0x3f,0x00,0x3f,0x00,0x33,0x00,
  0x37,0x00,0x37,0x00,0x33,0x00,0x3f,0x00,0x37,0x00,0x3f,0x00,0x33,0x00,0x33,0x00,0x3f,0x00,0x33,0x00,0x37,0x00,0x3f,0x00,
  0x33,0x00,0x33,0x00,0x3f,0x00,0x00,0x00,0x1f,0x00,0x3f,0x00,0x3f,0x00,0x33,0x00,0x37,0x00,0x37,0x00,0x33,0x00,0x3f,0x00,
  0x37,0x00,0x3f,0x00,0x33,0x00,0x33,0x00,0x3f,0x00,0x33,0x00,0x37,0x00,0x3f,0x00,0x33,0x00,0x33,0x00,0x3f,0x00,0x00,0x00,
  0x3f,0xc0,0x3f,0xc0,0x00,0x00,0x00,0x00,0x00,0x00,0x00,0x00
};

static const Glyph F_UI_S_glyphs[] = {
  {0x0020,0,5,0,5,0,0},
  {0x0021,0,5,13,5,0,-13},
  {0x0022,13,8,13,8,0,-13},
  {0x0023,26,11,13,11,0,-13},
  {0x0024,52,11,17,11,0,-15},
  {0x0025,86,17,13,17,0,-13},
  {0x0026,125,12,13,11,0,-13},
  {0x0027,151,5,13,5,0,-13},
  {0x0028,164,6,16,6,0,-14},
  {0x0029,180,6,16,6,0,-14},
  {0x002a,196,9,13,9,0,-13},
  {0x002b,222,11,10,11,0,-10},
  {0x002c,242,5,5,5,0,-1},
  {0x002d,247,8,7,8,0,-7},
  {0x002e,254,5,3,5,0,-3},
  {0x002f,257,6,16,6,0,-14},
  {0x0030,273,11,13,11,0,-13},
  {0x0031,299,7,13,7,0,-13},
  {0x0032,312,10,13,10,0,-13},
  {0x0033,338,11,13,11,0,-13},
  {0x0034,364,11,13,11,0,-13},
  {0x0035,390,10,13,10,0,-13},
  {0x0036,416,11,13,11,0,-13},
  {0x0037,442,10,13,10,0,-13},
  {0x0038,468,11,13,11,0,-13},
  {0x0039,494,11,13,11,0,-13},
  {0x003a,520,5,10,5,0,-10},
  {0x003b,530,5,13,5,0,-9},
  {0x003c,543,11,11,11,0,-11},
  {0x003d,565,11,8,11,0,-8},
  {0x003e,581,11,11,11,0,-11},
  {0x003f,603,9,13,9,0,-13},
  {0x0040,629,17,17,17,0,-13},
  {0x0041,680,12,13,12,0,-13},
  {0x0042,706,11,13,11,0,-13},
  {0x0043,732,12,13,12,0,-13},
  {0x0044,758,12,13,12,0,-13},
  {0x0045,784,10,13,10,0,-13},
  {0x0046,810,10,13,10,0,-13},
  {0x0047,836,13,13,13,0,-13},
  {0x0048,862,13,13,13,0,-13},
  {0x0049,888,5,13,5,0,-13},
  {0x004a,901,10,13,10,0,-13},
  {0x004b,927,12,13,12,0,-13},
  {0x004c,953,10,13,10,0,-13},
  {0x004d,979,16,13,16,0,-13},
  {0x004e,1005,13,13,13,0,-13},
  {0x004f,1031,13,13,13,0,-13},
  {0x0050,1057,11,13,11,0,-13},
  {0x0051,1083,13,14,13,0,-13},
  {0x0052,1111,11,13,11,0,-13},
  {0x0053,1137,11,13,11,0,-13},
  {0x0054,1163,11,13,11,0,-13},
  {0x0055,1189,13,13,13,0,-13},
  {0x0056,1215,12,13,12,0,-13},
  {0x0057,1241,17,13,17,0,-13},
  {0x0058,1280,12,13,12,0,-13},
  {0x0059,1306,12,13,12,0,-13},
  {0x005a,1332,11,13,11,0,-13},
  {0x005b,1358,6,17,6,0,-15},
  {0x005c,1375,6,16,6,0,-14},
  {0x005d,1391,6,17,6,0,-15},
  {0x005e,1408,8,13,8,0,-13},
  {0x005f,1421,8,2,8,0,0},
  {0x0060,1423,6,14,6,0,-14},
  {0x0061,1437,10,10,10,0,-10},
  {0x0062,1457,11,13,11,0,-13},
  {0x0063,1483,10,10,10,0,-10},
  {0x0064,1503,11,13,11,0,-13},
  {0x0065,1529,10,10,10,0,-10},
  {0x0066,1549,8,14,6,0,-14},
  {0x0067,1563,11,14,11,0,-10},
  {0x0068,1591,10,13,10,0,-13},
  {0x0069,1617,4,14,4,0,-14},
  {0x006a,1631,5,18,4,-1,-14},
  {0x006b,1649,10,13,10,0,-13},
  {0x006c,1675,4,13,4,0,-13},
  {0x006d,1688,15,10,15,0,-10},
  {0x006e,1708,10,10,10,0,-10},
  {0x006f,1728,10,10,10,0,-10},
  {0x0070,1748,11,14,11,0,-10},
  {0x0071,1776,11,14,11,0,-10},
  {0x0072,1804,7,11,7,0,-11},
  {0x0073,1815,9,10,9,0,-10},
  {0x0074,1835,7,13,6,0,-13},
  {0x0075,1848,10,10,10,0,-10},
  {0x0076,1868,10,10,10,0,-10},
  {0x0077,1888,14,10,14,0,-10},
  {0x0078,1908,9,10,9,0,-10},
  {0x0079,1928,10,14,10,0,-10},
  {0x007a,1956,10,10,10,0,-10},
  {0x007b,1976,7,17,7,0,-14},
  {0x007c,1993,6,22,6,0,-18},
  {0x007d,2015,7,17,7,0,-14},
  {0x007e,2032,11,7,11,0,-7},
  {0x00b0,2046,8,13,8,0,-13},
  {0x00b7,2059,5,8,5,0,-8},
  {0x00d7,2067,11,10,11,0,-10},
  {0x00e9,2087,10,14,10,0,-14},
  {0x2013,2115,9,7,8,0,-7},
  {0x2014,2129,17,7,17,0,-7},
  {0x2018,2150,5,13,5,0,-13},
  {0x2019,2163,5,13,5,0,-13},
  {0x201c,2176,8,13,8,0,-13},
  {0x201d,2189,8,13,8,0,-13},
  {0x2022,2202,9,8,9,0,-8},
  {0x2026,2218,15,3,15,0,-3},
  {0x2190,2224,11,20,11,0,-16},
  {0x2192,2264,11,20,11,0,-16},
  {0x2212,2304,11,6,11,0,-6}
};
const Font F_UI_S = {F_UI_S_bits, F_UI_S_glyphs, 110, 17, 5, 22};

static const uint8_t F_UI_bits[] = {
  0x18,0x18,0x18,0x18,0x18,0x18,0x18,0x18,0x18,0x18,0x18,0x00,0x00,0x38,0x38,0x38,0x33,0x00,0x33,0x00,0x33,0x00,0x33,0x00,
  0x33,0x00,0x33,0x00,0x00,0x00,0x00,0x00,0x00,0x00,0x00,0x00,0x00,0x00,0x00,0x00,0x00,0x00,0x00,0x00,0x00,0x00,0x00,0x00,
  0x0c,0x20,0x0c,0x60,0x0c,0x60,0x0c,0x60,0x7f,0xf8,0x7f,0xf8,0x18,0x60,0x18,0x40,0x18,0xc0,0x18,0xc0,0x7f,0xf0,0xff,0xf0,
  0x30,0xc0,0x30,0x80,0x31,0x80,0x31,0x80,0x01,0x00,0x01,0x00,0x07,0xc0,0x1f,0xf0,0x19,0x78,0x31,0x38,0x31,0x00,0x39,0x00,
  0x1f,0x00,0x0f,0xc0,0x03,0xf0,0x01,0x70,0x01,0x38,0x31,0x18,0x31,0x38,0x39,0x70,0x1f,0xf0,0x0f,0xc0,0x01,0x00,0x01,0x00,
  0x1e,0x03,0x00,0x3f,0x03,0x00,0x33,0x06,0x00,0x33,0x04,0x00,0x33,0x0c,0x00,0x3f,0x18,0x00,0x1e,0x10,0x00,0x00,0x20,0x00,
  0x00,0x61,0x00,0x00,0x47,0xc0,0x00,0x8e,0x60,0x01,0x8c,0x60,0x01,0x0c,0x60,0x02,0x0e,0x60,0x06,0x07,0xe0,0x04,0x03,0xc0,
  0x0f,0x00,0x1f,0x80,0x39,0xc0,0x30,0xc0,0x31,0xc0,0x39,0x80,0x1f,0x80,0x0e,0x00,0x1e,0x00,0x3b,0x18,0x73,0xb8,0x61,0xf8,
  0x60,0xf0,0x70,0xf0,0x3f,0xf8,0x1f,0x18,0x30,0x30,0x30,0x30,0x30,0x30,0x00,0x00,0x00,0x00,0x00,0x00,0x00,0x00,0x00,0x00,
  0x0e,0x0c,0x1c,0x18,0x18,0x18,0x38,0x38,0x30,0x30,0x30,0x30,0x30,0x38,0x38,0x18,0x18,0x1c,0x0c,0x0e,0x60,0x60,0x70,0x30,
  0x30,0x38,0x18,0x18,0x18,0x18,0x18,0x18,0x18,0x18,0x38,0x38,0x30,0x30,0x60,0x60,0x06,0x00,0x06,0x00,0x36,0xc0,0x1f,0x80,
  0x0f,0x00,0x1f,0x80,0x36,0xc0,0x06,0x00,0x06,0x00,0x00,0x00,0x00,0x00,0x00,0x00,0x00,0x00,0x00,0x00,0x00,0x00,0x00,0x00,
  0x03,0x00,0x03,0x00,0x03,0x00,0x03,0x00,0x3f,0xf0,0x3f,0xf0,0x03,0x00,0x03,0x00,0x03,0x00,0x03,0x00,0x00,0x00,0x00,0x00,
  0x30,0x30,0x30,0x30,0x20,0x60,0x7f,0x00,0x7f,0x00,0x00,0x00,0x00,0x00,0x00,0x00,0x00,0x00,0x00,0x00,0x00,0x00,0x38,0x38,
  0x38,0x06,0x06,0x06,0x0c,0x0c,0x0c,0x0c,0x18,0x18,0x18,0x18,0x30,0x30,0x30,0x30,0x60,0x60,0x60,0x60,0x0f,0x80,0x1f,0xc0,
  0x38,0xe0,0x30,0x70,0x70,0x70,0x70,0x30,0x60,0x30,0x60,0x30,0x60,0x30,0x60,0x30,0x70,0x30,0x70,0x30,0x30,0x70,0x38,0xe0,
  0x1f,0xc0,0x0f,0x80,0x1c,0x00,0x3c,0x00,0x7c,0x00,0xcc,0x00,0x0c,0x00,0x0c,0x00,0x0c,0x00,0x0c,0x00,0x0c,0x00,0x0c,0x00,
  0x0c,0x00,0x0c,0x00,0x0c,0x00,0x0c,0x00,0x0c,0x00,0x0c,0x00,0x0f,0x00,0x3f,0xc0,0x30,0xc0,0x70,0xe0,0x60,0x60,0x00,0x60,
  0x00,0xe0,0x01,0xc0,0x01,0x80,0x03,0x00,0x07,0x00,0x0e,0x00,0x1c,0x00,0x38,0x00,0x7f,0xe0,0x7f,0xe0,0x07,0x80,0x1f,0xe0,
  0x38,0x70,0x30,0x30,0x00,0x30,0x00,0x70,0x00,0x60,0x03,0xc0,0x03,0xe0,0x00,0x70,0x00,0x30,0x00,0x30,0x30,0x30,0x38,0x70,
  0x1f,0xe0,0x0f,0x80,0x01,0xc0,0x01,0xc0,0x03,0xc0,0x07,0xc0,0x06,0xc0,0x0c,0xc0,0x0c,0xc0,0x18,0xc0,0x38,0xc0,0x30,0xc0,
  0x70,0xc0,0x7f,0xf0,0x7f,0xf0,0x00,0xc0,0x00,0xc0,0x00,0xc0,0x3f,0xe0,0x3f,0xe0,0x30,0x00,0x30,0x00,0x30,0x00,0x77,0x00,
  0x7f,0xc0,0x31,0xe0,0x00,0xe0,0x00,0x60,0x00,0x60,0x00,0x60,0x70,0xe0,0x30,0xc0,0x3f,0xc0,0x0f,0x00,0x07,0x80,0x1f,0xe0,
  0x38,0x60,0x30,0x70,0x30,0x00,0x67,0x80,0x6f,0xc0,0x78,0xe0,0x70,0x70,0x70,0x30,0x70,0x30,0x70,0x30,0x30,0x70,0x38,0xe0,
  0x1f,0xc0,0x0f,0x80,0x7f,0xe0,0x7f,0xe0,0x00,0xe0,0x00,0xc0,0x01,0xc0,0x01,0x80,0x03,0x80,0x03,0x00,0x03,0x00,0x06,0x00,
  0x06,0x00,0x0e,0x00,0x0c,0x00,0x1c,0x00,0x18,0x00,0x38,0x00,0x0f,0x80,0x1f,0xc0,0x38,0xe0,0x30,0x60,0x30,0x60,0x30,0x60,
  0x38,0xe0,0x0f,0x80,0x1f,0xc0,0x38,0xe0,0x70,0x70,0x60,0x30,0x70,0x70,0x70,0x70,0x3f,0xe0,0x0f,0x80,0x0f,0x80,0x1f,0xc0,
  0x38,0xe0,0x70,0x60,0x60,0x70,0x60,0x70,0x70,0x70,0x38,0xf0,0x3f,0xb0,0x0f,0x30,0x00,0x70,0x20,0x60,0x70,0x60,0x38,0xe0,
  0x1f,0xc0,0x0f,0x00,0x38,0x38,0x38,0x00,0x00,0x00,0x00,0x00,0x38,0x38,0x38,0x38,0x38,0x38,0x00,0x00,0x00,0x00,0x00,0x00,
  0x38,0x30,0x30,0x30,0x20,0x60,0x00,0x00,0x00,0x10,0x00,0x70,0x01,0xf0,0x07,0x80,0x1e,0x00,0x38,0x00,0x3c,0x00,0x0f,0x00,
  0x03,0xc0,0x00,0xf0,0x00,0x30,0x00,0x00,0x3f,0xf0,0x3f,0xf0,0x00,0x00,0x00,0x00,0x00,0x00,0x3f,0xf0,0x3f,0xf0,0x00,0x00,
  0x00,0x00,0x00,0x00,0x00,0x00,0x20,0x00,0x38,0x00,0x3e,0x00,0x07,0x80,0x01,0xe0,0x00,0x70,0x00,0xf0,0x03,0xc0,0x0f,0x00,
  0x3c,0x00,0x30,0x00,0x00,0x00,0x1f,0x00,0x3f,0x80,0x71,0xc0,0x60,0xc0,0x00,0xc0,0x00,0xc0,0x01,0xc0,0x07,0x80,0x0e,0x00,
  0x0e,0x00,0x0c,0x00,0x00,0x00,0x00,0x00,0x0e,0x00,0x0e,0x00,0x0e,0x00,0x01,0xf8,0x00,0x07,0xfe,0x00,0x0e,0x07,0x80,0x1c,
  0x01,0xc0,0x38,0x00,0xc0,0x31,0xec,0xe0,0x73,0xfc,0x60,0x77,0x1c,0x60,0x66,0x1c,0x60,0x66,0x0c,0x60,0x66,0x0c,0x60,0x66,
  0x0c,0x60,0x76,0x1c,0x60,0x77,0x1c,0xe0,0x33,0xff,0xc0,0x39,0xe7,0x80,0x1c,0x00,0x00,0x0f,0x00,0x00,0x07,0xfe,0x00,0x01,
  0xfc,0x00,0x03,0x80,0x07,0x80,0x07,0xc0,0x06,0xc0,0x0e,0xc0,0x0c,0xe0,0x0c,0x60,0x1c,0x60,0x1c,0x70,0x18,0x30,0x3f,0xf0,
  0x3f,0xf8,0x30,0x18,0x70,0x18,0x70,0x1c,0x60,0x0c,0x3f,0xc0,0x3f,0xe0,0x30,0x70,0x30,0x30,0x30,0x30,0x30,0x30,0x30,0x70,
  0x3f,0xc0,0x3f,0xe0,0x30,0x30,0x30,0x38,0x30,0x18,0x30,0x18,0x30,0x38,0x3f,0xf0,0x3f,0xe0,0x07,0xc0,0x0f,0xf0,0x1c,0x38,
  0x38,0x1c,0x30,0x0c,0x70,0x00,0x60,0x00,0x60,0x00,0x60,0x00,0x60,0x00,0x70,0x00,0x30,0x0c,0x38,0x1c,0x1c,0x38,0x0f,0xf0,
  0x07,0xc0,0x3f,0xc0,0x3f,0xf0,0x30,0x78,0x30,0x18,0x30,0x1c,0x30,0x0c,0x30,0x0c,0x30,0x0c,0x30,0x0c,0x30,0x0c,0x30,0x0c,
  0x30,0x1c,0x30,0x18,0x30,0x78,0x3f,0xf0,0x3f,0xc0,0x3f,0xf0,0x3f,0xe0,0x30,0x00,0x30,0x00,0x30,0x00,0x30,0x00,0x30,0x00,
  0x3f,0xe0,0x3f,0xe0,0x30,0x00,0x30,0x00,0x30,0x00,0x30,0x00,0x30,0x00,0x3f,0xe0,0x3f,0xf0,0x3f,0xf0,0x3f,0xe0,0x30,0x00,
  0x30,0x00,0x30,0x00,0x30,0x00,0x30,0x00,0x3f,0xe0,0x3f,0xe0,0x30,0x00,0x30,0x00,0x30,0x00,0x30,0x00,0x30,0x00,0x30,0x00,
  0x30,0x00,0x07,0xc0,0x0f,0xf0,0x1c,0x38,0x38,0x1c,0x30,0x1c,0x70,0x00,0x60,0x00,0x60,0x00,0x60,0xfc,0x60,0xfc,0x70,0x0c,
  0x30,0x0c,0x38,0x1c,0x1c,0x38,0x0f,0xf0,0x07,0xe0,0x30,0x0c,0x30,0x0c,0x30,0x0c,0x30,0x0c,0x30,0x0c,0x30,0x0c,0x30,0x0c,
  0x3f,0xfc,0x3f,0xfc,0x30,0x0c,0x30,0x0c,0x30,0x0c,0x30,0x0c,0x30,0x0c,0x30,0x0c,0x30,0x0c,0x30,0x30,0x30,0x30,0x30,0x30,
  0x30,0x30,0x30,0x30,0x30,0x30,0x30,0x30,0x30,0x30,0x00,0xc0,0x00,0xc0,0x00,0xc0,0x00,0xc0,0x00,0xc0,0x00,0xc0,0x00,0xc0,
  0x00,0xc0,0x00,0xc0,0x00,0xc0,0x60,0xc0,0x60,0xc0,0x70,0xc0,0x71,0xc0,0x3f,0x80,0x1f,0x00,0x30,0x1c,0x30,0x38,0x30,0x70,
  0x30,0xe0,0x31,0xc0,0x33,0x80,0x33,0x00,0x37,0x00,0x3f,0x80,0x3d,0xc0,0x38,0xc0,0x30,0xe0,0x30,0x70,0x30,0x30,0x30,0x38,
  0x30,0x1c,0x30,0x00,0x30,0x00,0x30,0x00,0x30,0x00,0x30,0x00,0x30,0x00,0x30,0x00,0x30,0x00,0x30,0x00,0x30,0x00,0x30,0x00,
  0x30,0x00,0x30,0x00,0x30,0x00,0x3f,0xf0,0x3f,0xf0,0x3c,0x03,0xc0,0x3c,0x03,0xc0,0x3c,0x03,0xc0,0x3e,0x07,0xc0,0x36,0x06,
  0xc0,0x37,0x06,0xc0,0x33,0x0c,0xc0,0x33,0x0c,0xc0,0x33,0x9c,0xc0,0x31,0x98,0xc0,0x31,0x98,0xc0,0x31,0xf8,0xc0,0x30,0xf0,
  0xc0,0x30,0xf0,0xc0,0x30,0xf0,0xc0,0x30,0x60,0xc0,0x38,0x0c,0x3c,0x0c,0x3c,0x0c,0x3e,0x0c,0x36,0x0c,0x33,0x0c,0x33,0x0c,
  0x31,0x8c,0x31,0xcc,0x30,0xcc,0x30,0xec,0x30,0x6c,0x30,0x3c,0x30,0x3c,0x30,0x1c,0x30,0x1c,0x03,0xe0,0x0f,0xf0,0x1c,0x38,
  0x38,0x1c,0x30,0x0c,0x70,0x0e,0x60,0x06,0x60,0x06,0x60,0x06,0x60,0x06,0x70,0x0e,0x30,0x0c,0x38,0x1c,0x1c,0x38,0x0f,0xf0,
  0x07,0xe0,0x3f,0xc0,0x3f,0xf0,0x30,0x70,0x30,0x38,0x30,0x18,0x30,0x18,0x30,0x38,0x30,0x70,0x3f,0xf0,0x3f,0xc0,0x30,0x00,
  0x30,0x00,0x30,0x00,0x30,0x00,0x30,0x00,0x30,0x00,0x03,0xe0,0x0f,0xf0,0x1c,0x38,0x38,0x1c,0x30,0x0c,0x70,0x0e,0x60,0x06,
  0x60,0x06,0x60,0x06,0x60,0x06,0x70,0x0e,0x30,0xcc,0x38,0x7c,0x1e,0x78,0x0f,0xf8,0x03,0xf8,0x00,0x0c,0x3f,0xc0,0x3f,0xf0,
  0x30,0x70,0x30,0x38,0x30,0x18,0x30,0x18,0x30,0x38,0x30,0x70,0x3f,0xf0,0x3f,0xe0,0x30,0xe0,0x30,0x60,0x30,0x70,0x30,0x30,
  0x30,0x38,0x30,0x18,0x07,0xc0,0x1f,0xf0,0x18,0x78,0x30,0x38,0x30,0x00,0x38,0x00,0x1e,0x00,0x0f,0xc0,0x03,0xf0,0x00,0x70,
  0x00,0x38,0x20,0x18,0x30,0x38,0x38,0x70,0x1f,0xf0,0x0f,0xc0,0x7f,0xf8,0x7f,0xf8,0x03,0x00,0x03,0x00,0x03,0x00,0x03,0x00,
  0x03,0x00,0x03,0x00,0x03,0x00,0x03,0x00,0x03,0x00,0x03,0x00,0x03,0x00,0x03,0x00,0x03,0x00,0x03,0x00,0x30,0x0c,0x30,0x0c,
  0x30,0x0c,0x30,0x0c,0x30,0x0c,0x30,0x0c,0x30,0x0c,0x30,0x0c,0x30,0x0c,0x30,0x0c,0x30,0x0c,0x30,0x0c,0x38,0x1c,0x1c,0x38,
  0x0f,0xf0,0x07,0xe0,0x60,0x0c,0x70,0x1c,0x70,0x1c,0x30,0x18,0x38,0x38,0x38,0x30,0x18,0x30,0x1c,0x70,0x1c,0x60,0x0c,0x60,
  0x0e,0xe0,0x0e,0xc0,0x06,0xc0,0x07,0xc0,0x03,0x80,0x03,0x80,0x60,0x70,0x30,0x60,0x70,0x30,0x70,0x70,0x70,0x70,0xf8,0x70,
  0x30,0xd8,0x60,0x30,0xd8,0x60,0x38,0xd8,0xe0,0x39,0xdc,0xe0,0x19,0x8c,0xc0,0x19,0x8c,0xc0,0x19,0x8c,0xc0,0x1f,0x87,0xc0,
  0x0f,0x07,0x80,0x0f,0x07,0x80,0x0f,0x07,0x80,0x07,0x03,0x80,0x70,0x18,0x38,0x38,0x18,0x30,0x1c,0x70,0x0e,0xe0,0x06,0xc0,
  0x07,0xc0,0x03,0x80,0x03,0x80,0x07,0xc0,0x0e,0xe0,0x0c,0x60,0x1c,0x70,0x38,0x38,0x30,0x38,0x70,0x1c,0x60,0x1c,0x70,0x38,
  0x30,0x30,0x38,0x70,0x1c,0x60,0x0c,0xe0,0x0e,0xc0,0x07,0xc0,0x07,0x80,0x03,0x00,0x03,0x00,0x03,0x00,0x03,0x00,0x03,0x00,
  0x03,0x00,0x03,0x00,0x7f,0xf0,0x7f,0xf0,0x00,0x60,0x00,0xe0,0x01,0xc0,0x01,0x80,0x03,0x80,0x03,0x00,0x06,0x00,0x0e,0x00,
  0x0c,0x00,0x1c,0x00,0x38,0x00,0x30,0x00,0x7f,0xf0,0x7f,0xf0,0x3c,0x3e,0x30,0x30,0x30,0x30,0x30,0x30,0x30,0x30,0x30,0x30,
  0x30,0x30,0x30,0x30,0x30,0x30,0x3c,0x3e,0x60,0x60,0x60,0x60,0x30,0x30,0x30,0x30,0x18,0x18,0x18,0x18,0x0c,0x0c,0x0c,0x0c,
  0x06,0x06,0x06,0x78,0x78,0x18,0x18,0x18,0x18,0x18,0x18,0x18,0x18,0x18,0x18,0x18,0x18,0x18,0x18,0x18,0x18,0x78,0x78,0x0c,
  0x00,0x1e,0x00,0x1e,0x00,0x33,0x00,0x33,0x00,0x21,0x00,0x61,0x80,0x00,0x00,0x00,0x00,0x00,0x00,0x00,0x00,0x00,0x00,0x00,
  0x00,0x00,0x00,0x00,0x00,0x00,0x00,0xff,0xc0,0xff,0xc0,0x30,0x18,0x18,0x00,0x00,0x00,0x00,0x00,0x00,0x00,0x00,0x00,0x00,
  0x00,0x00,0x00,0x0f,0x00,0x3f,0x80,0x31,0xc0,0x00,0xc0,0x00,0xc0,0x1f,0xc0,0x3e,0xc0,0x70,0xc0,0x60,0xc0,0x71,0xc0,0x3f,
  0xc0,0x1c,0xc0,0x30,0x00,0x30,0x00,0x30,0x00,0x30,0x00,0x33,0xc0,0x3f,0xe0,0x3c,0x70,0x38,0x70,0x30,0x30,0x30,0x30,0x30,
  0x30,0x30,0x30,0x38,0x70,0x3c,0x60,0x37,0xe0,0x33,0xc0,0x0f,0x80,0x1f,0xc0,0x38,0xe0,0x70,0x60,0x60,0x00,0x60,0x00,0x60,
  0x00,0x60,0x00,0x70,0x60,0x38,0xe0,0x1f,0xc0,0x0f,0x80,0x00,0x60,0x00,0x60,0x00,0x60,0x00,0x60,0x0f,0x60,0x3f,0xe0,0x38,
  0xe0,0x70,0xe0,0x60,0x60,0x60,0x60,0x60,0x60,0x60,0x60,0x70,0xe0,0x38,0xe0,0x3f,0x60,0x0e,0x60,0x0f,0x80,0x1f,0xc0,0x38,
  0xe0,0x70,0x60,0x60,0x60,0x7f,0xe0,0x7f,0xe0,0x60,0x00,0x70,0x00,0x38,0xe0,0x1f,0xc0,0x0f,0x80,0x00,0x00,0x0f,0x00,0x1f,
  0x00,0x18,0x00,0x18,0x00,0x7f,0x00,0x7f,0x00,0x18,0x00,0x18,0x00,0x18,0x00,0x18,0x00,0x18,0x00,0x18,0x00,0x18,0x00,0x18,
  0x00,0x18,0x00,0x18,0x00,0x0f,0x60,0x3f,0xe0,0x38,0xe0,0x70,0xe0,0x60,0x60,0x60,0x60,0x60,0x60,0x60,0x60,0x70,0x60,0x38,
  0xe0,0x3f,0x60,0x0f,0x60,0x00,0x60,0x30,0xe0,0x3f,0xc0,0x0f,0x80,0x30,0x00,0x30,0x00,0x30,0x00,0x30,0x00,0x33,0x80,0x3f,
  0xc0,0x38,0xe0,0x38,0x60,0x30,0x60,0x30,0x60,0x30,0x60,0x30,0x60,0x30,0x60,0x30,0x60,0x30,0x60,0x30,0x60,0x00,0x60,0x60,
  0x00,0x00,0x60,0x60,0x60,0x60,0x60,0x60,0x60,0x60,0x60,0x60,0x60,0x60,0x00,0x30,0x30,0x00,0x00,0x30,0x30,0x30,0x30,0x30,
  0x30,0x30,0x30,0x30,0x30,0x30,0x30,0x30,0x30,0x70,0x60,0x30,0x00,0x30,0x00,0x30,0x00,0x30,0x00,0x30,0x60,0x30,0xc0,0x31,
  0x80,0x33,0x80,0x37,0x00,0x3e,0x00,0x3f,0x00,0x3b,0x80,0x31,0x80,0x31,0xc0,0x30,0xe0,0x30,0x70,0x30,0x30,0x30,0x30,0x30,
  0x30,0x30,0x30,0x30,0x30,0x30,0x30,0x30,0x30,0x30,0x30,0x33,0x8f,0x00,0x3f,0xdf,0x80,0x38,0xf1,0x80,0x30,0x61,0xc0,0x30,
  0x61,0xc0,0x30,0x61,0xc0,0x30,0x61,0xc0,0x30,0x61,0xc0,0x30,0x61,0xc0,0x30,0x61,0xc0,0x30,0x61,0xc0,0x30,0x61,0xc0,0x33,
  0x80,0x3f,0xc0,0x38,0xe0,0x38,0x60,0x30,0x60,0x30,0x60,0x30,0x60,0x30,0x60,0x30,0x60,0x30,0x60,0x30,0x60,0x30,0x60,0x0f,
  0x80,0x1f,0xc0,0x38,0xe0,0x70,0x70,0x60,0x30,0x60,0x30,0x60,0x30,0x60,0x30,0x70,0x70,0x38,0xe0,0x1f,0xc0,0x0f,0x80,0x33,
  0xc0,0x37,0xe0,0x3c,0x70,0x38,0x70,0x30,0x30,0x30,0x30,0x30,0x30,0x30,0x30,0x38,0x70,0x3c,0x60,0x3f,0xe0,0x33,0xc0,0x30,
  0x00,0x30,0x00,0x30,0x00,0x30,0x00,0x0e,0x60,0x3f,0xe0,0x38,0xe0,0x70,0xe0,0x60,0x60,0x60,0x60,0x60,0x60,0x60,0x60,0x70,
  0xe0,0x38,0xe0,0x3f,0xe0,0x0e,0x60,0x00,0x60,0x00,0x60,0x00,0x60,0x00,0x60,0x00,0x33,0x3f,0x38,0x38,0x30,0x30,0x30,0x30,
  0x30,0x30,0x30,0x30,0x1f,0x00,0x3f,0x80,0x71,0xc0,0x60,0x00,0x70,0x00,0x3e,0x00,0x0f,0x80,0x01,0xc0,0x20,0xc0,0x71,0xc0,
  0x3f,0x80,0x1f,0x00,0x18,0x18,0x18,0x7e,0x7e,0x18,0x18,0x18,0x18,0x18,0x18,0x18,0x18,0x1e,0x0e,0x30,0x60,0x30,0x60,0x30,
  0x60,0x30,0x60,0x30,0x60,0x30,0x60,0x30,0x60,0x30,0x60,0x30,0x60,0x38,0xe0,0x1f,0xe0,0x0e,0x60,0x60,0x60,0x60,0x60,0x70,
  0xe0,0x30,0xc0,0x30,0xc0,0x39,0xc0,0x19,0x80,0x19,0x80,0x0f,0x80,0x0f,0x00,0x0f,0x00,0x06,0x00,0x61,0xc3,0x80,0x61,0xc3,
  0x00,0x71,0xc3,0x00,0x31,0xe3,0x00,0x33,0x67,0x00,0x33,0x66,0x00,0x3b,0x26,0x00,0x1b,0x36,0x00,0x1e,0x3c,0x00,0x1e,0x3c,
  0x00,0x0e,0x1c,0x00,0x0c,0x1c,0x00,0x70,0xe0,0x30,0xc0,0x39,0x80,0x1b,0x80,0x0f,0x00,0x0e,0x00,0x0f,0x00,0x1f,0x00,0x19,
  0x80,0x39,0xc0,0x30,0xc0,0x60,0xe0,0x60,0x60,0x60,0x60,0x70,0xe0,0x30,0xc0,0x30,0xc0,0x19,0xc0,0x19,0x80,0x19,0x80,0x0f,
  0x00,0x0f,0x00,0x0f,0x00,0x06,0x00,0x06,0x00,0x0c,0x00,0x3c,0x00,0x38,0x00,0x7f,0xc0,0x7f,0xc0,0x01,0x80,0x03,0x80,0x07,
  0x00,0x06,0x00,0x0e,0x00,0x1c,0x00,0x38,0x00,0x30,0x00,0x7f,0xc0,0x7f,0xc0,0x00,0x00,0x0f,0x00,0x1e,0x00,0x1c,0x00,0x18,
  0x00,0x18,0x00,0x18,0x00,0x18,0x00,0x38,0x00,0x70,0x00,0x70,0x00,0x38,0x00,0x18,0x00,0x18,0x00,0x18,0x00,0x18,0x00,0x18,
  0x00,0x1c,0x00,0x0e,0x00,0x06,0x00,0x18,0x18,0x18,0x18,0x18,0x18,0x18,0x18,0x18,0x18,0x18,0x18,0x18,0x18,0x18,0x18,0x18,
  0x18,0x18,0x18,0x18,0x18,0x18,0x18,0x18,0x18,0x00,0x00,0x78,0x00,0x3c,0x00,0x0c,0x00,0x0c,0x00,0x0c,0x00,0x0c,0x00,0x0c,
  0x00,0x0e,0x00,0x07,0x80,0x07,0x00,0x0e,0x00,0x0c,0x00,0x0c,0x00,0x0c,0x00,0x0c,0x00,0x0c,0x00,0x1c,0x00,0x3c,0x00,0x30,
  0x00,0x1e,0x18,0x3f,0x38,0x39,0xf8,0x30,0xf0,0x00,0x00,0x00,0x00,0x00,0x00,0x00,0x00,0x1c,0x00,0x3f,0x00,0x73,0x00,0x63,
  0x00,0x73,0x00,0x3f,0x00,0x1c,0x00,0x00,0x00,0x00,0x00,0x00,0x00,0x00,0x00,0x00,0x00,0x00,0x00,0x00,0x00,0x00,0x00,0x00,
  0x00,0x38,0x38,0x38,0x00,0x00,0x00,0x00,0x00,0x00,0x00,0x00,0x10,0x20,0x38,0x70,0x1c,0xe0,0x0f,0xc0,0x07,0x80,0x07,0x80,
  0x0f,0xc0,0x1c,0xe0,0x38,0x70,0x10,0x20,0x00,0x00,0x01,0x80,0x03,0x00,0x02,0x00,0x00,0x00,0x00,0x00,0x0f,0x80,0x1f,0xc0,
  0x38,0xe0,0x70,0x60,0x60,0x60,0x7f,0xe0,0x7f,0xe0,0x60,0x00,0x70,0x00,0x38,0xe0,0x1f,0xc0,0x0f,0x80,0xff,0xe0,0xff,0xe0,
  0x00,0x00,0x00,0x00,0x00,0x00,0x00,0x00,0x00,0x00,0x00,0x00,0xff,0xff,0xf8,0xff,0xff,0xf8,0x00,0x00,0x00,0x00,0x00,0x00,
  0x00,0x00,0x00,0x00,0x00,0x00,0x00,0x00,0x00,0x00,0x00,0x00,0x18,0x18,0x18,0x30,0x30,0x30,0x00,0x00,0x00,0x00,0x00,0x00,
  0x00,0x00,0x00,0x00,0x38,0x38,0x30,0x30,0x30,0x20,0x00,0x00,0x00,0x00,0x00,0x00,0x00,0x00,0x00,0x00,0x19,0x80,0x19,0x80,
  0x19,0x80,0x33,0x80,0x33,0x00,0x33,0x00,0x00,0x00,0x00,0x00,0x00,0x00,0x00,0x00,0x00,0x00,0x00,0x00,0x00,0x00,0x00,0x00,
  0x00,0x00,0x00,0x00,0x39,0x80,0x3b,0x80,0x33,0x00,0x33,0x00,0x33,0x00,0x22,0x00,0x00,0x00,0x00,0x00,0x00,0x00,0x00,0x00,
  0x00,0x00,0x00,0x00,0x00,0x00,0x00,0x00,0x00,0x00,0x00,0x00,0x0e,0x00,0x1f,0x00,0x3f,0x80,0x3f,0x80,0x3f,0x80,0x1f,0x00,
  0x0e,0x00,0x00,0x00,0x00,0x00,0x00,0x00,0x38,0xe3,0x80,0x38,0xe3,0x80,0x38,0xe3,0x80,0x00,0x00,0x1f,0xc0,0x18,0xc0,0x1f,
  0xc0,0x18,0xc0,0x19,0xc0,0x1b,0xc0,0x18,0xc0,0x18,0xc0,0x1f,0xc0,0x18,0xc0,0x18,0xc0,0x1f,0xc0,0x18,0xc0,0x1a,0xc0,0x18,
  0xc0,0x1f,0xc0,0x18,0xc0,0x1a,0xc0,0x1f,0xc0,0x18,0xc0,0x19,0xc0,0x1f,0xc0,0x1f,0xc0,0x00,0x00,0x1f,0xc0,0x18,0xc0,0x1f,
  0xc0,0x18,0xc0,0x19,0xc0,0x1b,0xc0,0x18,0xc0,0x18,0xc0,0x1f,0xc0,0x18,0xc0,0x18,0xc0,0x1f,0xc0,0x18,0xc0,0x1a,0xc0,0x18,
  0xc0,0x1f,0xc0,0x18,0xc0,0x1a,0xc0,0x1f,0xc0,0x18,0xc0,0x19,0xc0,0x1f,0xc0,0x1f,0xc0,0x3f,0xf0,0x3f,0xf0,0x00,0x00,0x00,
  0x00,0x00,0x00,0x00,0x00,0x00,0x00
};

static const Glyph F_UI_glyphs[] = {
  {0x0020,0,6,0,6,0,0},
  {0x0021,0,6,16,6,0,-16},
  {0x0022,16,10,16,10,0,-16},
  {0x0023,48,14,16,13,0,-16},
  {0x0024,80,14,20,14,0,-18},
  {0x0025,120,21,16,21,0,-16},
  {0x0026,168,14,16,14,0,-16},
  {0x0027,200,7,16,7,0,-16},
  {0x0028,216,8,20,8,0,-17},
  {0x0029,236,8,20,8,0,-17},
  {0x002a,256,11,16,11,0,-16},
  {0x002b,288,14,12,14,0,-12},
  {0x002c,312,6,6,6,0,-2},
  {0x002d,318,10,8,10,0,-8},
  {0x002e,334,6,3,6,0,-3},
  {0x002f,337,8,19,8,0,-17},
  {0x0030,356,14,16,14,0,-16},
  {0x0031,388,9,16,9,0,-16},
  {0x0032,420,13,16,13,0,-16},
  {0x0033,452,13,16,13,0,-16},
  {0x0034,484,14,16,14,0,-16},
  {0x0035,516,13,16,13,0,-16},
  {0x0036,548,13,16,13,0,-16},
  {0x0037,580,12,16,12,0,-16},
  {0x0038,612,13,16,13,0,-16},
  {0x0039,644,13,16,13,0,-16},
  {0x003a,676,6,11,6,0,-11},
  {0x003b,687,7,15,7,0,-11},
  {0x003c,702,14,13,14,0,-13},
  {0x003d,728,14,10,14,0,-10},
  {0x003e,748,14,13,14,0,-13},
  {0x003f,774,11,16,11,0,-16},
  {0x0040,806,21,20,21,0,-16},
  {0x0041,866,15,16,15,0,-16},
  {0x0042,898,14,16,14,0,-16},
  {0x0043,930,15,16,15,0,-16},
  {0x0044,962,15,16,15,0,-16},
  {0x0045,994,13,16,13,0,-16},
  {0x0046,1026,12,16,12,0,-16},
  {0x0047,1058,16,16,16,0,-16},
  {0x0048,1090,16,16,16,0,-16},
  {0x0049,1122,6,16,6,0,-16},
  {0x004a,1138,12,16,12,0,-16},
  {0x004b,1170,15,16,14,0,-16},
  {0x004c,1202,12,16,12,0,-16},
  {0x004d,1234,19,16,19,0,-16},
  {0x004e,1282,16,16,16,0,-16},
  {0x004f,1314,16,16,16,0,-16},
  {0x0050,1346,13,16,13,0,-16},
  {0x0051,1378,16,17,16,0,-16},
  {0x0052,1412,14,16,14,0,-16},
  {0x0053,1444,14,16,14,0,-16},
  {0x0054,1476,14,16,14,0,-16},
  {0x0055,1508,16,16,16,0,-16},
  {0x0056,1540,15,16,15,0,-16},
  {0x0057,1572,21,16,21,0,-16},
  {0x0058,1620,15,16,15,0,-16},
  {0x0059,1652,15,16,15,0,-16},
  {0x005a,1684,13,16,13,0,-16},
  {0x005b,1716,8,20,8,0,-17},
  {0x005c,1736,8,19,8,0,-17},
  {0x005d,1755,8,20,8,0,-17},
  {0x005e,1775,10,16,10,0,-16},
  {0x005f,1807,10,2,10,0,0},
  {0x0060,1811,7,16,7,0,-16},
  {0x0061,1827,12,12,12,0,-12},
  {0x0062,1851,13,16,13,0,-16},
  {0x0063,1883,12,12,12,0,-12},
  {0x0064,1907,13,16,13,0,-16},
  {0x0065,1939,12,12,12,0,-12},
  {0x0066,1963,9,17,8,0,-17},
  {0x0067,1997,13,16,13,0,-12},
  {0x0068,2029,13,16,13,0,-16},
  {0x0069,2061,5,17,5,0,-17},
  {0x006a,2078,6,21,5,-1,-17},
  {0x006b,2099,13,16,12,0,-16},
  {0x006c,2131,5,16,5,0,-16},
  {0x006d,2147,19,12,19,0,-12},
  {0x006e,2183,13,12,13,0,-12},
  {0x006f,2207,13,12,13,0,-12},
  {0x0070,2231,13,16,13,0,-12},
  {0x0071,2263,13,16,13,0,-12},
  {0x0072,2295,8,13,8,0,-13},
  {0x0073,2308,11,12,11,0,-12},
  {0x0074,2332,8,15,7,0,-15},
  {0x0075,2347,13,12,13,0,-12},
  {0x0076,2371,12,12,12,0,-12},
  {0x0077,2395,17,12,17,0,-12},
  {0x0078,2431,12,12,12,0,-12},
  {0x0079,2455,12,16,12,0,-12},
  {0x007a,2487,12,12,12,0,-12},
  {0x007b,2511,9,20,9,0,-17},
  {0x007c,2551,7,26,7,0,-21},
  {0x007d,2577,9,20,9,0,-17},
  {0x007e,2617,14,8,14,0,-8},
  {0x00b0,2633,10,16,10,0,-16},
  {0x00b7,2665,6,9,6,0,-9},
  {0x00d7,2674,14,12,14,0,-12},
  {0x00e9,2698,12,17,12,0,-17},
  {0x2013,2732,11,8,10,0,-8},
  {0x2014,2748,21,8,21,0,-8},
  {0x2018,2772,6,16,6,0,-16},
  {0x2019,2788,6,16,6,0,-16},
  {0x201c,2804,10,16,10,0,-16},
  {0x201d,2836,10,16,10,0,-16},
  {0x2022,2868,11,10,11,0,-10},
  {0x2026,2888,19,3,19,0,-3},
  {0x2190,2897,14,24,14,0,-20},
  {0x2192,2945,14,24,14,0,-20},
  {0x2212,2993,14,7,14,0,-7}
};
const Font F_UI = {F_UI_bits, F_UI_glyphs, 110, 21, 6, 27};

static const uint8_t F_UI_B_bits[] = {
  0x38,0x38,0x38,0x38,0x38,0x38,0x38,0x38,0x38,0x38,0x38,0x00,0x18,0x38,0x38,0x18,0x3b,0x80,0x3b,0x80,0x3b,0x80,0x3b,0x80,
  0x3b,0x80,0x3b,0x80,0x3b,0x80,0x00,0x00,0x00,0x00,0x00,0x00,0x00,0x00,0x00,0x00,0x00,0x00,0x00,0x00,0x00,0x00,0x00,0x00,
  0x0c,0x30,0x0c,0x70,0x0c,0x70,0x0c,0x60,0x7f,0xf8,0x7f,0xf8,0x3f,0xf8,0x18,0xe0,0x18,0xe0,0x7f,0xf0,0xff,0xf0,0xff,0xf0,
  0x38,0xc0,0x31,0xc0,0x31,0xc0,0x31,0x80,0x02,0x00,0x02,0x00,0x0f,0x80,0x3f,0xe0,0x3f,0xf0,0x7a,0xf0,0x72,0x70,0x7a,0x00,
  0x7e,0x00,0x3f,0xc0,0x0f,0xe0,0x03,0xf0,0x02,0x70,0x72,0x70,0x72,0xf0,0x7f,0xf0,0x3f,0xe0,0x1f,0x80,0x02,0x00,0x02,0x00,
  0x0e,0x01,0x00,0x1f,0x03,0x00,0x3f,0x86,0x00,0x31,0x86,0x00,0x31,0x8c,0x00,0x31,0x98,0x00,0x1f,0x18,0x00,0x0e,0x30,0x00,
  0x00,0x63,0xc0,0x00,0x67,0xe0,0x00,0xc6,0x60,0x01,0xc6,0x60,0x01,0x86,0x60,0x03,0x07,0xe0,0x07,0x07,0xe0,0x06,0x03,0xc0,
  0x0f,0x80,0x1f,0xc0,0x3f,0xe0,0x38,0xe0,0x38,0xe0,0x3d,0xc0,0x1f,0x80,0x0f,0x00,0x3f,0x18,0x3f,0x98,0x73,0xf8,0x71,0xf8,
  0x70,0xf0,0x3f,0xf0,0x3f,0xf8,0x0f,0x9c,0x38,0x38,0x38,0x38,0x38,0x38,0x38,0x00,0x00,0x00,0x00,0x00,0x00,0x00,0x00,0x00,
  0x0e,0x0e,0x1e,0x1c,0x1c,0x1c,0x3c,0x38,0x38,0x38,0x38,0x38,0x38,0x38,0x1c,0x1c,0x1c,0x1e,0x0e,0x0e,0x70,0x70,0x38,0x38,
  0x38,0x38,0x1c,0x1c,0x1c,0x1c,0x1c,0x1c,0x1c,0x1c,0x1c,0x38,0x38,0x38,0x70,0x70,0x06,0x00,0x06,0x00,0x36,0xc0,0x3f,0xc0,
  0x0f,0x00,0x3f,0x80,0x36,0xc0,0x06,0x00,0x06,0x00,0x00,0x00,0x00,0x00,0x00,0x00,0x00,0x00,0x00,0x00,0x00,0x00,0x00,0x00,
  0x03,0x80,0x03,0x80,0x03,0x80,0x03,0x80,0x3f,0xf8,0x3f,0xf8,0x3f,0xf8,0x03,0x80,0x03,0x80,0x03,0x80,0x03,0x80,0x00,0x00,
  0x38,0x38,0x38,0x30,0x30,0x70,0x60,0x7f,0x00,0x7f,0x00,0x7f,0x00,0x00,0x00,0x00,0x00,0x00,0x00,0x00,0x00,0x00,0x00,0x18,
  0x38,0x38,0x18,0x07,0x06,0x06,0x0e,0x0e,0x0c,0x0c,0x1c,0x1c,0x18,0x38,0x38,0x38,0x30,0x70,0x70,0x70,0x60,0xe0,0x07,0x80,
  0x1f,0xe0,0x3f,0xf0,0x38,0x70,0x78,0x78,0x70,0x38,0x70,0x38,0x70,0x38,0x70,0x38,0x70,0x38,0x70,0x38,0x78,0x78,0x38,0x70,
  0x3f,0xf0,0x1f,0xe0,0x07,0x80,0x1e,0x00,0x3e,0x00,0x7e,0x00,0xee,0x00,0xce,0x00,0x0e,0x00,0x0e,0x00,0x0e,0x00,0x0e,0x00,
  0x0e,0x00,0x0e,0x00,0x0e,0x00,0x0e,0x00,0x0e,0x00,0x0e,0x00,0x0e,0x00,0x0f,0x80,0x3f,0xe0,0x3f,0xe0,0x78,0xf0,0x70,0x70,
  0x00,0x70,0x00,0xf0,0x00,0xe0,0x01,0xc0,0x03,0xc0,0x07,0x80,0x1f,0x00,0x3e,0x00,0x7f,0xf0,0x7f,0xf0,0x7f,0xf0,0x0f,0x80,
  0x3f,0xe0,0x3f,0xe0,0x70,0x70,0x00,0x70,0x00,0xf0,0x07,0xe0,0x07,0xc0,0x07,0xe0,0x00,0xf0,0x00,0x70,0x70,0x70,0x78,0x70,
  0x3f,0xf0,0x3f,0xe0,0x0f,0x80,0x01,0xe0,0x03,0xe0,0x03,0xe0,0x07,0xe0,0x0e,0xe0,0x0e,0xe0,0x1c,0xe0,0x1c,0xe0,0x38,0xe0,
  0x38,0xe0,0x7f,0xf8,0x7f,0xf8,0x7f,0xf8,0x00,0xe0,0x00,0xe0,0x00,0xe0,0x3f,0xe0,0x3f,0xe0,0x3f,0xe0,0x38,0x00,0x38,0x00,
  0x30,0x00,0x7f,0xc0,0x7f,0xe0,0x38,0xf0,0x00,0x70,0x00,0x70,0x30,0x70,0x70,0xf0,0x3f,0xe0,0x3f,0xc0,0x0f,0x80,0x07,0xc0,
  0x1f,0xe0,0x1f,0xf0,0x38,0x78,0x38,0x00,0x70,0x00,0x77,0xe0,0x7f,0xf0,0x7c,0x78,0x78,0x38,0x70,0x38,0x78,0x38,0x38,0x78,
  0x3f,0xf0,0x1f,0xe0,0x07,0xc0,0x7f,0xf0,0x7f,0xf0,0x7f,0xf0,0x00,0xf0,0x00,0xe0,0x01,0xe0,0x01,0xc0,0x03,0xc0,0x03,0x80,
  0x07,0x80,0x07,0x00,0x0f,0x00,0x0e,0x00,0x1e,0x00,0x1c,0x00,0x3c,0x00,0x07,0x80,0x1f,0xe0,0x3f,0xf0,0x38,0x70,0x38,0x70,
  0x38,0x70,0x1f,0xe0,0x0f,0xc0,0x3f,0xf0,0x38,0x70,0x70,0x38,0x70,0x38,0x78,0x78,0x3f,0xf0,0x3f,0xf0,0x0f,0xc0,0x0f,0x80,
  0x1f,0xe0,0x3f,0xf0,0x78,0x70,0x70,0x78,0x70,0x78,0x70,0x78,0x78,0xf8,0x3f,0xf8,0x1f,0xb8,0x00,0x38,0x00,0x70,0x78,0x70,
  0x3f,0xe0,0x1f,0xe0,0x0f,0x80,0x18,0x38,0x38,0x18,0x00,0x00,0x00,0x00,0x18,0x38,0x38,0x18,0x18,0x38,0x38,0x18,0x00,0x00,
  0x00,0x00,0x00,0x38,0x38,0x30,0x30,0x30,0x70,0x60,0x00,0x00,0x00,0x38,0x00,0xf8,0x03,0xf0,0x0f,0xc0,0x3f,0x00,0x3c,0x00,
  0x3e,0x00,0x1f,0x80,0x07,0xf0,0x01,0xf8,0x00,0x38,0x00,0x00,0x3f,0xf0,0x3f,0xf0,0x3f,0xf0,0x00,0x00,0x00,0x00,0x3f,0xf0,
  0x3f,0xf0,0x3f,0xf0,0x00,0x00,0x00,0x00,0x00,0x00,0x30,0x00,0x3c,0x00,0x3f,0x00,0x0f,0xe0,0x03,0xf0,0x00,0x78,0x01,0xf8,
  0x07,0xe0,0x1f,0x80,0x3e,0x00,0x38,0x00,0x20,0x00,0x0f,0x80,0x3f,0xc0,0x7f,0xe0,0x70,0xe0,0x00,0xe0,0x01,0xe0,0x03,0xc0,
  0x07,0x80,0x0f,0x00,0x0e,0x00,0x0e,0x00,0x00,0x00,0x06,0x00,0x0e,0x00,0x0e,0x00,0x06,0x00,0x01,0xfc,0x00,0x07,0xff,0x00,
  0x0f,0xff,0x80,0x1e,0x01,0xc0,0x3c,0x02,0xe0,0x38,0xfe,0x60,0x79,0xfe,0x30,0x73,0x8e,0x30,0x73,0x06,0x30,0x73,0x06,0x30,
  0x73,0x06,0x30,0x73,0x06,0x30,0x73,0x8e,0x30,0x7b,0xff,0xe0,0x39,0xfb,0xe0,0x3c,0xf3,0xc0,0x1e,0x00,0x00,0x0f,0xfe,0x00,
  0x07,0xff,0x00,0x01,0xfc,0x00,0x03,0xc0,0x07,0xc0,0x07,0xe0,0x07,0xe0,0x0e,0xe0,0x0e,0xf0,0x0e,0x70,0x1e,0x70,0x1c,0x78,
  0x1c,0x38,0x3f,0xf8,0x3f,0xfc,0x3f,0xfc,0x78,0x1c,0x70,0x1e,0x70,0x0e,0x7f,0xc0,0x7f,0xe0,0x7f,0xf0,0x70,0x70,0x70,0x70,
  0x70,0x70,0x7f,0xe0,0x7f,0xc0,0x7f,0xf0,0x70,0x70,0x70,0x38,0x70,0x38,0x70,0x78,0x7f,0xf8,0x7f,0xf0,0x7f,0xc0,0x03,0xe0,
  0x0f,0xf8,0x1f,0xf8,0x3c,0x3c,0x38,0x1c,0x70,0x00,0x70,0x00,0x70,0x00,0x70,0x00,0x70,0x00,0x70,0x00,0x38,0x1c,0x3c,0x3c,
  0x1f,0xf8,0x0f,0xf0,0x07,0xe0,0x7f,0x80,0x7f,0xe0,0x7f,0xf0,0x70,0x78,0x70,0x38,0x70,0x1c,0x70,0x1c,0x70,0x1c,0x70,0x1c,
  0x70,0x1c,0x70,0x1c,0x70,0x38,0x70,0x78,0x7f,0xf0,0x7f,0xe0,0x7f,0x80,0x7f,0xe0,0x7f,0xe0,0x7f,0xe0,0x70,0x00,0x70,0x00,
  0x70,0x00,0x70,0x00,0x7f,0xe0,0x7f,0xe0,0x7f,0xc0,0x70,0x00,0x70,0x00,0x70,0x00,0x7f,0xe0,0x7f,0xe0,0x7f,0xe0,0x7f,0xe0,
  0x7f,0xe0,0x7f,0xe0,0x70,0x00,0x70,0x00,0x70,0x00,0x70,0x00,0x7f,0xc0,0x7f,0xe0,0x7f,0xe0,0x70,0x00,0x70,0x00,0x70,0x00,
  0x70,0x00,0x70,0x00,0x70,0x00,0x03,0xe0,0x0f,0xf8,0x1f,0xfc,0x3c,0x1c,0x38,0x1e,0x78,0x00,0x70,0x00,0x70,0x7e,0x70,0xfe,
  0x70,0xfe,0x78,0x0e,0x38,0x0e,0x3c,0x1c,0x1f,0xfc,0x0f,0xf8,0x03,0xe0,0x70,0x1c,0x70,0x1c,0x70,0x1c,0x70,0x1c,0x70,0x1c,
  0x70,0x1c,0x7f,0xfc,0x7f,0xfc,0x7f,0xfc,0x70,0x1c,0x70,0x1c,0x70,0x1c,0x70,0x1c,0x70,0x1c,0x70,0x1c,0x70,0x1c,0x70,0x70,
  0x70,0x70,0x70,0x70,0x70,0x70,0x70,0x70,0x70,0x70,0x70,0x70,0x70,0x70,0x00,0xe0,0x00,0xe0,0x00,0xe0,0x00,0xe0,0x00,0xe0,
  0x00,0xe0,0x00,0xe0,0x00,0xe0,0x00,0xe0,0x00,0xe0,0x70,0xe0,0x70,0xe0,0x70,0xe0,0x3f,0xe0,0x3f,0xc0,0x0f,0x80,0x70,0x3c,
  0x70,0x78,0x70,0xf0,0x71,0xe0,0x71,0xc0,0x73,0xc0,0x77,0x80,0x7f,0x80,0x7f,0x80,0x7f,0xc0,0x79,0xe0,0x70,0xe0,0x70,0xf0,
  0x70,0x78,0x70,0x38,0x70,0x3c,0x70,0x00,0x70,0x00,0x70,0x00,0x70,0x00,0x70,0x00,0x70,0x00,0x70,0x00,0x70,0x00,0x70,0x00,
  0x70,0x00,0x70,0x00,0x70,0x00,0x70,0x00,0x7f,0xc0,0x7f,0xe0,0x7f,0xe0,0x7c,0x07,0xc0,0x7c,0x07,0xc0,0x7e,0x0f,0xc0,0x7e,
  0x0f,0xc0,0x7e,0x0f,0xc0,0x77,0x1d,0xc0,0x77,0x1d,0xc0,0x77,0x1d,0xc0,0x73,0xb9,0xc0,0x73,0xb9,0xc0,0x73,0xb9,0xc0,0x71,
  0xf1,0xc0,0x71,0xf1,0xc0,0x71,0xf1,0xc0,0x70,0xe1,0xc0,0x70,0xe1,0xc0,0x78,0x1c,0x78,0x1c,0x7c,0x1c,0x7e,0x1c,0x7e,0x1c,
  0x77,0x1c,0x77,0x1c,0x73,0x9c,0x73,0x9c,0x71,0xdc,0x71,0xdc,0x70,0xfc,0x70,0x7c,0x70,0x7c,0x70,0x3c,0x70,0x3c,0x03,0xe0,
  0x0f,0xf0,0x1f,0xf8,0x3c,0x3c,0x38,0x1c,0x70,0x0e,0x70,0x0e,0x70,0x0e,0x70,0x0e,0x70,0x0e,0x70,0x0e,0x38,0x1c,0x3c,0x3c,
  0x1f,0xf8,0x0f,0xf0,0x03,0xe0,0x7f,0x80,0x7f,0xe0,0x7f,0xe0,0x70,0xf0,0x70,0x70,0x70,0x70,0x70,0x70,0x70,0xf0,0x7f,0xe0,
  0x7f,0xe0,0x7f,0x80,0x70,0x00,0x70,0x00,0x70,0x00,0x70,0x00,0x70,0x00,0x03,0xe0,0x0f,0xf0,0x1f,0xf8,0x3c,0x1c,0x38,0x1c,
  0x70,0x0e,0x70,0x0e,0x70,0x0e,0x70,0x0e,0x70,0x0e,0x78,0xce,0x38,0xfc,0x3c,0x7c,0x1f,0xf8,0x0f,0xf8,0x03,0xfc,0x00,0x0e,
  0x7f,0x80,0x7f,0xe0,0x7f,0xe0,0x70,0xf0,0x70,0x70,0x70,0x70,0x70,0x70,0x70,0xf0,0x7f,0xe0,0x7f,0xc0,0x7f,0xc0,0x71,0xc0,
  0x70,0xe0,0x70,0xe0,0x70,0x70,0x70,0x70,0x0f,0x80,0x3f,0xe0,0x3f,0xf0,0x70,0x70,0x70,0x70,0x78,0x00,0x7e,0x00,0x3f,0xc0,
  0x0f,0xe0,0x01,0xf0,0x00,0x70,0x70,0x70,0x70,0x70,0x7f,0xf0,0x3f,0xe0,0x0f,0x80,0x7f,0xf8,0x7f,0xf8,0x7f,0xf8,0x03,0x80,
  0x03,0x80,0x03,0x80,0x03,0x80,0x03,0x80,0x03,0x80,0x03,0x80,0x03,0x80,0x03,0x80,0x03,0x80,0x03,0x80,0x03,0x80,0x03,0x80,
  0x70,0x1c,0x70,0x1c,0x70,0x1c,0x70,0x1c,0x70,0x1c,0x70,0x1c,0x70,0x1c,0x70,0x1c,0x70,0x1c,0x70,0x1c,0x70,0x1c,0x70,0x1c,
  0x78,0x3c,0x3f,0xf8,0x1f,0xf0,0x07,0xc0,0x70,0x0e,0x70,0x1e,0x78,0x1c,0x38,0x1c,0x38,0x3c,0x3c,0x38,0x1c,0x38,0x1c,0x78,
  0x1e,0x70,0x0e,0x70,0x0e,0x70,0x0e,0xe0,0x07,0xe0,0x07,0xe0,0x07,0xc0,0x03,0xc0,0x70,0x78,0x38,0x70,0x78,0x38,0x70,0x78,
  0x78,0x78,0xf8,0x70,0x38,0xfc,0x70,0x38,0xfc,0x70,0x38,0xdc,0xf0,0x3d,0xcc,0xe0,0x1d,0xcc,0xe0,0x1d,0xce,0xe0,0x1d,0xce,
  0xe0,0x1f,0x8f,0xc0,0x0f,0x87,0xc0,0x0f,0x87,0xc0,0x0f,0x87,0xc0,0x0f,0x07,0x80,0x78,0x1c,0x3c,0x3c,0x1c,0x78,0x1e,0x70,
  0x0e,0xf0,0x07,0xe0,0x07,0xc0,0x03,0xc0,0x03,0xc0,0x07,0xe0,0x0f,0xe0,0x0e,0xf0,0x1c,0x78,0x3c,0x38,0x38,0x3c,0x70,0x1e,
  0x70,0x1c,0x78,0x3c,0x38,0x38,0x3c,0x78,0x1c,0x70,0x1e,0xf0,0x0e,0xe0,0x07,0xe0,0x07,0xc0,0x03,0x80,0x03,0x80,0x03,0x80,
  0x03,0x80,0x03,0x80,0x03,0x80,0x03,0x80,0x7f,0xf8,0x7f,0xf8,0x7f,0xf8,0x00,0xf0,0x00,0xe0,0x01,0xe0,0x03,0xc0,0x03,0x80,
  0x07,0x00,0x0f,0x00,0x0e,0x00,0x1c,0x00,0x3c,0x00,0x7f,0xf8,0x7f,0xf8,0x7f,0xf8,0x3e,0x3e,0x3e,0x38,0x38,0x38,0x38,0x38,
  0x38,0x38,0x38,0x38,0x38,0x38,0x38,0x38,0x38,0x3e,0x3e,0x3e,0xe0,0x60,0x70,0x70,0x70,0x30,0x38,0x38,0x38,0x18,0x1c,0x1c,
  0x0c,0x0c,0x0e,0x0e,0x06,0x06,0x07,0x7c,0x7c,0x7c,0x1c,0x1c,0x1c,0x1c,0x1c,0x1c,0x1c,0x1c,0x1c,0x1c,0x1c,0x1c,0x1c,0x1c,
  0x7c,0x7c,0x7c,0x0e,0x00,0x1e,0x00,0x1e,0x00,0x3b,0x00,0x33,0x00,0x71,0x80,0x61,0x80,0x00,0x00,0x00,0x00,0x00,0x00,0x00,
  0x00,0x00,0x00,0x00,0x00,0x00,0x00,0x00,0x00,0x00,0x00,0xff,0xc0,0xff,0xc0,0xff,0xc0,0x38,0x18,0x1c,0x00,0x00,0x00,0x00,
  0x00,0x00,0x00,0x00,0x00,0x00,0x00,0x00,0x00,0x0f,0x80,0x3f,0xc0,0x3f,0xe0,0x10,0xe0,0x00,0xe0,0x0f,0xe0,0x3e,0xe0,0x70,
  0xe0,0x70,0xe0,0x7f,0xe0,0x3f,0xe0,0x1c,0xe0,0x70,0x00,0x70,0x00,0x70,0x00,0x70,0x00,0x73,0x80,0x7f,0xe0,0x7f,0xe0,0x78,
  0xf0,0x70,0x70,0x70,0x70,0x70,0x70,0x70,0x70,0x78,0xf0,0x7f,0xe0,0x7f,0xe0,0x73,0x80,0x0f,0x80,0x1f,0xc0,0x3f,0xe0,0x78,
  0xf0,0x70,0x00,0x70,0x00,0x70,0x00,0x70,0x00,0x78,0xf0,0x3f,0xe0,0x1f,0xc0,0x0f,0x80,0x00,0x70,0x00,0x70,0x00,0x70,0x00,
  0x70,0x0f,0x70,0x3f,0xf0,0x3f,0xf0,0x78,0xf0,0x70,0x70,0x70,0x70,0x70,0x70,0x70,0x70,0x78,0xf0,0x3f,0xf0,0x3f,0x70,0x0e,
  0x70,0x0f,0x80,0x1f,0xc0,0x3f,0xe0,0x78,0x70,0x7f,0xf0,0x7f,0xf0,0x7f,0xf0,0x70,0x00,0x78,0x40,0x3f,0xe0,0x1f,0xe0,0x0f,
  0x80,0x00,0x00,0x0f,0x00,0x1f,0x00,0x1c,0x00,0x1c,0x00,0x7f,0x00,0x7f,0x00,0x7f,0x00,0x1c,0x00,0x1c,0x00,0x1c,0x00,0x1c,
  0x00,0x1c,0x00,0x1c,0x00,0x1c,0x00,0x1c,0x00,0x1c,0x00,0x0f,0x70,0x3f,0xf0,0x3f,0xf0,0x78,0xf0,0x70,0x70,0x70,0x70,0x70,
  0x70,0x70,0x70,0x78,0xf0,0x3f,0xf0,0x3f,0x70,0x0f,0x70,0x00,0x70,0x3f,0xf0,0x3f,0xe0,0x0f,0x80,0x70,0x00,0x70,0x00,0x70,
  0x00,0x70,0x00,0x73,0x80,0x7f,0xc0,0x7f,0xe0,0x78,0xe0,0x70,0xe0,0x70,0xe0,0x70,0xe0,0x70,0xe0,0x70,0xe0,0x70,0xe0,0x70,
  0xe0,0x70,0xe0,0x70,0x70,0x70,0x00,0x00,0x70,0x70,0x70,0x70,0x70,0x70,0x70,0x70,0x70,0x70,0x70,0x70,0x38,0x38,0x38,0x00,
  0x00,0x38,0x38,0x38,0x38,0x38,0x38,0x38,0x38,0x38,0x38,0x38,0x38,0x38,0xf8,0xf0,0xe0,0x70,0x00,0x70,0x00,0x70,0x00,0x70,
  0x00,0x70,0xe0,0x71,0xc0,0x73,0xc0,0x77,0x80,0x7f,0x00,0x7f,0x00,0x7f,0x00,0x7f,0x80,0x73,0xc0,0x71,0xc0,0x71,0xe0,0x70,
  0xe0,0x70,0x70,0x70,0x70,0x70,0x70,0x70,0x70,0x70,0x70,0x70,0x70,0x70,0x70,0x70,0x70,0x73,0x8f,0x00,0x7f,0xdf,0x80,0x7f,
  0xff,0xc0,0x70,0xe3,0xc0,0x70,0xe1,0xc0,0x70,0xe1,0xc0,0x70,0xe1,0xc0,0x70,0xe1,0xc0,0x70,0xe1,0xc0,0x70,0xe1,0xc0,0x70,
  0xe1,0xc0,0x70,0xe1,0xc0,0x73,0x80,0x77,0xc0,0x7f,0xe0,0x78,0xe0,0x70,0xe0,0x70,0xe0,0x70,0xe0,0x70,0xe0,0x70,0xe0,0x70,
  0xe0,0x70,0xe0,0x70,0xe0,0x0f,0x80,0x1f,0xc0,0x3f,0xe0,0x78,0xf0,0x70,0x70,0x70,0x70,0x70,0x70,0x70,0x70,0x78,0xf0,0x3f,
  0xe0,0x1f,0xc0,0x0f,0x80,0x73,0x80,0x77,0xe0,0x7f,0xe0,0x78,0xf0,0x70,0x70,0x70,0x70,0x70,0x70,0x70,0x70,0x78,0xf0,0x7f,
  0xe0,0x7f,0xe0,0x73,0x80,0x70,0x00,0x70,0x00,0x70,0x00,0x70,0x00,0x0e,0x70,0x3f,0x70,0x3f,0xf0,0x78,0xf0,0x70,0x70,0x70,
  0x70,0x70,0x70,0x70,0x70,0x78,0xf0,0x3f,0xf0,0x3f,0xf0,0x0e,0x70,0x00,0x70,0x00,0x70,0x00,0x70,0x00,0x70,0x00,0x00,0x77,
  0x00,0x7f,0x00,0x7f,0x00,0x78,0x00,0x70,0x00,0x70,0x00,0x70,0x00,0x70,0x00,0x70,0x00,0x70,0x00,0x70,0x00,0x70,0x00,0x1f,
  0x00,0x3f,0xc0,0x7f,0xc0,0x70,0xc0,0x78,0x00,0x3f,0x80,0x0f,0xc0,0x01,0xe0,0x70,0xe0,0x7f,0xe0,0x3f,0xc0,0x1f,0x80,0x1c,
  0x00,0x1c,0x00,0x1c,0x00,0x7f,0x00,0x7f,0x00,0x7f,0x00,0x1c,0x00,0x1c,0x00,0x1c,0x00,0x1c,0x00,0x1c,0x00,0x1c,0x00,0x1f,
  0x00,0x1f,0x00,0x0f,0x00,0x70,0xe0,0x70,0xe0,0x70,0xe0,0x70,0xe0,0x70,0xe0,0x70,0xe0,0x70,0xe0,0x70,0xe0,0x79,0xe0,0x7f,
  0xe0,0x3e,0xe0,0x1c,0xe0,0xf0,0x70,0x70,0x70,0x70,0xe0,0x38,0xe0,0x38,0xe0,0x39,0xc0,0x1d,0xc0,0x1d,0xc0,0x1f,0x80,0x0f,
  0x80,0x0f,0x80,0x0f,0x00,0xf1,0xc3,0x80,0x71,0xe3,0x80,0x71,0xe3,0x80,0x71,0xe7,0x80,0x3b,0xe7,0x00,0x3b,0xf7,0x00,0x3b,
  0x37,0x00,0x3b,0x36,0x00,0x1f,0x3e,0x00,0x1f,0x3e,0x00,0x1e,0x1e,0x00,0x0e,0x1c,0x00,0x70,0xe0,0x39,0xe0,0x39,0xc0,0x1f,
  0x80,0x1f,0x80,0x0f,0x00,0x0f,0x00,0x1f,0x80,0x1d,0xc0,0x39,0xc0,0x78,0xe0,0x70,0xe0,0xf0,0x70,0x70,0x70,0x70,0xe0,0x38,
  0xe0,0x38,0xe0,0x39,0xc0,0x1d,0xc0,0x1d,0x80,0x1f,0x80,0x0f,0x80,0x0f,0x00,0x07,0x00,0x0f,0x00,0x3e,0x00,0x3e,0x00,0x78,
  0x00,0x7f,0xc0,0x7f,0xc0,0x7f,0xc0,0x03,0x80,0x07,0x00,0x0f,0x00,0x0e,0x00,0x1c,0x00,0x3c,0x00,0x7f,0xc0,0x7f,0xc0,0x7f,
  0xc0,0x03,0x80,0x07,0x80,0x0f,0x80,0x0e,0x00,0x0e,0x00,0x0e,0x00,0x0e,0x00,0x0e,0x00,0x1e,0x00,0x7c,0x00,0x78,0x00,0x3e,
  0x00,0x0e,0x00,0x0e,0x00,0x0e,0x00,0x0e,0x00,0x0e,0x00,0x0f,0x80,0x07,0x80,0x03,0x80,0x38,0x38,0x38,0x38,0x38,0x38,0x38,
  0x38,0x38,0x38,0x38,0x38,0x38,0x38,0x38,0x38,0x38,0x38,0x38,0x38,0x38,0x38,0x38,0x38,0x38,0x38,0x70,0x00,0x78,0x00,0x7c,
  0x00,0x1c,0x00,0x1c,0x00,0x1c,0x00,0x1c,0x00,0x1c,0x00,0x1e,0x00,0x0f,0x00,0x07,0x00,0x0f,0x00,0x1c,0x00,0x1c,0x00,0x1c,
  0x00,0x1c,0x00,0x1c,0x00,0x7c,0x00,0x78,0x00,0x70,0x00,0x00,0x00,0x1f,0x18,0x3f,0xf8,0x3b,0xf0,0x30,0xe0,0x00,0x00,0x00,
  0x00,0x00,0x00,0x00,0x00,0x00,0x00,0x3e,0x00,0x7f,0x00,0x63,0x00,0x63,0x00,0x7f,0x00,0x3e,0x00,0x1c,0x00,0x00,0x00,0x00,
  0x00,0x00,0x00,0x00,0x00,0x00,0x00,0x00,0x00,0x00,0x00,0x00,0x00,0x18,0x38,0x38,0x18,0x00,0x00,0x00,0x00,0x00,0x00,0x10,
  0x20,0x38,0x70,0x3c,0xf0,0x1f,0xe0,0x0f,0xc0,0x07,0x80,0x0f,0xc0,0x1f,0xe0,0x1c,0xf0,0x38,0x70,0x10,0x20,0x00,0x00,0x01,
  0x80,0x03,0x80,0x03,0x00,0x00,0x00,0x00,0x00,0x0f,0x80,0x1f,0xc0,0x3f,0xe0,0x78,0x70,0x7f,0xf0,0x7f,0xf0,0x7f,0xf0,0x70,
  0x00,0x78,0x40,0x3f,0xe0,0x1f,0xe0,0x0f,0x80,0xff,0xe0,0xff,0xe0,0xff,0xe0,0x00,0x00,0x00,0x00,0x00,0x00,0x00,0x00,0x00,
  0x00,0xff,0xff,0xf8,0xff,0xff,0xf8,0xff,0xff,0xf8,0x00,0x00,0x00,0x00,0x00,0x00,0x00,0x00,0x00,0x00,0x00,0x00,0x00,0x00,
  0x00,0x1c,0x18,0x18,0x18,0x38,0x38,0x38,0x00,0x00,0x00,0x00,0x00,0x00,0x00,0x00,0x00,0x1c,0x38,0x38,0x38,0x30,0x30,0x30,
  0x00,0x00,0x00,0x00,0x00,0x00,0x00,0x00,0x00,0x1c,0xc0,0x18,0xc0,0x18,0xc0,0x19,0xc0,0x39,0xc0,0x39,0xc0,0x39,0xc0,0x00,
  0x00,0x00,0x00,0x00,0x00,0x00,0x00,0x00,0x00,0x00,0x00,0x00,0x00,0x00,0x00,0x00,0x00,0x1d,0xc0,0x39,0xc0,0x39,0xc0,0x39,
  0x80,0x31,0x80,0x31,0x80,0x33,0x80,0x00,0x00,0x00,0x00,0x00,0x00,0x00,0x00,0x00,0x00,0x00,0x00,0x00,0x00,0x00,0x00,0x00,
  0x00,0x0e,0x00,0x1f,0x00,0x3f,0x80,0x3f,0x80,0x3f,0x80,0x1f,0x00,0x0e,0x00,0x00,0x00,0x00,0x00,0x00,0x00,0x18,0x30,0x60,
  0x38,0x70,0xe0,0x38,0x70,0xe0,0x18,0x30,0x60,0x00,0x00,0x1f,0xc0,0x18,0xc0,0x1f,0xc0,0x18,0xc0,0x19,0xc0,0x1b,0xc0,0x18,
  0xc0,0x18,0xc0,0x1f,0xc0,0x18,0xc0,0x18,0xc0,0x1f,0xc0,0x18,0xc0,0x1a,0xc0,0x18,0xc0,0x1f,0xc0,0x18,0xc0,0x1a,0xc0,0x1f,
  0xc0,0x18,0xc0,0x19,0xc0,0x1f,0xc0,0x1f,0xc0,0x00,0x00,0x1f,0xc0,0x18,0xc0,0x1f,0xc0,0x18,0xc0,0x19,0xc0,0x1b,0xc0,0x18,
  0xc0,0x18,0xc0,0x1f,0xc0,0x18,0xc0,0x18,0xc0,0x1f,0xc0,0x18,0xc0,0x1a,0xc0,0x18,0xc0,0x1f,0xc0,0x18,0xc0,0x1a,0xc0,0x1f,
  0xc0,0x18,0xc0,0x19,0xc0,0x1f,0xc0,0x1f,0xc0,0x3f,0xf0,0x3f,0xf0,0x3f,0xf0,0x00,0x00,0x00,0x00,0x00,0x00,0x00,0x00,0x00,
  0x00
};

static const Glyph F_UI_B_glyphs[] = {
  {0x0020,0,5,0,5,0,0},
  {0x0021,0,7,16,7,0,-16},
  {0x0022,16,12,16,12,0,-16},
  {0x0023,48,14,16,14,0,-16},
  {0x0024,80,14,20,14,0,-18},
  {0x0025,120,21,16,21,0,-16},
  {0x0026,168,14,16,14,0,-16},
  {0x0027,200,7,16,7,0,-16},
  {0x0028,216,8,20,8,0,-17},
  {0x0029,236,8,20,8,0,-17},
  {0x002a,256,12,16,12,0,-16},
  {0x002b,288,14,12,14,0,-12},
  {0x002c,312,7,7,7,0,-3},
  {0x002d,319,10,8,10,0,-8},
  {0x002e,335,7,4,7,0,-4},
  {0x002f,339,8,19,8,0,-17},
  {0x0030,358,14,16,14,0,-16},
  {0x0031,390,9,16,9,0,-16},
  {0x0032,422,13,16,13,0,-16},
  {0x0033,454,14,16,14,0,-16},
  {0x0034,486,14,16,14,0,-16},
  {0x0035,518,13,16,13,0,-16},
  {0x0036,550,14,16,14,0,-16},
  {0x0037,582,12,16,12,0,-16},
  {0x0038,614,14,16,14,0,-16},
  {0x0039,646,14,16,14,0,-16},
  {0x003a,678,7,12,7,0,-12},
  {0x003b,690,7,16,7,0,-12},
  {0x003c,706,14,13,14,0,-13},
  {0x003d,732,14,10,14,0,-10},
  {0x003e,752,14,13,14,0,-13},
  {0x003f,778,12,16,12,0,-16},
  {0x0040,810,21,20,21,0,-16},
  {0x0041,870,16,16,16,0,-16},
  {0x0042,902,14,16,14,0,-16},
  {0x0043,934,16,16,16,0,-16},
  {0x0044,966,15,16,15,0,-16},
  {0x0045,998,13,16,13,0,-16},
  {0x0046,1030,12,16,12,0,-16},
  {0x0047,1062,16,16,16,0,-16},
  {0x0048,1094,16,16,16,0,-16},
  {0x0049,1126,6,16,6,0,-16},
  {0x004a,1142,12,16,12,0,-16},
  {0x004b,1174,15,16,15,0,-16},
  {0x004c,1206,12,16,12,0,-16},
  {0x004d,1238,20,16,20,0,-16},
  {0x004e,1286,16,16,16,0,-16},
  {0x004f,1318,16,16,16,0,-16},
  {0x0050,1350,14,16,14,0,-16},
  {0x0051,1382,16,17,16,0,-16},
  {0x0052,1416,14,16,14,0,-16},
  {0x0053,1448,14,16,14,0,-16},
  {0x0054,1480,14,16,14,0,-16},
  {0x0055,1512,15,16,15,0,-16},
  {0x0056,1544,16,16,16,0,-16},
  {0x0057,1576,22,16,22,0,-16},
  {0x0058,1624,16,16,16,0,-16},
  {0x0059,1656,15,16,15,0,-16},
  {0x005a,1688,14,16,14,0,-16},
  {0x005b,1720,8,20,8,0,-17},
  {0x005c,1740,8,19,8,0,-17},
  {0x005d,1759,8,20,8,0,-17},
  {0x005e,1779,10,16,10,0,-16},
  {0x005f,1811,10,3,10,0,-1},
  {0x0060,1817,8,16,8,0,-16},
  {0x0061,1833,12,12,12,0,-12},
  {0x0062,1857,13,16,13,0,-16},
  {0x0063,1889,12,12,12,0,-12},
  {0x0064,1913,13,16,13,0,-16},
  {0x0065,1945,13,12,13,0,-12},
  {0x0066,1969,9,17,8,0,-17},
  {0x0067,2003,13,16,13,0,-12},
  {0x0068,2035,13,16,13,0,-16},
  {0x0069,2067,6,17,6,0,-17},
  {0x006a,2084,6,21,6,0,-17},
  {0x006b,2105,12,16,12,0,-16},
  {0x006c,2137,6,16,6,0,-16},
  {0x006d,2153,19,12,19,0,-12},
  {0x006e,2189,13,12,13,0,-12},
  {0x006f,2213,13,12,13,0,-12},
  {0x0070,2237,13,16,13,0,-12},
  {0x0071,2269,13,16,13,0,-12},
  {0x0072,2301,9,13,9,0,-13},
  {0x0073,2327,12,12,12,0,-12},
  {0x0074,2351,9,15,8,0,-15},
  {0x0075,2381,13,12,13,0,-12},
  {0x0076,2405,13,12,13,0,-12},
  {0x0077,2429,18,12,18,0,-12},
  {0x0078,2465,12,12,12,0,-12},
  {0x0079,2489,13,16,13,0,-12},
  {0x007a,2521,12,12,12,0,-12},
  {0x007b,2545,10,20,10,0,-17},
  {0x007c,2585,8,26,8,0,-21},
  {0x007d,2611,10,20,10,0,-17},
  {0x007e,2651,14,9,14,0,-9},
  {0x00b0,2669,10,16,10,0,-16},
  {0x00b7,2701,7,10,7,0,-10},
  {0x00d7,2711,14,12,14,0,-12},
  {0x00e9,2735,13,17,13,0,-17},
  {0x2013,2769,11,8,10,0,-8},
  {0x2014,2785,21,8,21,0,-8},
  {0x2018,2809,7,16,7,0,-16},
  {0x2019,2825,7,16,7,0,-16},
  {0x201c,2841,11,16,11,0,-16},
  {0x201d,2873,11,16,11,0,-16},
  {0x2022,2905,10,10,10,0,-10},
  {0x2026,2925,21,4,21,0,-4},
  {0x2190,2937,14,24,14,0,-20},
  {0x2192,2985,14,24,14,0,-20},
  {0x2212,3033,14,8,14,0,-8}
};
const Font F_UI_B = {F_UI_B_bits, F_UI_B_glyphs, 110, 21, 6, 27};

static const uint8_t F_UI_XL_bits[] = {
  0x1f,0x80,0x1f,0x80,0x1f,0x80,0x1f,0x80,0x1f,0x80,0x1f,0x80,0x1f,0x80,0x1f,0x80,0x1f,0x80,0x1f,0x80,0x1f,0x80,0x1f,0x80,
  0x1f,0x80,0x1f,0x80,0x1f,0x80,0x1f,0x80,0x1f,0x80,0x1f,0x80,0x1f,0x80,0x1f,0x80,0x00,0x00,0x00,0x00,0x07,0x00,0x0f,0x80,
  0x1f,0xc0,0x1f,0xc0,0x1f,0xc0,0x0f,0x80,0x07,0x00,0x0f,0x87,0xc0,0x0f,0x87,0xc0,0x0f,0x87,0xc0,0x0f,0x87,0xc0,0x0f,0x87,
  0xc0,0x0f,0x87,0xc0,0x0f,0x87,0xc0,0x0f,0x87,0xc0,0x0f,0x87,0xc0,0x0f,0x87,0xc0,0x0f,0x87,0xc0,0x0f,0x87,0xc0,0x00,0x00,
  0x00,0x00,0x00,0x00,0x00,0x00,0x00,0x00,0x00,0x00,0x00,0x00,0x00,0x00,0x00,0x00,0x00,0x00,0x00,0x00,0x00,0x00,0x00,0x00,
  0x00,0x00,0x00,0x00,0x00,0x00,0x00,0x00,0x00,0x00,0x00,0x00,0x00,0x00,0x00,0x00,0x00,0x00,0x00,0x00,0x00,0x00,0x00,0x00,
  0x00,0x00,0xf0,0x3e,0x00,0x00,0xf0,0x3c,0x00,0x00,0xf0,0x3c,0x00,0x01,0xf0,0x3c,0x00,0x01,0xf0,0x7c,0x00,0x01,0xf0,0x7c,
  0x00,0x01,0xe0,0x7c,0x00,0x1f,0xff,0xff,0x80,0x1f,0xff,0xff,0x80,0x3f,0xff,0xff,0x80,0x3f,0xff,0xff,0x80,0x3f,0xff,0xff,
  0x00,0x03,0xc0,0xf8,0x00,0x03,0xc0,0xf0,0x00,0x03,0xc0,0xf0,0x00,0x07,0xc0,0xf0,0x00,0x07,0xc0,0xf0,0x00,0x7f,0xff,0xfe,
  0x00,0x7f,0xff,0xff,0x00,0x7f,0xff,0xff,0x00,0x7f,0xff,0xfe,0x00,0x7f,0xff,0xfe,0x00,0x0f,0x81,0xe0,0x00,0x0f,0x83,0xe0,
  0x00,0x0f,0x03,0xe0,0x00,0x0f,0x03,0xe0,0x00,0x0f,0x03,0xc0,0x00,0x0f,0x03,0xc0,0x00,0x1f,0x03,0xc0,0x00,0x00,0x0c,0x00,
  0x00,0x00,0x0c,0x00,0x00,0x00,0x0c,0x00,0x00,0x00,0x0c,0x00,0x00,0x00,0x7f,0x80,0x00,0x03,0xff,0xf0,0x00,0x07,0xff,0xf8,
  0x00,0x0f,0xff,0xfc,0x00,0x1f,0xff,0xfe,0x00,0x1f,0xcc,0xfe,0x00,0x3f,0x8c,0x7e,0x00,0x3f,0x0c,0x3f,0x00,0x3f,0x0c,0x00,
  0x00,0x3f,0x0c,0x00,0x00,0x3f,0xcc,0x00,0x00,0x1f,0xfc,0x00,0x00,0x1f,0xff,0x00,0x00,0x0f,0xff,0xe0,0x00,0x03,0xff,0xf8,
  0x00,0x00,0xff,0xfc,0x00,0x00,0x1f,0xfe,0x00,0x00,0x0d,0xfe,0x00,0x00,0x0c,0x7f,0x00,0x00,0x0c,0x3f,0x00,0x3e,0x0c,0x3f,
  0x00,0x3e,0x0c,0x3f,0x00,0x3f,0x0c,0x7f,0x00,0x3f,0xcc,0xfe,0x00,0x1f,0xff,0xfe,0x00,0x1f,0xff,0xfc,0x00,0x0f,0xff,0xf8,
  0x00,0x03,0xff,0xf0,0x00,0x00,0xff,0xc0,0x00,0x00,0x0c,0x00,0x00,0x00,0x0c,0x00,0x00,0x00,0x0c,0x00,0x00,0x00,0x0c,0x00,
  0x00,0x00,0xf8,0x00,0x0f,0x00,0x00,0x03,0xfe,0x00,0x0e,0x00,0x00,0x07,0xff,0x00,0x1e,0x00,0x00,0x07,0xff,0x00,0x3c,0x00,
  0x00,0x0f,0x8f,0x80,0x38,0x00,0x00,0x0f,0x07,0x80,0x78,0x00,0x00,0x0f,0x07,0x80,0xf0,0x00,0x00,0x0f,0x07,0x80,0xe0,0x00,
  0x00,0x0f,0x07,0x81,0xe0,0x00,0x00,0x0f,0x8f,0x83,0xc0,0x00,0x00,0x07,0xff,0x07,0x80,0x00,0x00,0x07,0xff,0x07,0x80,0x00,
  0x00,0x03,0xfe,0x0f,0x00,0x00,0x00,0x00,0xf8,0x1e,0x00,0x00,0x00,0x00,0x00,0x1e,0x00,0x00,0x00,0x00,0x00,0x3c,0x07,0x80,
  0x00,0x00,0x00,0x78,0x1f,0xe0,0x00,0x00,0x00,0x78,0x3f,0xf0,0x00,0x00,0x00,0xf0,0x3f,0xf0,0x00,0x00,0x01,0xe0,0x7c,0xf8,
  0x00,0x00,0x03,0xe0,0x78,0x78,0x00,0x00,0x03,0xc0,0x78,0x78,0x00,0x00,0x07,0x80,0x78,0x78,0x00,0x00,0x0f,0x80,0x78,0x78,
  0x00,0x00,0x0f,0x00,0x7c,0xf8,0x00,0x00,0x1e,0x00,0x3f,0xf0,0x00,0x00,0x3e,0x00,0x3f,0xf0,0x00,0x00,0x3c,0x00,0x1f,0xe0,
  0x00,0x00,0x78,0x00,0x07,0x80,0x00,0x00,0x3f,0x00,0x00,0x00,0xff,0x80,0x00,0x01,0xff,0xc0,0x00,0x03,0xff,0xe0,0x00,0x03,
  0xff,0xf0,0x00,0x07,0xe3,0xf0,0x00,0x07,0xc1,0xf0,0x00,0x07,0xc1,0xf0,0x00,0x07,0xc1,0xf0,0x00,0x07,0xe3,0xe0,0x00,0x03,
  0xe7,0xe0,0x00,0x03,0xff,0xc0,0x00,0x01,0xff,0x80,0x00,0x01,0xff,0x00,0x00,0x01,0xfe,0x00,0x00,0x07,0xfe,0x0f,0x80,0x0f,
  0xff,0x0f,0x80,0x1f,0xdf,0x8f,0x80,0x1f,0x8f,0xcf,0x80,0x3f,0x07,0xff,0x00,0x3f,0x03,0xff,0x00,0x3f,0x03,0xff,0x00,0x3f,
  0x01,0xfe,0x00,0x3f,0x81,0xfe,0x00,0x1f,0xff,0xfe,0x00,0x1f,0xff,0xff,0x00,0x0f,0xff,0xff,0x80,0x03,0xff,0xcf,0x80,0x00,
  0xff,0x0f,0xc0,0x0f,0x80,0x0f,0x80,0x0f,0x80,0x0f,0x80,0x0f,0x80,0x0f,0x80,0x0f,0x80,0x0f,0x80,0x0f,0x80,0x0f,0x80,0x0f,
  0x80,0x0f,0x80,0x00,0x00,0x00,0x00,0x00,0x00,0x00,0x00,0x00,0x00,0x00,0x00,0x00,0x00,0x00,0x00,0x00,0x00,0x00,0x00,0x00,
  0x00,0x00,0x00,0x00,0x00,0x00,0x00,0x00,0x00,0x00,0x00,0x00,0x00,0x00,0xf8,0x01,0xf8,0x01,0xf0,0x03,0xf0,0x03,0xf0,0x07,
  0xe0,0x07,0xe0,0x07,0xe0,0x07,0xc0,0x0f,0xc0,0x0f,0xc0,0x0f,0xc0,0x0f,0xc0,0x1f,0x80,0x1f,0x80,0x1f,0x80,0x1f,0x80,0x1f,
  0x80,0x1f,0x80,0x1f,0x80,0x1f,0x80,0x1f,0x80,0x1f,0x80,0x1f,0x80,0x0f,0xc0,0x0f,0xc0,0x0f,0xc0,0x0f,0xc0,0x07,0xe0,0x07,
  0xe0,0x07,0xe0,0x03,0xf0,0x03,0xf0,0x01,0xf0,0x01,0xf8,0x00,0xf8,0x3e,0x00,0x3f,0x00,0x1f,0x00,0x1f,0x80,0x1f,0x80,0x0f,
  0xc0,0x0f,0xc0,0x0f,0xc0,0x07,0xc0,0x07,0xe0,0x07,0xe0,0x07,0xe0,0x07,0xe0,0x03,0xe0,0x03,0xf0,0x03,0xf0,0x03,0xf0,0x03,
  0xf0,0x03,0xf0,0x03,0xf0,0x03,0xf0,0x03,0xf0,0x03,0xf0,0x03,0xf0,0x07,0xe0,0x07,0xe0,0x07,0xe0,0x07,0xe0,0x0f,0xc0,0x0f,
  0xc0,0x0f,0xc0,0x1f,0x80,0x1f,0x80,0x1f,0x00,0x3f,0x00,0x3e,0x00,0x00,0x70,0x00,0x00,0x70,0x00,0x00,0x70,0x00,0x0c,0x71,
  0x80,0x1f,0x77,0xc0,0x1f,0xff,0xc0,0x0f,0xff,0x80,0x01,0xfc,0x00,0x01,0xfc,0x00,0x07,0xff,0x00,0x1f,0xff,0xc0,0x1f,0x77,
  0xc0,0x0c,0x71,0x80,0x00,0x70,0x00,0x00,0x70,0x00,0x00,0x70,0x00,0x00,0x00,0x00,0x00,0x00,0x00,0x00,0x00,0x00,0x00,0x00,
  0x00,0x00,0x00,0x00,0x00,0x00,0x00,0x00,0x00,0x00,0x00,0x00,0x00,0x00,0x00,0x00,0x00,0x00,0x00,0x00,0x00,0x00,0x00,0x00,
  0x00,0x00,0x00,0x00,0x00,0x1f,0x00,0x00,0x00,0x1f,0x00,0x00,0x00,0x1f,0x00,0x00,0x00,0x1f,0x00,0x00,0x00,0x1f,0x00,0x00,
  0x00,0x1f,0x00,0x00,0x00,0x1f,0x00,0x00,0x00,0x1f,0x00,0x00,0x0f,0xff,0xff,0x00,0x0f,0xff,0xff,0x00,0x0f,0xff,0xff,0x00,
  0x0f,0xff,0xff,0x00,0x0f,0xff,0xff,0x00,0x00,0x1f,0x00,0x00,0x00,0x1f,0x00,0x00,0x00,0x1f,0x00,0x00,0x00,0x1f,0x00,0x00,
  0x00,0x1f,0x00,0x00,0x00,0x1f,0x00,0x00,0x00,0x1f,0x00,0x00,0x00,0x00,0x00,0x00,0x00,0x00,0x00,0x00,0x0f,0xc0,0x0f,0x80,
  0x0f,0x80,0x0f,0x80,0x1f,0x80,0x1f,0x00,0x1f,0x00,0x1f,0x00,0x1e,0x00,0x1e,0x00,0x1e,0x00,0x3c,0x00,0x1f,0xff,0x00,0x1f,
  0xff,0x00,0x1f,0xff,0x00,0x1f,0xff,0x00,0x1f,0xff,0x00,0x00,0x00,0x00,0x00,0x00,0x00,0x00,0x00,0x00,0x00,0x00,0x00,0x00,
  0x00,0x00,0x00,0x00,0x00,0x00,0x00,0x00,0x00,0x00,0x00,0x00,0x00,0x00,0x00,0x00,0x00,0x07,0x00,0x0f,0x80,0x1f,0xc0,0x1f,
  0xc0,0x1f,0xc0,0x0f,0x80,0x07,0x00,0x00,0x3c,0x00,0x3e,0x00,0x7c,0x00,0x7c,0x00,0x7c,0x00,0x7c,0x00,0xf8,0x00,0xf8,0x00,
  0xf8,0x01,0xf8,0x01,0xf0,0x01,0xf0,0x01,0xf0,0x03,0xe0,0x03,0xe0,0x03,0xe0,0x03,0xe0,0x07,0xc0,0x07,0xc0,0x07,0xc0,0x0f,
  0xc0,0x0f,0x80,0x0f,0x80,0x0f,0x80,0x1f,0x00,0x1f,0x00,0x1f,0x00,0x1f,0x00,0x3e,0x00,0x3e,0x00,0x3e,0x00,0x7e,0x00,0x7c,
  0x00,0x7c,0x00,0x7c,0x00,0x00,0x3f,0x80,0x00,0x00,0xff,0xe0,0x00,0x03,0xff,0xf8,0x00,0x07,0xff,0xfc,0x00,0x07,0xff,0xfc,
  0x00,0x0f,0xe0,0xfe,0x00,0x1f,0xc0,0x7f,0x00,0x1f,0x80,0x3f,0x00,0x1f,0x80,0x3f,0x00,0x1f,0x80,0x3f,0x00,0x3f,0x00,0x1f,
  0x80,0x3f,0x00,0x1f,0x80,0x3f,0x00,0x1f,0x80,0x3f,0x00,0x1f,0x80,0x3f,0x00,0x1f,0x80,0x3f,0x00,0x1f,0x80,0x3f,0x00,0x1f,
  0x80,0x3f,0x00,0x1f,0x80,0x3f,0x00,0x1f,0x80,0x1f,0x80,0x3f,0x00,0x1f,0x80,0x3f,0x00,0x1f,0x80,0x3f,0x00,0x1f,0xc0,0x7f,
  0x00,0x0f,0xe0,0xfe,0x00,0x07,0xff,0xfc,0x00,0x07,0xff,0xfc,0x00,0x03,0xff,0xf8,0x00,0x00,0xff,0xe0,0x00,0x00,0x3f,0x80,
  0x00,0x00,0xfe,0x00,0x03,0xfe,0x00,0x07,0xfe,0x00,0x1f,0xfe,0x00,0x3f,0xfe,0x00,0x3f,0x7e,0x00,0x3e,0x7e,0x00,0x3c,0x7e,
  0x00,0x30,0x7e,0x00,0x20,0x7e,0x00,0x00,0x7e,0x00,0x00,0x7e,0x00,0x00,0x7e,0x00,0x00,0x7e,0x00,0x00,0x7e,0x00,0x00,0x7e,
  0x00,0x00,0x7e,0x00,0x00,0x7e,0x00,0x00,0x7e,0x00,0x00,0x7e,0x00,0x00,0x7e,0x00,0x00,0x7e,0x00,0x00,0x7e,0x00,0x00,0x7e,
  0x00,0x00,0x7e,0x00,0x00,0x7e,0x00,0x00,0x7e,0x00,0x00,0x7e,0x00,0x00,0x7e,0x00,0x00,0x7f,0x00,0x00,0x03,0xff,0xe0,0x00,
  0x07,0xff,0xf0,0x00,0x0f,0xff,0xf8,0x00,0x1f,0xff,0xfc,0x00,0x1f,0xc1,0xfc,0x00,0x3f,0x80,0xfe,0x00,0x3f,0x00,0x7e,0x00,
  0x3f,0x00,0x7e,0x00,0x00,0x00,0x7e,0x00,0x00,0x00,0x7e,0x00,0x00,0x00,0xfc,0x00,0x00,0x01,0xfc,0x00,0x00,0x01,0xf8,0x00,
  0x00,0x03,0xf8,0x00,0x00,0x07,0xf0,0x00,0x00,0x1f,0xe0,0x00,0x00,0x3f,0xc0,0x00,0x00,0x7f,0x80,0x00,0x00,0xff,0x00,0x00,
  0x01,0xfe,0x00,0x00,0x03,0xfc,0x00,0x00,0x07,0xf8,0x00,0x00,0x0f,0xf0,0x00,0x00,0x1f,0xff,0xfe,0x00,0x3f,0xff,0xfe,0x00,
  0x3f,0xff,0xfe,0x00,0x3f,0xff,0xfe,0x00,0x3f,0xff,0xfe,0x00,0x00,0x7f,0x80,0x00,0x03,0xff,0xe0,0x00,0x07,0xff,0xf8,0x00,
  0x0f,0xff,0xf8,0x00,0x1f,0xff,0xfc,0x00,0x3f,0x80,0xfe,0x00,0x3f,0x00,0x7e,0x00,0x3f,0x00,0x7e,0x00,0x00,0x00,0x7e,0x00,
  0x00,0x00,0x7e,0x00,0x00,0x00,0xfc,0x00,0x00,0x3f,0xf8,0x00,0x00,0x7f,0xf0,0x00,0x00,0x7f,0xc0,0x00,0x00,0x7f,0xf0,0x00,
  0x00,0x7f,0xfc,0x00,0x00,0x01,0xfe,0x00,0x00,0x00,0x7e,0x00,0x00,0x00,0x3f,0x00,0x00,0x00,0x3f,0x00,0x00,0x00,0x3f,0x00,
  0x3f,0x00,0x3f,0x00,0x3f,0x80,0x7f,0x00,0x1f,0xc0,0xfe,0x00,0x1f,0xff,0xfe,0x00,0x0f,0xff,0xfc,0x00,0x07,0xff,0xf8,0x00,
  0x03,0xff,0xe0,0x00,0x00,0x7f,0x80,0x00,0x00,0x03,0xfc,0x00,0x00,0x07,0xfc,0x00,0x00,0x07,0xfc,0x00,0x00,0x0f,0xfc,0x00,
  0x00,0x1f,0xfc,0x00,0x00,0x1f,0xfc,0x00,0x00,0x3f,0xfc,0x00,0x00,0x7e,0xfc,0x00,0x00,0x7e,0xfc,0x00,0x00,0xfc,0xfc,0x00,
  0x00,0xf8,0xfc,0x00,0x01,0xf8,0xfc,0x00,0x03,0xf0,0xfc,0x00,0x03,0xe0,0xfc,0x00,0x07,0xe0,0xfc,0x00,0x0f,0xc0,0xfc,0x00,
  0x0f,0xc0,0xfc,0x00,0x1f,0x80,0xfc,0x00,0x3f,0x00,0xfc,0x00,0x3f,0xff,0xff,0x80,0x3f,0xff,0xff,0x80,0x3f,0xff,0xff,0x80,
  0x3f,0xff,0xff,0x80,0x3f,0xff,0xff,0x80,0x00,0x00,0xfc,0x00,0x00,0x00,0xfc,0x00,0x00,0x00,0xfc,0x00,0x00,0x00,0xfc,0x00,
  0x00,0x00,0xfc,0x00,0x0f,0xff,0xf8,0x00,0x0f,0xff,0xf8,0x00,0x0f,0xff,0xf8,0x00,0x0f,0xff,0xf8,0x00,0x0f,0xff,0xf8,0x00,
  0x0f,0x80,0x00,0x00,0x1f,0x80,0x00,0x00,0x1f,0x80,0x00,0x00,0x1f,0x80,0x00,0x00,0x1f,0x86,0x00,0x00,0x1f,0x3f,0xc0,0x00,
  0x1f,0xff,0xf0,0x00,0x1f,0xff,0xf8,0x00,0x1f,0xff,0xfc,0x00,0x1f,0xc3,0xfc,0x00,0x03,0x00,0xfc,0x00,0x00,0x00,0xfe,0x00,
  0x00,0x00,0x7e,0x00,0x00,0x00,0x7e,0x00,0x00,0x00,0x7e,0x00,0x00,0x00,0x7e,0x00,0x3f,0x00,0x7e,0x00,0x3f,0x80,0xfc,0x00,
  0x1f,0x81,0xfc,0x00,0x1f,0xff,0xf8,0x00,0x0f,0xff,0xf8,0x00,0x07,0xff,0xf0,0x00,0x03,0xff,0xc0,0x00,0x00,0x7f,0x00,0x00,
  0x00,0x3f,0x80,0x00,0x00,0xff,0xe0,0x00,0x01,0xff,0xf8,0x00,0x03,0xff,0xfc,0x00,0x07,0xff,0xfe,0x00,0x0f,0xe0,0xfe,0x00,
  0x0f,0xc0,0x7e,0x00,0x1f,0x80,0x3e,0x00,0x1f,0x80,0x00,0x00,0x1f,0x03,0x00,0x00,0x3f,0x1f,0xf0,0x00,0x3f,0x3f,0xf8,0x00,
  0x3f,0x7f,0xfc,0x00,0x3f,0xff,0xfe,0x00,0x3f,0xe1,0xfe,0x00,0x3f,0xc0,0x7e,0x00,0x3f,0x80,0x7f,0x00,0x3f,0x80,0x3f,0x00,
  0x3f,0x80,0x3f,0x00,0x3f,0x80,0x3f,0x00,0x1f,0x80,0x3f,0x00,0x1f,0x80,0x3f,0x00,0x1f,0xc0,0x7e,0x00,0x0f,0xe0,0xfe,0x00,
  0x0f,0xff,0xfc,0x00,0x07,0xff,0xfc,0x00,0x03,0xff,0xf8,0x00,0x00,0xff,0xe0,0x00,0x00,0x3f,0x80,0x00,0x7f,0xff,0xf8,0x7f,
  0xff,0xf8,0x7f,0xff,0xf8,0x7f,0xff,0xf8,0x7f,0xff,0xf8,0x00,0x03,0xf8,0x00,0x03,0xf0,0x00,0x07,0xf0,0x00,0x07,0xe0,0x00,
  0x0f,0xe0,0x00,0x0f,0xc0,0x00,0x1f,0xc0,0x00,0x1f,0x80,0x00,0x1f,0x80,0x00,0x3f,0x00,0x00,0x3f,0x00,0x00,0x7e,0x00,0x00,
  0x7e,0x00,0x00,0xfc,0x00,0x00,0xfc,0x00,0x01,0xf8,0x00,0x01,0xf8,0x00,0x03,0xf0,0x00,0x03,0xf0,0x00,0x07,0xe0,0x00,0x07,
  0xe0,0x00,0x0f,0xc0,0x00,0x0f,0xc0,0x00,0x1f,0x80,0x00,0x00,0x7f,0x80,0x00,0x01,0xff,0xe0,0x00,0x07,0xff,0xf8,0x00,0x0f,
  0xff,0xfc,0x00,0x0f,0xff,0xfc,0x00,0x1f,0xc0,0xfe,0x00,0x1f,0x80,0x7e,0x00,0x1f,0x80,0x7e,0x00,0x1f,0x80,0x7e,0x00,0x1f,
  0x80,0x7e,0x00,0x0f,0xc0,0xfc,0x00,0x07,0xff,0xf8,0x00,0x03,0xff,0xf0,0x00,0x01,0xff,0xe0,0x00,0x03,0xff,0xf0,0x00,0x0f,
  0xff,0xfc,0x00,0x1f,0xe1,0xfe,0x00,0x1f,0x80,0x7e,0x00,0x3f,0x00,0x3f,0x00,0x3f,0x00,0x3f,0x00,0x3f,0x00,0x3f,0x00,0x3f,
  0x00,0x3f,0x00,0x3f,0x80,0x7f,0x00,0x1f,0xc0,0xfe,0x00,0x1f,0xff,0xfe,0x00,0x0f,0xff,0xfc,0x00,0x07,0xff,0xf8,0x00,0x03,
  0xff,0xf0,0x00,0x00,0x7f,0x80,0x00,0x00,0x7f,0x00,0x00,0x01,0xff,0xc0,0x00,0x07,0xff,0xf0,0x00,0x0f,0xff,0xf8,0x00,0x1f,
  0xff,0xfc,0x00,0x1f,0xc1,0xfc,0x00,0x1f,0x80,0xfe,0x00,0x3f,0x00,0x7e,0x00,0x3f,0x00,0x7e,0x00,0x3f,0x00,0x7f,0x00,0x3f,
  0x00,0x7f,0x00,0x3f,0x80,0x7f,0x00,0x3f,0x80,0xff,0x00,0x1f,0xe1,0xff,0x00,0x1f,0xff,0xff,0x00,0x0f,0xff,0xbf,0x00,0x07,
  0xff,0x3f,0x00,0x03,0xfe,0x3f,0x00,0x00,0x70,0x3f,0x00,0x00,0x00,0x7e,0x00,0x00,0x00,0x7e,0x00,0x3f,0x80,0x7e,0x00,0x1f,
  0x80,0xfc,0x00,0x1f,0xc1,0xfc,0x00,0x0f,0xff,0xf8,0x00,0x0f,0xff,0xf0,0x00,0x07,0xff,0xe0,0x00,0x01,0xff,0xc0,0x00,0x00,
  0x7f,0x00,0x00,0x07,0x00,0x0f,0x80,0x1f,0xc0,0x1f,0xc0,0x1f,0xc0,0x0f,0x80,0x07,0x00,0x00,0x00,0x00,0x00,0x00,0x00,0x00,
  0x00,0x00,0x00,0x00,0x00,0x00,0x00,0x07,0x00,0x0f,0x80,0x1f,0xc0,0x1f,0xc0,0x1f,0xc0,0x0f,0x80,0x07,0x00,0x03,0x80,0x07,
  0xc0,0x0f,0xe0,0x0f,0xe0,0x0f,0xe0,0x07,0xc0,0x03,0x80,0x00,0x00,0x00,0x00,0x00,0x00,0x00,0x00,0x00,0x00,0x00,0x00,0x00,
  0x00,0x00,0x00,0x00,0x00,0x00,0x00,0x0f,0xc0,0x0f,0xc0,0x0f,0xc0,0x0f,0x80,0x0f,0x80,0x0f,0x80,0x1f,0x00,0x1f,0x00,0x1f,
  0x00,0x1f,0x00,0x1e,0x00,0x1e,0x00,0x00,0x00,0x02,0x00,0x00,0x00,0x0e,0x00,0x00,0x00,0x3e,0x00,0x00,0x00,0xfe,0x00,0x00,
  0x07,0xfe,0x00,0x00,0x1f,0xfe,0x00,0x00,0x7f,0xf8,0x00,0x01,0xff,0xe0,0x00,0x0f,0xff,0x00,0x00,0x1f,0xfc,0x00,0x00,0x1f,
  0xe0,0x00,0x00,0x1f,0xc0,0x00,0x00,0x1f,0xf0,0x00,0x00,0x1f,0xfc,0x00,0x00,0x0f,0xff,0x80,0x00,0x01,0xff,0xe0,0x00,0x00,
  0x7f,0xfc,0x00,0x00,0x1f,0xfe,0x00,0x00,0x03,0xfe,0x00,0x00,0x00,0xfe,0x00,0x00,0x00,0x3e,0x00,0x00,0x00,0x0e,0x00,0x00,
  0x00,0x00,0x00,0x0f,0xff,0xfe,0x00,0x0f,0xff,0xfe,0x00,0x0f,0xff,0xfe,0x00,0x0f,0xff,0xfe,0x00,0x0f,0xff,0xfe,0x00,0x00,
  0x00,0x00,0x00,0x00,0x00,0x00,0x00,0x00,0x00,0x00,0x00,0x00,0x00,0x00,0x00,0x0f,0xff,0xfe,0x00,0x0f,0xff,0xfe,0x00,0x0f,
  0xff,0xfe,0x00,0x0f,0xff,0xfe,0x00,0x0f,0xff,0xfe,0x00,0x00,0x00,0x00,0x00,0x00,0x00,0x00,0x00,0x00,0x00,0x00,0x00,0x00,
  0x00,0x00,0x00,0x08,0x00,0x00,0x00,0x0e,0x00,0x00,0x00,0x0f,0x80,0x00,0x00,0x0f,0xe0,0x00,0x00,0x0f,0xfc,0x00,0x00,0x0f,
  0xff,0x00,0x00,0x03,0xff,0xc0,0x00,0x00,0xff,0xf0,0x00,0x00,0x1f,0xfe,0x00,0x00,0x07,0xff,0x00,0x00,0x00,0xff,0x00,0x00,
  0x00,0x7f,0x00,0x00,0x01,0xff,0x00,0x00,0x07,0xff,0x00,0x00,0x3f,0xfe,0x00,0x00,0xff,0xf0,0x00,0x07,0xff,0xc0,0x00,0x0f,
  0xff,0x00,0x00,0x0f,0xf8,0x00,0x00,0x0f,0xe0,0x00,0x00,0x0f,0x80,0x00,0x00,0x0e,0x00,0x00,0x00,0x00,0x00,0x00,0x00,0x00,
  0xfe,0x00,0x03,0xff,0x80,0x0f,0xff,0xe0,0x1f,0xff,0xf0,0x1f,0xff,0xf0,0x3f,0x83,0xf8,0x3f,0x01,0xf8,0x3f,0x01,0xf8,0x00,
  0x01,0xf8,0x00,0x03,0xf8,0x00,0x07,0xf0,0x00,0x0f,0xf0,0x00,0x1f,0xe0,0x00,0x3f,0x80,0x00,0x7f,0x00,0x00,0xfc,0x00,0x00,
  0xfc,0x00,0x00,0xf8,0x00,0x00,0xf8,0x00,0x00,0x00,0x00,0x00,0x00,0x00,0x00,0x00,0x00,0x00,0x70,0x00,0x00,0xf8,0x00,0x01,
  0xfc,0x00,0x01,0xfc,0x00,0x01,0xfc,0x00,0x00,0xf8,0x00,0x00,0x70,0x00,0x00,0x00,0xff,0xc0,0x00,0x00,0x00,0x0f,0xff,0xf8,
  0x00,0x00,0x00,0x3f,0xff,0xfe,0x00,0x00,0x00,0x7f,0xff,0xff,0x00,0x00,0x00,0xff,0xff,0xff,0xc0,0x00,0x01,0xfe,0x00,0x1f,
  0xe0,0x00,0x03,0xf8,0x00,0x07,0xf0,0x00,0x07,0xf0,0x00,0x03,0xf0,0x00,0x0f,0xc0,0x38,0x01,0xf8,0x00,0x0f,0xc1,0xff,0x78,
  0xfc,0x00,0x1f,0x83,0xff,0xf8,0x7c,0x00,0x1f,0x07,0xff,0xf8,0x7c,0x00,0x1f,0x0f,0xff,0xf8,0x7e,0x00,0x1f,0x0f,0xc1,0xf8,
  0x3e,0x00,0x3e,0x0f,0x00,0xf8,0x3e,0x00,0x3e,0x1f,0x00,0x78,0x3e,0x00,0x3e,0x1e,0x00,0x78,0x3e,0x00,0x3e,0x1e,0x00,0x78,
  0x3e,0x00,0x3e,0x1e,0x00,0x78,0x3e,0x00,0x3e,0x1e,0x00,0x78,0x3e,0x00,0x3e,0x1e,0x00,0x78,0x3e,0x00,0x3e,0x1f,0x00,0xf8,
  0x3c,0x00,0x3e,0x0f,0x81,0xf8,0x7c,0x00,0x3f,0x0f,0xff,0xfc,0xfc,0x00,0x1f,0x07,0xff,0xff,0xf8,0x00,0x1f,0x07,0xff,0xbf,
  0xf0,0x00,0x1f,0x81,0xff,0x1f,0xe0,0x00,0x0f,0xc0,0xfc,0x0f,0xc0,0x00,0x0f,0xc0,0x00,0x00,0x00,0x00,0x07,0xe0,0x00,0x00,
  0x00,0x00,0x07,0xf8,0x00,0x00,0x00,0x00,0x03,0xfe,0x00,0x18,0x00,0x00,0x01,0xff,0xff,0xfc,0x00,0x00,0x00,0xff,0xff,0xfc,
  0x00,0x00,0x00,0x3f,0xff,0xfc,0x00,0x00,0x00,0x0f,0xff,0xf8,0x00,0x00,0x00,0x00,0xff,0xc0,0x00,0x00,0x00,0x1f,0xe0,0x00,
  0x00,0x3f,0xe0,0x00,0x00,0x3f,0xf0,0x00,0x00,0x3f,0xf0,0x00,0x00,0x7f,0xf0,0x00,0x00,0x7f,0xf8,0x00,0x00,0x7d,0xf8,0x00,
  0x00,0xfc,0xf8,0x00,0x00,0xfc,0xfc,0x00,0x00,0xfc,0xfc,0x00,0x01,0xf8,0xfc,0x00,0x01,0xf8,0x7e,0x00,0x01,0xf8,0x7e,0x00,
  0x03,0xf0,0x7e,0x00,0x03,0xf0,0x3f,0x00,0x03,0xf0,0x3f,0x00,0x07,0xe0,0x3f,0x80,0x07,0xff,0xff,0x80,0x07,0xff,0xff,0x80,
  0x0f,0xff,0xff,0xc0,0x0f,0xff,0xff,0xc0,0x0f,0xff,0xff,0xc0,0x1f,0xc0,0x0f,0xe0,0x1f,0x80,0x07,0xe0,0x3f,0x80,0x07,0xe0,
  0x3f,0x80,0x07,0xf0,0x3f,0x00,0x07,0xf0,0x7f,0x00,0x03,0xf0,0x7f,0x00,0x03,0xf8,0x1f,0xff,0xc0,0x00,0x1f,0xff,0xf8,0x00,
  0x1f,0xff,0xfc,0x00,0x1f,0xff,0xfe,0x00,0x1f,0xff,0xfe,0x00,0x1f,0x80,0x7f,0x00,0x1f,0x80,0x3f,0x00,0x1f,0x80,0x3f,0x00,
  0x1f,0x80,0x3f,0x00,0x1f,0x80,0x3f,0x00,0x1f,0x80,0x7e,0x00,0x1f,0x80,0xfe,0x00,0x1f,0xff,0xf8,0x00,0x1f,0xff,0xe0,0x00,
  0x1f,0xff,0xf8,0x00,0x1f,0xff,0xfe,0x00,0x1f,0xff,0xff,0x00,0x1f,0x80,0x7f,0x00,0x1f,0x80,0x3f,0x80,0x1f,0x80,0x1f,0x80,
  0x1f,0x80,0x1f,0x80,0x1f,0x80,0x1f,0x80,0x1f,0x80,0x1f,0x80,0x1f,0x80,0x3f,0x80,0x1f,0xff,0xff,0x00,0x1f,0xff,0xff,0x00,
  0x1f,0xff,0xfe,0x00,0x1f,0xff,0xf8,0x00,0x1f,0xff,0xe0,0x00,0x00,0x0f,0xe0,0x00,0x00,0x7f,0xfc,0x00,0x01,0xff,0xff,0x00,
  0x03,0xff,0xff,0x80,0x07,0xff,0xff,0xc0,0x0f,0xf8,0x3f,0xc0,0x0f,0xe0,0x0f,0xe0,0x1f,0xc0,0x07,0xe0,0x1f,0x80,0x07,0xf0,
  0x1f,0x80,0x03,0xf0,0x3f,0x80,0x00,0x00,0x3f,0x00,0x00,0x00,0x3f,0x00,0x00,0x00,0x3f,0x00,0x00,0x00,0x3f,0x00,0x00,0x00,
  0x3f,0x00,0x00,0x00,0x3f,0x00,0x00,0x00,0x3f,0x00,0x00,0x00,0x3f,0x80,0x00,0x00,0x1f,0x80,0x03,0xf0,0x1f,0x80,0x07,0xf0,
  0x1f,0xc0,0x07,0xe0,0x0f,0xe0,0x0f,0xe0,0x0f,0xf8,0x3f,0xc0,0x07,0xff,0xff,0xc0,0x03,0xff,0xff,0x80,0x01,0xff,0xfe,0x00,
  0x00,0x7f,0xfc,0x00,0x00,0x0f,0xe0,0x00,0x1f,0xff,0x80,0x00,0x1f,0xff,0xf0,0x00,0x1f,0xff,0xfc,0x00,0x1f,0xff,0xfe,0x00,
  0x1f,0xff,0xff,0x00,0x1f,0x80,0x7f,0x80,0x1f,0x80,0x3f,0x80,0x1f,0x80,0x1f,0xc0,0x1f,0x80,0x0f,0xc0,0x1f,0x80,0x0f,0xc0,
  0x1f,0x80,0x07,0xe0,0x1f,0x80,0x07,0xe0,0x1f,0x80,0x07,0xe0,0x1f,0x80,0x07,0xe0,0x1f,0x80,0x07,0xe0,0x1f,0x80,0x07,0xe0,
  0x1f,0x80,0x07,0xe0,0x1f,0x80,0x07,0xe0,0x1f,0x80,0x07,0xe0,0x1f,0x80,0x0f,0xc0,0x1f,0x80,0x0f,0xc0,0x1f,0x80,0x1f,0xc0,
  0x1f,0x80,0x3f,0x80,0x1f,0x80,0x7f,0x80,0x1f,0xff,0xff,0x00,0x1f,0xff,0xfe,0x00,0x1f,0xff,0xfc,0x00,0x1f,0xff,0xf0,0x00,
  0x1f,0xff,0x80,0x00,0x1f,0xff,0xfe,0x1f,0xff,0xfe,0x1f,0xff,0xfe,0x1f,0xff,0xfe,0x1f,0xff,0xfc,0x1f,0x80,0x00,0x1f,0x80,
  0x00,0x1f,0x80,0x00,0x1f,0x80,0x00,0x1f,0x80,0x00,0x1f,0x80,0x00,0x1f,0x80,0x00,0x1f,0xff,0xfc,0x1f,0xff,0xfc,0x1f,0xff,
  0xfc,0x1f,0xff,0xfc,0x1f,0xff,0xf8,0x1f,0x80,0x00,0x1f,0x80,0x00,0x1f,0x80,0x00,0x1f,0x80,0x00,0x1f,0x80,0x00,0x1f,0x80,
  0x00,0x1f,0x80,0x00,0x1f,0xff,0xfc,0x1f,0xff,0xfe,0x1f,0xff,0xfe,0x1f,0xff,0xfe,0x1f,0xff,0xfe,0x1f,0xff,0xfc,0x1f,0xff,
  0xfc,0x1f,0xff,0xfc,0x1f,0xff,0xfc,0x1f,0xff,0xfc,0x1f,0x80,0x00,0x1f,0x80,0x00,0x1f,0x80,0x00,0x1f,0x80,0x00,0x1f,0x80,
  0x00,0x1f,0x80,0x00,0x1f,0x80,0x00,0x1f,0x80,0x00,0x1f,0xff,0xf8,0x1f,0xff,0xf8,0x1f,0xff,0xf8,0x1f,0xff,0xf8,0x1f,0xff,
  0xf8,0x1f,0x80,0x00,0x1f,0x80,0x00,0x1f,0x80,0x00,0x1f,0x80,0x00,0x1f,0x80,0x00,0x1f,0x80,0x00,0x1f,0x80,0x00,0x1f,0x80,
  0x00,0x1f,0x80,0x00,0x1f,0x80,0x00,0x1f,0x80,0x00,0x00,0x0f,0xe0,0x00,0x00,0x7f,0xfc,0x00,0x01,0xff,0xff,0x00,0x03,0xff,
  0xff,0x80,0x07,0xff,0xff,0xc0,0x07,0xf8,0x3f,0xc0,0x0f,0xe0,0x0f,0xe0,0x1f,0xc0,0x07,0xe0,0x1f,0x80,0x07,0xf0,0x1f,0x80,
  0x00,0x00,0x3f,0x80,0x00,0x00,0x3f,0x00,0x00,0x00,0x3f,0x00,0x00,0x00,0x3f,0x00,0xff,0xf0,0x3f,0x00,0xff,0xf0,0x3f,0x00,
  0xff,0xf0,0x3f,0x00,0xff,0xf0,0x3f,0x00,0xff,0xf0,0x3f,0x80,0x03,0xf0,0x1f,0x80,0x03,0xf0,0x1f,0x80,0x07,0xf0,0x1f,0xc0,
  0x07,0xe0,0x0f,0xe0,0x0f,0xe0,0x0f,0xf8,0x3f,0xc0,0x07,0xff,0xff,0xc0,0x03,0xff,0xff,0x80,0x01,0xff,0xff,0x00,0x00,0x7f,
  0xfc,0x00,0x00,0x0f,0xe0,0x00,0x1f,0x80,0x03,0xf0,0x1f,0x80,0x03,0xf0,0x1f,0x80,0x03,0xf0,0x1f,0x80,0x03,0xf0,0x1f,0x80,
  0x03,0xf0,0x1f,0x80,0x03,0xf0,0x1f,0x80,0x03,0xf0,0x1f,0x80,0x03,0xf0,0x1f,0x80,0x03,0xf0,0x1f,0x80,0x03,0xf0,0x1f,0x80,
  0x03,0xf0,0x1f,0x80,0x03,0xf0,0x1f,0xff,0xff,0xf0,0x1f,0xff,0xff,0xf0,0x1f,0xff,0xff,0xf0,0x1f,0xff,0xff,0xf0,0x1f,0xff,
  0xff,0xf0,0x1f,0x80,0x03,0xf0,0x1f,0x80,0x03,0xf0,0x1f,0x80,0x03,0xf0,0x1f,0x80,0x03,0xf0,0x1f,0x80,0x03,0xf0,0x1f,0x80,
  0x03,0xf0,0x1f,0x80,0x03,0xf0,0x1f,0x80,0x03,0xf0,0x1f,0x80,0x03,0xf0,0x1f,0x80,0x03,0xf0,0x1f,0x80,0x03,0xf0,0x1f,0x80,
  0x03,0xf0,0x1f,0x80,0x1f,0x80,0x1f,0x80,0x1f,0x80,0x1f,0x80,0x1f,0x80,0x1f,0x80,0x1f,0x80,0x1f,0x80,0x1f,0x80,0x1f,0x80,
  0x1f,0x80,0x1f,0x80,0x1f,0x80,0x1f,0x80,0x1f,0x80,0x1f,0x80,0x1f,0x80,0x1f,0x80,0x1f,0x80,0x1f,0x80,0x1f,0x80,0x1f,0x80,
  0x1f,0x80,0x1f,0x80,0x1f,0x80,0x1f,0x80,0x1f,0x80,0x1f,0x80,0x00,0x03,0xf0,0x00,0x03,0xf0,0x00,0x03,0xf0,0x00,0x03,0xf0,
  0x00,0x03,0xf0,0x00,0x03,0xf0,0x00,0x03,0xf0,0x00,0x03,0xf0,0x00,0x03,0xf0,0x00,0x03,0xf0,0x00,0x03,0xf0,0x00,0x03,0xf0,
  0x00,0x03,0xf0,0x00,0x03,0xf0,0x00,0x03,0xf0,0x00,0x03,0xf0,0x00,0x03,0xf0,0x00,0x03,0xf0,0x7e,0x03,0xf0,0x7e,0x03,0xf0,
  0x7e,0x03,0xf0,0x7e,0x03,0xf0,0x7e,0x03,0xf0,0x3f,0x07,0xe0,0x3f,0xff,0xe0,0x1f,0xff,0xc0,0x1f,0xff,0xc0,0x07,0xff,0x00,
  0x01,0xfc,0x00,0x1f,0x80,0x0f,0xe0,0x1f,0x80,0x1f,0xe0,0x1f,0x80,0x3f,0xc0,0x1f,0x80,0x3f,0x80,0x1f,0x80,0x7f,0x00,0x1f,
  0x80,0xfe,0x00,0x1f,0x81,0xfc,0x00,0x1f,0x83,0xf8,0x00,0x1f,0x87,0xf0,0x00,0x1f,0x87,0xf0,0x00,0x1f,0x8f,0xe0,0x00,0x1f,
  0x9f,0xc0,0x00,0x1f,0xbf,0x80,0x00,0x1f,0xbf,0xc0,0x00,0x1f,0xff,0xc0,0x00,0x1f,0xff,0xe0,0x00,0x1f,0xff,0xf0,0x00,0x1f,
  0xf3,0xf0,0x00,0x1f,0xe3,0xf8,0x00,0x1f,0xc1,0xfc,0x00,0x1f,0x81,0xfc,0x00,0x1f,0x80,0xfe,0x00,0x1f,0x80,0x7f,0x00,0x1f,
  0x80,0x7f,0x00,0x1f,0x80,0x3f,0x80,0x1f,0x80,0x1f,0xc0,0x1f,0x80,0x1f,0xc0,0x1f,0x80,0x0f,0xe0,0x1f,0x80,0x07,0xf0,0x1f,
  0x80,0x00,0x1f,0x80,0x00,0x1f,0x80,0x00,0x1f,0x80,0x00,0x1f,0x80,0x00,0x1f,0x80,0x00,0x1f,0x80,0x00,0x1f,0x80,0x00,0x1f,
  0x80,0x00,0x1f,0x80,0x00,0x1f,0x80,0x00,0x1f,0x80,0x00,0x1f,0x80,0x00,0x1f,0x80,0x00,0x1f,0x80,0x00,0x1f,0x80,0x00,0x1f,
  0x80,0x00,0x1f,0x80,0x00,0x1f,0x80,0x00,0x1f,0x80,0x00,0x1f,0x80,0x00,0x1f,0x80,0x00,0x1f,0x80,0x00,0x1f,0x80,0x00,0x1f,
  0xff,0xf8,0x1f,0xff,0xfc,0x1f,0xff,0xfc,0x1f,0xff,0xfc,0x1f,0xff,0xfc,0x1f,0xf0,0x00,0x3f,0xe0,0x1f,0xf8,0x00,0x7f,0xe0,
  0x1f,0xf8,0x00,0x7f,0xe0,0x1f,0xf8,0x00,0x7f,0xe0,0x1f,0xfc,0x00,0xff,0xe0,0x1f,0xfc,0x00,0xff,0xe0,0x1f,0xfe,0x00,0xff,
  0xe0,0x1f,0xbe,0x01,0xf7,0xe0,0x1f,0xbe,0x01,0xf7,0xe0,0x1f,0xbf,0x03,0xf7,0xe0,0x1f,0xbf,0x03,0xf7,0xe0,0x1f,0x9f,0x03,
  0xe7,0xe0,0x1f,0x9f,0x87,0xe7,0xe0,0x1f,0x9f,0x87,0xe7,0xe0,0x1f,0x8f,0x87,0xc7,0xe0,0x1f,0x8f,0xc7,0xc7,0xe0,0x1f,0x8f,
  0xcf,0xc7,0xe0,0x1f,0x87,0xcf,0x87,0xe0,0x1f,0x87,0xcf,0x87,0xe0,0x1f,0x87,0xcf,0x87,0xe0,0x1f,0x83,0xff,0x07,0xe0,0x1f,
  0x83,0xff,0x07,0xe0,0x1f,0x83,0xff,0x07,0xe0,0x1f,0x81,0xfe,0x07,0xe0,0x1f,0x81,0xfe,0x07,0xe0,0x1f,0x81,0xfe,0x07,0xe0,
  0x1f,0x80,0xfc,0x07,0xe0,0x1f,0x80,0xfc,0x07,0xe0,0x1f,0x80,0xfc,0x07,0xe0,0x1f,0xc0,0x03,0xf0,0x1f,0xe0,0x03,0xf0,0x1f,
  0xe0,0x03,0xf0,0x1f,0xf0,0x03,0xf0,0x1f,0xf0,0x03,0xf0,0x1f,0xf8,0x03,0xf0,0x1f,0xfc,0x03,0xf0,0x1f,0xfc,0x03,0xf0,0x1f,
  0xbe,0x03,0xf0,0x1f,0xbe,0x03,0xf0,0x1f,0xbf,0x03,0xf0,0x1f,0x9f,0x83,0xf0,0x1f,0x9f,0x83,0xf0,0x1f,0x8f,0xc3,0xf0,0x1f,
  0x87,0xc3,0xf0,0x1f,0x87,0xe3,0xf0,0x1f,0x83,0xf3,0xf0,0x1f,0x83,0xf3,0xf0,0x1f,0x81,0xfb,0xf0,0x1f,0x80,0xfb,0xf0,0x1f,
  0x80,0xff,0xf0,0x1f,0x80,0x7f,0xf0,0x1f,0x80,0x7f,0xf0,0x1f,0x80,0x3f,0xf0,0x1f,0x80,0x1f,0xf0,0x1f,0x80,0x1f,0xf0,0x1f,
  0x80,0x0f,0xf0,0x1f,0x80,0x0f,0xf0,0x1f,0x80,0x07,0xf0,0x00,0x0f,0xe0,0x00,0x00,0x7f,0xfc,0x00,0x01,0xff,0xff,0x00,0x03,
  0xff,0xff,0x80,0x07,0xff,0xff,0xc0,0x0f,0xf8,0x3f,0xc0,0x0f,0xe0,0x0f,0xe0,0x1f,0xc0,0x07,0xf0,0x1f,0x80,0x03,0xf0,0x1f,
  0x80,0x03,0xf0,0x3f,0x80,0x03,0xf8,0x3f,0x00,0x01,0xf8,0x3f,0x00,0x01,0xf8,0x3f,0x00,0x01,0xf8,0x3f,0x00,0x01,0xf8,0x3f,
  0x00,0x01,0xf8,0x3f,0x00,0x01,0xf8,0x3f,0x00,0x01,0xf8,0x3f,0x80,0x03,0xf8,0x1f,0x80,0x03,0xf0,0x1f,0x80,0x03,0xf0,0x1f,
  0xc0,0x07,0xf0,0x0f,0xe0,0x0f,0xe0,0x0f,0xf8,0x3f,0xc0,0x07,0xff,0xff,0xc0,0x03,0xff,0xff,0x80,0x01,0xff,0xff,0x00,0x00,
  0x7f,0xfc,0x00,0x00,0x0f,0xe0,0x00,0x1f,0xff,0xc0,0x00,0x1f,0xff,0xf8,0x00,0x1f,0xff,0xfc,0x00,0x1f,0xff,0xfe,0x00,0x1f,
  0xff,0xff,0x00,0x1f,0x80,0x7f,0x00,0x1f,0x80,0x3f,0x00,0x1f,0x80,0x1f,0x80,0x1f,0x80,0x1f,0x80,0x1f,0x80,0x1f,0x80,0x1f,
  0x80,0x1f,0x80,0x1f,0x80,0x1f,0x80,0x1f,0x80,0x3f,0x80,0x1f,0x80,0x3f,0x00,0x1f,0x80,0xff,0x00,0x1f,0xff,0xfe,0x00,0x1f,
  0xff,0xfe,0x00,0x1f,0xff,0xf8,0x00,0x1f,0xff,0xf0,0x00,0x1f,0xff,0x00,0x00,0x1f,0x80,0x00,0x00,0x1f,0x80,0x00,0x00,0x1f,
  0x80,0x00,0x00,0x1f,0x80,0x00,0x00,0x1f,0x80,0x00,0x00,0x1f,0x80,0x00,0x00,0x1f,0x80,0x00,0x00,0x1f,0x80,0x00,0x00,0x1f,
  0x80,0x00,0x00,0x00,0x0f,0xe0,0x00,0x00,0x7f,0xfc,0x00,0x01,0xff,0xff,0x00,0x03,0xff,0xff,0x80,0x07,0xff,0xff,0xc0,0x0f,
  0xf8,0x3f,0xc0,0x0f,0xe0,0x0f,0xe0,0x1f,0xc0,0x07,0xf0,0x1f,0x80,0x03,0xf0,0x1f,0x80,0x03,0xf0,0x3f,0x80,0x03,0xf8,0x3f,
  0x00,0x01,0xf8,0x3f,0x00,0x01,0xf8,0x3f,0x00,0x01,0xf8,0x3f,0x00,0x01,0xf8,0x3f,0x00,0x01,0xf8,0x3f,0x00,0x01,0xf8,0x3f,
  0x00,0x01,0xf8,0x3f,0x80,0x03,0xf8,0x1f,0x83,0xe3,0xf0,0x1f,0x81,0xf3,0xf0,0x1f,0xc0,0xff,0xf0,0x0f,0xe0,0xff,0xe0,0x0f,
  0xf8,0x7f,0xe0,0x07,0xff,0xff,0xc0,0x03,0xff,0xff,0x80,0x01,0xff,0xff,0x80,0x00,0x7f,0xff,0xc0,0x00,0x0f,0xe7,0xe0,0x00,
  0x00,0x03,0xe0,0x00,0x00,0x01,0xf0,0x1f,0xff,0xc0,0x00,0x1f,0xff,0xf8,0x00,0x1f,0xff,0xfc,0x00,0x1f,0xff,0xfe,0x00,0x1f,
  0xff,0xff,0x00,0x1f,0x80,0x7f,0x00,0x1f,0x80,0x3f,0x80,0x1f,0x80,0x1f,0x80,0x1f,0x80,0x1f,0x80,0x1f,0x80,0x1f,0x80,0x1f,
  0x80,0x1f,0x80,0x1f,0x80,0x1f,0x80,0x1f,0x80,0x3f,0x80,0x1f,0x80,0xff,0x00,0x1f,0xff,0xff,0x00,0x1f,0xff,0xfe,0x00,0x1f,
  0xff,0xfc,0x00,0x1f,0xff,0xf0,0x00,0x1f,0xff,0xf0,0x00,0x1f,0x83,0xf8,0x00,0x1f,0x81,0xf8,0x00,0x1f,0x81,0xfc,0x00,0x1f,
  0x80,0xfe,0x00,0x1f,0x80,0x7e,0x00,0x1f,0x80,0x7f,0x00,0x1f,0x80,0x3f,0x00,0x1f,0x80,0x3f,0x80,0x1f,0x80,0x1f,0x80,0x1f,
  0x80,0x1f,0xc0,0x00,0x7f,0x80,0x00,0x03,0xff,0xe0,0x00,0x07,0xff,0xf8,0x00,0x0f,0xff,0xfc,0x00,0x1f,0xff,0xfe,0x00,0x1f,
  0x80,0xfe,0x00,0x3f,0x00,0x7e,0x00,0x3f,0x00,0x3f,0x00,0x3f,0x00,0x00,0x00,0x3f,0x80,0x00,0x00,0x3f,0xc0,0x00,0x00,0x1f,
  0xf8,0x00,0x00,0x1f,0xff,0x80,0x00,0x0f,0xff,0xe0,0x00,0x07,0xff,0xf8,0x00,0x01,0xff,0xfc,0x00,0x00,0x3f,0xfe,0x00,0x00,
  0x03,0xfe,0x00,0x00,0x00,0x7f,0x00,0x00,0x00,0x3f,0x00,0x3e,0x00,0x3f,0x00,0x3e,0x00,0x3f,0x00,0x3f,0x00,0x7f,0x00,0x3f,
  0x80,0xfe,0x00,0x1f,0xff,0xfe,0x00,0x1f,0xff,0xfc,0x00,0x0f,0xff,0xf8,0x00,0x03,0xff,0xf0,0x00,0x00,0x7f,0x80,0x00,0x7f,
  0xff,0xff,0x80,0x7f,0xff,0xff,0x80,0x7f,0xff,0xff,0x80,0x7f,0xff,0xff,0x80,0x7f,0xff,0xff,0x80,0x00,0x3f,0x00,0x00,0x00,
  0x3f,0x00,0x00,0x00,0x3f,0x00,0x00,0x00,0x3f,0x00,0x00,0x00,0x3f,0x00,0x00,0x00,0x3f,0x00,0x00,0x00,0x3f,0x00,0x00,0x00,
  0x3f,0x00,0x00,0x00,0x3f,0x00,0x00,0x00,0x3f,0x00,0x00,0x00,0x3f,0x00,0x00,0x00,0x3f,0x00,0x00,0x00,0x3f,0x00,0x00,0x00,
  0x3f,0x00,0x00,0x00,0x3f,0x00,0x00,0x00,0x3f,0x00,0x00,0x00,0x3f,0x00,0x00,0x00,0x3f,0x00,0x00,0x00,0x3f,0x00,0x00,0x00,
  0x3f,0x00,0x00,0x00,0x3f,0x00,0x00,0x00,0x3f,0x00,0x00,0x00,0x3f,0x00,0x00,0x00,0x3f,0x00,0x00,0x1f,0x80,0x07,0xe0,0x1f,
  0x80,0x07,0xe0,0x1f,0x80,0x07,0xe0,0x1f,0x80,0x07,0xe0,0x1f,0x80,0x07,0xe0,0x1f,0x80,0x07,0xe0,0x1f,0x80,0x07,0xe0,0x1f,
  0x80,0x07,0xe0,0x1f,0x80,0x07,0xe0,0x1f,0x80,0x07,0xe0,0x1f,0x80,0x07,0xe0,0x1f,0x80,0x07,0xe0,0x1f,0x80,0x07,0xe0,0x1f,
  0x80,0x07,0xe0,0x1f,0x80,0x07,0xe0,0x1f,0x80,0x07,0xe0,0x1f,0x80,0x07,0xe0,0x1f,0x80,0x07,0xe0,0x1f,0x80,0x07,0xe0,0x1f,
  0x80,0x07,0xe0,0x1f,0x80,0x07,0xe0,0x1f,0xc0,0x0f,0xe0,0x0f,0xe0,0x1f,0xc0,0x0f,0xf0,0x3f,0xc0,0x07,0xff,0xff,0x80,0x03,
  0xff,0xff,0x00,0x01,0xff,0xfe,0x00,0x00,0xff,0xfc,0x00,0x00,0x1f,0xe0,0x00,0x7f,0x00,0x03,0xf8,0x7f,0x00,0x03,0xf0,0x3f,
  0x00,0x03,0xf0,0x3f,0x80,0x07,0xf0,0x1f,0x80,0x07,0xe0,0x1f,0x80,0x07,0xe0,0x1f,0xc0,0x0f,0xe0,0x0f,0xc0,0x0f,0xc0,0x0f,
  0xc0,0x0f,0xc0,0x0f,0xe0,0x1f,0xc0,0x07,0xe0,0x1f,0x80,0x07,0xe0,0x1f,0x80,0x07,0xf0,0x3f,0x80,0x03,0xf0,0x3f,0x00,0x03,
  0xf0,0x3f,0x00,0x03,0xf8,0x7f,0x00,0x01,0xf8,0x7e,0x00,0x01,0xf8,0x7e,0x00,0x01,0xfc,0x7e,0x00,0x00,0xfc,0xfc,0x00,0x00,
  0xfc,0xfc,0x00,0x00,0x7c,0xfc,0x00,0x00,0x7e,0xf8,0x00,0x00,0x7f,0xf8,0x00,0x00,0x3f,0xf0,0x00,0x00,0x3f,0xf0,0x00,0x00,
  0x3f,0xf0,0x00,0x00,0x1f,0xe0,0x00,0x00,0x1f,0xe0,0x00,0x7f,0x00,0x3f,0x00,0x3f,0x00,0x7f,0x00,0x7f,0x00,0x3f,0x00,0x3f,
  0x00,0x7f,0x00,0x7f,0x00,0x3f,0x00,0x7f,0x80,0x7f,0x00,0x3f,0x80,0x7f,0x80,0x7e,0x00,0x3f,0x80,0xff,0x80,0x7e,0x00,0x1f,
  0x80,0xff,0x80,0xfe,0x00,0x1f,0x80,0xff,0xc0,0xfe,0x00,0x1f,0x80,0xff,0xc0,0xfc,0x00,0x0f,0xc1,0xf7,0xc0,0xfc,0x00,0x0f,
  0xc1,0xf7,0xc0,0xfc,0x00,0x0f,0xc1,0xf7,0xe1,0xf8,0x00,0x0f,0xc1,0xf3,0xe1,0xf8,0x00,0x07,0xe3,0xf3,0xe1,0xf8,0x00,0x07,
  0xe3,0xe3,0xe1,0xf8,0x00,0x07,0xe3,0xe3,0xf3,0xf0,0x00,0x07,0xe3,0xe1,0xf3,0xf0,0x00,0x03,0xe7,0xe1,0xf3,0xf0,0x00,0x03,
  0xf7,0xc1,0xf3,0xf0,0x00,0x03,0xf7,0xc1,0xf3,0xe0,0x00,0x03,0xf7,0xc0,0xff,0xe0,0x00,0x01,0xf7,0xc0,0xff,0xe0,0x00,0x01,
  0xff,0x80,0xff,0xc0,0x00,0x01,0xff,0x80,0xff,0xc0,0x00,0x00,0xff,0x80,0x7f,0xc0,0x00,0x00,0xff,0x80,0x7f,0xc0,0x00,0x00,
  0xff,0x00,0x7f,0x80,0x00,0x00,0xff,0x00,0x3f,0x80,0x00,0x00,0x7f,0x00,0x3f,0x80,0x00,0x3f,0x80,0x07,0xe0,0x1f,0xc0,0x0f,
  0xe0,0x0f,0xc0,0x1f,0xc0,0x0f,0xe0,0x1f,0x80,0x07,0xf0,0x3f,0x80,0x03,0xf0,0x7f,0x00,0x03,0xf8,0x7e,0x00,0x01,0xfc,0xfe,
  0x00,0x00,0xfc,0xfc,0x00,0x00,0xff,0xf8,0x00,0x00,0x7f,0xf8,0x00,0x00,0x3f,0xf0,0x00,0x00,0x3f,0xe0,0x00,0x00,0x1f,0xe0,
  0x00,0x00,0x1f,0xe0,0x00,0x00,0x1f,0xe0,0x00,0x00,0x3f,0xf0,0x00,0x00,0x7f,0xf8,0x00,0x00,0xff,0xf8,0x00,0x00,0xfd,0xfc,
  0x00,0x01,0xfc,0xfe,0x00,0x03,0xf8,0x7e,0x00,0x03,0xf0,0x7f,0x00,0x07,0xf0,0x3f,0x80,0x0f,0xe0,0x3f,0x80,0x1f,0xc0,0x1f,
  0xc0,0x1f,0xc0,0x0f,0xe0,0x3f,0x80,0x0f,0xf0,0x7f,0x00,0x07,0xf0,0x3f,0x00,0x07,0xf0,0x3f,0x80,0x07,0xf0,0x1f,0xc0,0x0f,
  0xe0,0x1f,0xc0,0x0f,0xe0,0x0f,0xe0,0x1f,0xc0,0x0f,0xe0,0x1f,0x80,0x07,0xf0,0x3f,0x80,0x03,0xf0,0x3f,0x00,0x03,0xf8,0x7f,
  0x00,0x01,0xf8,0x7e,0x00,0x01,0xfc,0xfc,0x00,0x00,0xfc,0xfc,0x00,0x00,0x7f,0xf8,0x00,0x00,0x7f,0xf8,0x00,0x00,0x3f,0xf0,
  0x00,0x00,0x3f,0xe0,0x00,0x00,0x1f,0xe0,0x00,0x00,0x0f,0xc0,0x00,0x00,0x0f,0xc0,0x00,0x00,0x0f,0xc0,0x00,0x00,0x0f,0xc0,
  0x00,0x00,0x0f,0xc0,0x00,0x00,0x0f,0xc0,0x00,0x00,0x0f,0xc0,0x00,0x00,0x0f,0xc0,0x00,0x00,0x0f,0xc0,0x00,0x00,0x0f,0xc0,
  0x00,0x00,0x0f,0xc0,0x00,0x00,0x0f,0xc0,0x00,0x3f,0xff,0xff,0x00,0x3f,0xff,0xff,0x00,0x3f,0xff,0xff,0x00,0x3f,0xff,0xff,
  0x00,0x3f,0xff,0xfe,0x00,0x00,0x00,0xfe,0x00,0x00,0x01,0xfc,0x00,0x00,0x01,0xf8,0x00,0x00,0x03,0xf0,0x00,0x00,0x07,0xf0,
  0x00,0x00,0x0f,0xe0,0x00,0x00,0x0f,0xc0,0x00,0x00,0x1f,0xc0,0x00,0x00,0x3f,0x80,0x00,0x00,0x3f,0x00,0x00,0x00,0x7f,0x00,
  0x00,0x00,0xfe,0x00,0x00,0x00,0xfc,0x00,0x00,0x01,0xfc,0x00,0x00,0x03,0xf8,0x00,0x00,0x03,0xf0,0x00,0x00,0x07,0xe0,0x00,
  0x00,0x0f,0xe0,0x00,0x00,0x1f,0xc0,0x00,0x00,0x1f,0xff,0xff,0x00,0x3f,0xff,0xff,0x00,0x3f,0xff,0xff,0x00,0x3f,0xff,0xff,
  0x00,0x3f,0xff,0xff,0x00,0x0f,0xfc,0x0f,0xfc,0x0f,0xfc,0x0f,0xfc,0x0f,0xf8,0x0f,0xc0,0x0f,0xc0,0x0f,0xc0,0x0f,0xc0,0x0f,
  0xc0,0x0f,0xc0,0x0f,0xc0,0x0f,0xc0,0x0f,0xc0,0x0f,0xc0,0x0f,0xc0,0x0f,0xc0,0x0f,0xc0,0x0f,0xc0,0x0f,0xc0,0x0f,0xc0,0x0f,
  0xc0,0x0f,0xc0,0x0f,0xc0,0x0f,0xc0,0x0f,0xc0,0x0f,0xc0,0x0f,0xc0,0x0f,0xc0,0x0f,0xc0,0x0f,0xc0,0x0f,0xf8,0x0f,0xfc,0x0f,
  0xfc,0x0f,0xfc,0x0f,0xfc,0x78,0x00,0x7c,0x00,0x7c,0x00,0x7c,0x00,0x3e,0x00,0x3e,0x00,0x3e,0x00,0x3f,0x00,0x1f,0x00,0x1f,
  0x00,0x1f,0x00,0x0f,0x80,0x0f,0x80,0x0f,0x80,0x0f,0x80,0x07,0xc0,0x07,0xc0,0x07,0xc0,0x07,0xe0,0x03,0xe0,0x03,0xe0,0x03,
  0xe0,0x01,0xf0,0x01,0xf0,0x01,0xf0,0x01,0xf0,0x00,0xf8,0x00,0xf8,0x00,0xf8,0x00,0xfc,0x00,0x7c,0x00,0x7c,0x00,0x7c,0x00,
  0x3e,0x00,0x3e,0x3f,0xf0,0x3f,0xf0,0x3f,0xf0,0x3f,0xf0,0x3f,0xf0,0x03,0xf0,0x03,0xf0,0x03,0xf0,0x03,0xf0,0x03,0xf0,0x03,
  0xf0,0x03,0xf0,0x03,0xf0,0x03,0xf0,0x03,0xf0,0x03,0xf0,0x03,0xf0,0x03,0xf0,0x03,0xf0,0x03,0xf0,0x03,0xf0,0x03,0xf0,0x03,
  0xf0,0x03,0xf0,0x03,0xf0,0x03,0xf0,0x03,0xf0,0x03,0xf0,0x03,0xf0,0x03,0xf0,0x03,0xf0,0x3f,0xf0,0x3f,0xf0,0x3f,0xf0,0x3f,
  0xf0,0x3f,0xf0,0x00,0xf0,0x00,0x01,0xf8,0x00,0x03,0xf8,0x00,0x03,0xfc,0x00,0x07,0xfc,0x00,0x07,0xbe,0x00,0x0f,0x9e,0x00,
  0x0f,0x1e,0x00,0x0f,0x0f,0x00,0x1e,0x0f,0x00,0x1e,0x07,0x80,0x3e,0x07,0x80,0x3c,0x07,0xc0,0x00,0x00,0x00,0x00,0x00,0x00,
  0x00,0x00,0x00,0x00,0x00,0x00,0x00,0x00,0x00,0x00,0x00,0x00,0x00,0x00,0x00,0x00,0x00,0x00,0x00,0x00,0x00,0x00,0x00,0x00,
  0x00,0x00,0x00,0x00,0x00,0x00,0x00,0x00,0x00,0x00,0x00,0x00,0x00,0x00,0x00,0x00,0x00,0x00,0xff,0xff,0xe0,0xff,0xff,0xe0,
  0xff,0xff,0xe0,0xff,0xff,0xe0,0xff,0xff,0xe0,0x1f,0x80,0x0f,0x80,0x07,0xc0,0x07,0xc0,0x03,0xe0,0x01,0xe0,0x00,0x00,0x00,
  0x00,0x00,0x00,0x00,0x00,0x00,0x00,0x00,0x00,0x00,0x00,0x00,0x00,0x00,0x00,0x00,0x00,0x00,0x00,0x00,0x00,0x00,0x00,0x00,
  0x00,0x00,0x00,0x00,0x00,0x00,0x00,0x00,0x00,0x00,0x00,0x00,0x00,0x00,0x00,0x00,0x00,0x00,0x00,0x00,0x00,0x01,0xfe,0x00,
  0x07,0xff,0x80,0x0f,0xff,0xc0,0x1f,0xff,0xe0,0x3f,0xff,0xe0,0x3f,0x07,0xf0,0x0e,0x03,0xf0,0x00,0x03,0xf0,0x00,0x07,0xf0,
  0x00,0xff,0xf0,0x0f,0xff,0xf0,0x1f,0xff,0xf0,0x3f,0xc3,0xf0,0x7f,0x03,0xf0,0x7e,0x03,0xf0,0x7e,0x03,0xf0,0x7f,0x07,0xf0,
  0x7f,0xff,0xf0,0x3f,0xff,0xf0,0x3f,0xfb,0xf0,0x1f,0xf3,0xf0,0x07,0xe3,0xf0,0x3f,0x00,0x00,0x00,0x3f,0x00,0x00,0x00,0x3f,
  0x00,0x00,0x00,0x3f,0x00,0x00,0x00,0x3f,0x00,0x00,0x00,0x3f,0x00,0x00,0x00,0x3f,0x00,0x00,0x00,0x3f,0x0f,0x80,0x00,0x3f,
  0x3f,0xe0,0x00,0x3f,0x7f,0xf0,0x00,0x3f,0xff,0xf8,0x00,0x3f,0xff,0xfc,0x00,0x3f,0xc1,0xfc,0x00,0x3f,0x80,0xfc,0x00,0x3f,
  0x80,0xfe,0x00,0x3f,0x00,0x7e,0x00,0x3f,0x00,0x7e,0x00,0x3f,0x00,0x7e,0x00,0x3f,0x00,0x7e,0x00,0x3f,0x00,0x7e,0x00,0x3f,
  0x00,0x7e,0x00,0x3f,0x80,0xfe,0x00,0x3f,0x80,0xfc,0x00,0x3f,0xc1,0xfc,0x00,0x3f,0xff,0xfc,0x00,0x3f,0xff,0xf8,0x00,0x3f,
  0x7f,0xf0,0x00,0x3f,0x3f,0xe0,0x00,0x3f,0x0f,0x80,0x00,0x00,0x7f,0x00,0x01,0xff,0xc0,0x07,0xff,0xf0,0x0f,0xff,0xf8,0x0f,
  0xff,0xf8,0x1f,0xc1,0xfc,0x1f,0x80,0xfc,0x3f,0x80,0x70,0x3f,0x00,0x00,0x3f,0x00,0x00,0x3f,0x00,0x00,0x3f,0x00,0x00,0x3f,
  0x00,0x00,0x3f,0x00,0x00,0x3f,0x80,0x78,0x1f,0x80,0xfc,0x1f,0xc1,0xfc,0x0f,0xff,0xf8,0x0f,0xff,0xf8,0x07,0xff,0xf0,0x01,
  0xff,0xc0,0x00,0x7f,0x00,0x00,0x00,0x7e,0x00,0x00,0x00,0x7e,0x00,0x00,0x00,0x7e,0x00,0x00,0x00,0x7e,0x00,0x00,0x00,0x7e,
  0x00,0x00,0x00,0x7e,0x00,0x00,0x00,0x7e,0x00,0x00,0xfc,0x7e,0x00,0x03,0xfe,0x7e,0x00,0x07,0xff,0x7e,0x00,0x0f,0xff,0xfe,
  0x00,0x1f,0xff,0xfe,0x00,0x1f,0xc1,0xfe,0x00,0x1f,0x80,0xfe,0x00,0x3f,0x80,0xfe,0x00,0x3f,0x00,0x7e,0x00,0x3f,0x00,0x7e,
  0x00,0x3f,0x00,0x7e,0x00,0x3f,0x00,0x7e,0x00,0x3f,0x00,0x7e,0x00,0x3f,0x00,0x7e,0x00,0x3f,0x80,0xfe,0x00,0x1f,0x80,0xfe,
  0x00,0x1f,0xc1,0xfe,0x00,0x1f,0xff,0xfe,0x00,0x0f,0xff,0xfe,0x00,0x07,0xff,0x7e,0x00,0x03,0xfe,0x7e,0x00,0x00,0xf8,0x7e,
  0x00,0x00,0x7f,0x00,0x01,0xff,0xc0,0x03,0xff,0xf0,0x07,0xff,0xf8,0x0f,0xff,0xf8,0x1f,0xc0,0xfc,0x1f,0x80,0x7c,0x3f,0x00,
  0x7e,0x3f,0xff,0xfe,0x3f,0xff,0xfe,0x3f,0xff,0xfe,0x3f,0xff,0xfe,0x3f,0x00,0x00,0x3f,0x00,0x00,0x3f,0x00,0x00,0x1f,0x80,
  0x78,0x1f,0xc0,0xfc,0x0f,0xff,0xfc,0x0f,0xff,0xf8,0x07,0xff,0xf0,0x01,0xff,0xe0,0x00,0x7f,0x80,0x00,0x7e,0x01,0xff,0x03,
  0xfe,0x03,0xfe,0x07,0xfe,0x07,0xe0,0x07,0xe0,0x07,0xe0,0x7f,0xfe,0x7f,0xfe,0x7f,0xfe,0x7f,0xfe,0x7f,0xfe,0x07,0xe0,0x07,
  0xe0,0x07,0xe0,0x07,0xe0,0x07,0xe0,0x07,0xe0,0x07,0xe0,0x07,0xe0,0x07,0xe0,0x07,0xe0,0x07,0xe0,0x07,0xe0,0x07,0xe0,0x07,
  0xe0,0x07,0xe0,0x07,0xe0,0x07,0xe0,0x00,0xfc,0x7e,0x00,0x03,0xfe,0x7e,0x00,0x07,0xff,0x7e,0x00,0x0f,0xff,0xfe,0x00,0x0f,
  0xff,0xfe,0x00,0x1f,0xc1,0xfe,0x00,0x1f,0x80,0xfe,0x00,0x3f,0x80,0xfe,0x00,0x3f,0x00,0x7e,0x00,0x3f,0x00,0x7e,0x00,0x3f,
  0x00,0x7e,0x00,0x3f,0x00,0x7e,0x00,0x3f,0x00,0x7e,0x00,0x3f,0x00,0x7e,0x00,0x3f,0x80,0xfe,0x00,0x1f,0x80,0xfe,0x00,0x1f,
  0xc1,0xfe,0x00,0x1f,0xff,0xfe,0x00,0x0f,0xff,0xfe,0x00,0x07,0xff,0x7e,0x00,0x03,0xfe,0x7e,0x00,0x00,0xf8,0x7e,0x00,0x00,
  0x00,0x7e,0x00,0x00,0x00,0x7e,0x00,0x1f,0x80,0xfc,0x00,0x1f,0xff,0xfc,0x00,0x0f,0xff,0xf8,0x00,0x07,0xff,0xf0,0x00,0x03,
  0xff,0xe0,0x00,0x00,0x7f,0x00,0x00,0x3f,0x00,0x00,0x00,0x3f,0x00,0x00,0x00,0x3f,0x00,0x00,0x00,0x3f,0x00,0x00,0x00,0x3f,
  0x00,0x00,0x00,0x3f,0x00,0x00,0x00,0x3f,0x00,0x00,0x00,0x3f,0x0f,0x80,0x00,0x3f,0x3f,0xe0,0x00,0x3f,0x7f,0xf0,0x00,0x3f,
  0xff,0xf8,0x00,0x3f,0xff,0xf8,0x00,0x3f,0xc1,0xfc,0x00,0x3f,0x81,0xfc,0x00,0x3f,0x00,0xfc,0x00,0x3f,0x00,0xfc,0x00,0x3f,
  0x00,0xfc,0x00,0x3f,0x00,0xfc,0x00,0x3f,0x00,0xfc,0x00,0x3f,0x00,0xfc,0x00,0x3f,0x00,0xfc,0x00,0x3f,0x00,0xfc,0x00,0x3f,
  0x00,0xfc,0x00,0x3f,0x00,0xfc,0x00,0x3f,0x00,0xfc,0x00,0x3f,0x00,0xfc,0x00,0x3f,0x00,0xfc,0x00,0x3f,0x00,0xfc,0x00,0x3f,
  0x00,0xfc,0x00,0x1e,0x00,0x3f,0x00,0x3f,0x00,0x3f,0x00,0x3f,0x00,0x1e,0x00,0x00,0x00,0x00,0x00,0x00,0x00,0x3f,0x00,0x3f,
  0x00,0x3f,0x00,0x3f,0x00,0x3f,0x00,0x3f,0x00,0x3f,0x00,0x3f,0x00,0x3f,0x00,0x3f,0x00,0x3f,0x00,0x3f,0x00,0x3f,0x00,0x3f,
  0x00,0x3f,0x00,0x3f,0x00,0x3f,0x00,0x3f,0x00,0x3f,0x00,0x3f,0x00,0x3f,0x00,0x3f,0x00,0x0f,0x00,0x1f,0x80,0x1f,0x80,0x1f,
  0x80,0x1f,0x80,0x0f,0x00,0x00,0x00,0x00,0x00,0x00,0x00,0x1f,0x80,0x1f,0x80,0x1f,0x80,0x1f,0x80,0x1f,0x80,0x1f,0x80,0x1f,
  0x80,0x1f,0x80,0x1f,0x80,0x1f,0x80,0x1f,0x80,0x1f,0x80,0x1f,0x80,0x1f,0x80,0x1f,0x80,0x1f,0x80,0x1f,0x80,0x1f,0x80,0x1f,
  0x80,0x1f,0x80,0x1f,0x80,0x1f,0x80,0x1f,0x80,0x1f,0x80,0x1f,0x80,0xff,0x80,0xff,0x00,0xff,0x00,0xfe,0x00,0xf8,0x00,0x3f,
  0x00,0x00,0x3f,0x00,0x00,0x3f,0x00,0x00,0x3f,0x00,0x00,0x3f,0x00,0x00,0x3f,0x00,0x00,0x3f,0x00,0x00,0x3f,0x01,0xfc,0x3f,
  0x03,0xf8,0x3f,0x07,0xf0,0x3f,0x0f,0xe0,0x3f,0x0f,0xc0,0x3f,0x1f,0xc0,0x3f,0x3f,0x80,0x3f,0x7f,0x00,0x3f,0xfe,0x00,0x3f,
  0xfc,0x00,0x3f,0xfe,0x00,0x3f,0xfe,0x00,0x3f,0xff,0x00,0x3f,0xbf,0x80,0x3f,0x1f,0x80,0x3f,0x1f,0xc0,0x3f,0x0f,0xe0,0x3f,
  0x07,0xf0,0x3f,0x07,0xf0,0x3f,0x03,0xf8,0x3f,0x01,0xfc,0x3f,0x01,0xfc,0x3f,0x00,0x3f,0x00,0x3f,0x00,0x3f,0x00,0x3f,0x00,
  0x3f,0x00,0x3f,0x00,0x3f,0x00,0x3f,0x00,0x3f,0x00,0x3f,0x00,0x3f,0x00,0x3f,0x00,0x3f,0x00,0x3f,0x00,0x3f,0x00,0x3f,0x00,
  0x3f,0x00,0x3f,0x00,0x3f,0x00,0x3f,0x00,0x3f,0x00,0x3f,0x00,0x3f,0x00,0x3f,0x00,0x3f,0x00,0x3f,0x00,0x3f,0x00,0x3f,0x00,
  0x3f,0x1f,0x80,0xfc,0x00,0x3f,0x3f,0xc3,0xfe,0x00,0x3f,0x7f,0xe7,0xff,0x00,0x3f,0xff,0xef,0xff,0x80,0x3f,0xff,0xff,0xff,
  0x80,0x3f,0x83,0xfc,0x1f,0xc0,0x3f,0x01,0xf8,0x0f,0xc0,0x3f,0x01,0xf8,0x0f,0xc0,0x3f,0x01,0xf8,0x0f,0xc0,0x3f,0x01,0xf8,
  0x0f,0xc0,0x3f,0x01,0xf8,0x0f,0xc0,0x3f,0x01,0xf8,0x0f,0xc0,0x3f,0x01,0xf8,0x0f,0xc0,0x3f,0x01,0xf8,0x0f,0xc0,0x3f,0x01,
  0xf8,0x0f,0xc0,0x3f,0x01,0xf8,0x0f,0xc0,0x3f,0x01,0xf8,0x0f,0xc0,0x3f,0x01,0xf8,0x0f,0xc0,0x3f,0x01,0xf8,0x0f,0xc0,0x3f,
  0x01,0xf8,0x0f,0xc0,0x3f,0x01,0xf8,0x0f,0xc0,0x3f,0x01,0xf8,0x0f,0xc0,0x3f,0x0f,0x80,0x00,0x3f,0x3f,0xe0,0x00,0x3f,0x7f,
  0xf0,0x00,0x3f,0xff,0xf8,0x00,0x3f,0xff,0xf8,0x00,0x3f,0xc1,0xfc,0x00,0x3f,0x81,0xfc,0x00,0x3f,0x00,0xfc,0x00,0x3f,0x00,
  0xfc,0x00,0x3f,0x00,0xfc,0x00,0x3f,0x00,0xfc,0x00,0x3f,0x00,0xfc,0x00,0x3f,0x00,0xfc,0x00,0x3f,0x00,0xfc,0x00,0x3f,0x00,
  0xfc,0x00,0x3f,0x00,0xfc,0x00,0x3f,0x00,0xfc,0x00,0x3f,0x00,0xfc,0x00,0x3f,0x00,0xfc,0x00,0x3f,0x00,0xfc,0x00,0x3f,0x00,
  0xfc,0x00,0x3f,0x00,0xfc,0x00,0x00,0x7f,0x00,0x00,0x01,0xff,0xc0,0x00,0x07,0xff,0xf0,0x00,0x0f,0xff,0xf8,0x00,0x0f,0xff,
  0xf8,0x00,0x1f,0xc1,0xfc,0x00,0x1f,0x80,0xfc,0x00,0x3f,0x80,0xfe,0x00,0x3f,0x00,0x7e,0x00,0x3f,0x00,0x7e,0x00,0x3f,0x00,
  0x7e,0x00,0x3f,0x00,0x7e,0x00,0x3f,0x00,0x7e,0x00,0x3f,0x00,0x7e,0x00,0x3f,0x80,0xfe,0x00,0x1f,0x80,0xfc,0x00,0x1f,0xc1,
  0xfc,0x00,0x0f,0xff,0xf8,0x00,0x0f,0xff,0xf8,0x00,0x07,0xff,0xf0,0x00,0x01,0xff,0xc0,0x00,0x00,0x7f,0x00,0x00,0x3f,0x0f,
  0x80,0x00,0x3f,0x3f,0xe0,0x00,0x3f,0x7f,0xf0,0x00,0x3f,0xff,0xf8,0x00,0x3f,0xff,0xfc,0x00,0x3f,0xc1,0xfc,0x00,0x3f,0x80,
  0xfc,0x00,0x3f,0x80,0xfe,0x00,0x3f,0x00,0x7e,0x00,0x3f,0x00,0x7e,0x00,0x3f,0x00,0x7e,0x00,0x3f,0x00,0x7e,0x00,0x3f,0x00,
  0x7e,0x00,0x3f,0x00,0x7e,0x00,0x3f,0x80,0xfe,0x00,0x3f,0x80,0xfc,0x00,0x3f,0xc1,0xfc,0x00,0x3f,0xff,0xfc,0x00,0x3f,0xff,
  0xf8,0x00,0x3f,0x7f,0xf0,0x00,0x3f,0x3f,0xe0,0x00,0x3f,0x1f,0x80,0x00,0x3f,0x00,0x00,0x00,0x3f,0x00,0x00,0x00,0x3f,0x00,
  0x00,0x00,0x3f,0x00,0x00,0x00,0x3f,0x00,0x00,0x00,0x3f,0x00,0x00,0x00,0x3f,0x00,0x00,0x00,0x3f,0x00,0x00,0x00,0x00,0xf8,
  0x7e,0x00,0x03,0xfe,0x7e,0x00,0x07,0xff,0x7e,0x00,0x0f,0xff,0xfe,0x00,0x1f,0xff,0xfe,0x00,0x1f,0xc1,0xfe,0x00,0x1f,0x80,
  0xfe,0x00,0x3f,0x80,0xfe,0x00,0x3f,0x00,0x7e,0x00,0x3f,0x00,0x7e,0x00,0x3f,0x00,0x7e,0x00,0x3f,0x00,0x7e,0x00,0x3f,0x00,
  0x7e,0x00,0x3f,0x00,0x7e,0x00,0x3f,0x80,0xfe,0x00,0x1f,0x80,0xfe,0x00,0x1f,0xc1,0xfe,0x00,0x1f,0xff,0xfe,0x00,0x0f,0xff,
  0xfe,0x00,0x07,0xff,0x7e,0x00,0x03,0xfe,0x7e,0x00,0x00,0xf8,0x7e,0x00,0x00,0x00,0x7e,0x00,0x00,0x00,0x7e,0x00,0x00,0x00,
  0x7e,0x00,0x00,0x00,0x7e,0x00,0x00,0x00,0x7e,0x00,0x00,0x00,0x7e,0x00,0x00,0x00,0x7e,0x00,0x00,0x00,0x7e,0x00,0x3f,0x1e,
  0x3f,0x3e,0x3f,0x7e,0x3f,0xfe,0x3f,0xfe,0x3f,0xc0,0x3f,0x80,0x3f,0x00,0x3f,0x00,0x3f,0x00,0x3f,0x00,0x3f,0x00,0x3f,0x00,
  0x3f,0x00,0x3f,0x00,0x3f,0x00,0x3f,0x00,0x3f,0x00,0x3f,0x00,0x3f,0x00,0x3f,0x00,0x3f,0x00,0x01,0xfe,0x00,0x07,0xff,0x80,
  0x0f,0xff,0xc0,0x1f,0xff,0xe0,0x3f,0xff,0xf0,0x3f,0x83,0xf0,0x3f,0x01,0xc0,0x3f,0x00,0x00,0x3f,0xc0,0x00,0x1f,0xfc,0x00,
  0x0f,0xff,0xc0,0x07,0xff,0xe0,0x00,0x7f,0xf0,0x00,0x07,0xf8,0x00,0x01,0xf8,0x3e,0x01,0xf8,0x3f,0x03,0xf8,0x3f,0xff,0xf0,
  0x1f,0xff,0xf0,0x0f,0xff,0xe0,0x07,0xff,0x80,0x01,0xfe,0x00,0x0f,0xc0,0x0f,0xc0,0x0f,0xc0,0x0f,0xc0,0x0f,0xc0,0x7f,0xfc,
  0x7f,0xfc,0x7f,0xfc,0x7f,0xfc,0x7f,0xfc,0x0f,0xc0,0x0f,0xc0,0x0f,0xc0,0x0f,0xc0,0x0f,0xc0,0x0f,0xc0,0x0f,0xc0,0x0f,0xc0,
  0x0f,0xc0,0x0f,0xc0,0x0f,0xc0,0x0f,0xc0,0x0f,0xfc,0x0f,0xfc,0x07,0xfc,0x03,0xfc,0x00,0xfc,0x3f,0x00,0xfc,0x00,0x3f,0x00,
  0xfc,0x00,0x3f,0x00,0xfc,0x00,0x3f,0x00,0xfc,0x00,0x3f,0x00,0xfc,0x00,0x3f,0x00,0xfc,0x00,0x3f,0x00,0xfc,0x00,0x3f,0x00,
  0xfc,0x00,0x3f,0x00,0xfc,0x00,0x3f,0x00,0xfc,0x00,0x3f,0x00,0xfc,0x00,0x3f,0x00,0xfc,0x00,0x3f,0x00,0xfc,0x00,0x3f,0x00,
  0xfc,0x00,0x3f,0x00,0xfc,0x00,0x3f,0x81,0xfc,0x00,0x3f,0x83,0xfc,0x00,0x1f,0xff,0xfc,0x00,0x1f,0xff,0xfc,0x00,0x0f,0xfe,
  0xfc,0x00,0x07,0xfc,0xfc,0x00,0x01,0xf0,0xfc,0x00,0x7e,0x00,0x7e,0x7e,0x00,0x7e,0x3f,0x00,0xfc,0x3f,0x00,0xfc,0x3f,0x00,
  0xfc,0x1f,0x81,0xf8,0x1f,0x81,0xf8,0x1f,0x81,0xf8,0x0f,0xc1,0xf0,0x0f,0xc3,0xf0,0x0f,0xc3,0xf0,0x07,0xe3,0xe0,0x07,0xe7,
  0xe0,0x03,0xe7,0xc0,0x03,0xe7,0xc0,0x03,0xf7,0xc0,0x01,0xff,0x80,0x01,0xff,0x80,0x01,0xff,0x80,0x00,0xff,0x00,0x00,0xff,
  0x00,0x00,0xfe,0x00,0x7e,0x03,0xf0,0x1f,0x80,0x7e,0x03,0xf0,0x1f,0x80,0x7e,0x03,0xf0,0x1f,0x80,0x3f,0x07,0xf8,0x3f,0x00,
  0x3f,0x07,0xf8,0x3f,0x00,0x3f,0x07,0xf8,0x3f,0x00,0x1f,0x07,0xf8,0x3e,0x00,0x1f,0x8f,0xfc,0x7e,0x00,0x1f,0x8f,0xfc,0x7e,
  0x00,0x1f,0x8f,0x3c,0x7e,0x00,0x0f,0x8f,0x3c,0x7c,0x00,0x0f,0x8f,0x3c,0x7c,0x00,0x0f,0xdf,0x3e,0xfc,0x00,0x07,0xde,0x1e,
  0xf8,0x00,0x07,0xde,0x1e,0xf8,0x00,0x07,0xfe,0x1f,0xf8,0x00,0x07,0xfe,0x1f,0xf8,0x00,0x03,0xfc,0x0f,0xf0,0x00,0x03,0xfc,
  0x0f,0xf0,0x00,0x03,0xfc,0x0f,0xf0,0x00,0x01,0xf8,0x07,0xe0,0x00,0x01,0xf8,0x07,0xe0,0x00,0x3f,0x00,0xfc,0x3f,0x01,0xf8,
  0x1f,0x83,0xf8,0x1f,0xc3,0xf0,0x0f,0xc7,0xe0,0x07,0xe7,0xe0,0x07,0xef,0xc0,0x03,0xff,0x80,0x03,0xff,0x80,0x01,0xff,0x00,
  0x00,0xff,0x00,0x01,0xff,0x00,0x01,0xff,0x00,0x03,0xff,0x80,0x07,0xef,0xc0,0x07,0xef,0xc0,0x0f,0xc7,0xe0,0x0f,0xc7,0xf0,
  0x1f,0x83,0xf0,0x3f,0x01,0xf8,0x3f,0x01,0xf8,0x7e,0x00,0xfc,0x7e,0x00,0x7e,0x7e,0x00,0x7e,0x3f,0x00,0xfc,0x3f,0x00,0xfc,
  0x3f,0x00,0xfc,0x1f,0x81,0xf8,0x1f,0x81,0xf8,0x1f,0x81,0xf8,0x0f,0xc3,0xf0,0x0f,0xc3,0xf0,0x07,0xc3,0xe0,0x07,0xe7,0xe0,
  0x07,0xe7,0xe0,0x03,0xe7,0xc0,0x03,0xe7,0xc0,0x03,0xff,0xc0,0x01,0xff,0x80,0x01,0xff,0x80,0x00,0xff,0x00,0x00,0xff,0x00,
  0x00,0xff,0x00,0x00,0x7e,0x00,0x00,0x7e,0x00,0x00,0x7c,0x00,0x00,0xfc,0x00,0x0f,0xfc,0x00,0x1f,0xf8,0x00,0x1f,0xf0,0x00,
  0x1f,0xe0,0x00,0x1f,0x80,0x00,0x3f,0xff,0xf0,0x3f,0xff,0xf0,0x3f,0xff,0xf0,0x3f,0xff,0xf0,0x3f,0xff,0xe0,0x00,0x0f,0xe0,
  0x00,0x1f,0xc0,0x00,0x3f,0x80,0x00,0x3f,0x00,0x00,0x7f,0x00,0x00,0xfe,0x00,0x01,0xfc,0x00,0x01,0xf8,0x00,0x03,0xf8,0x00,
  0x07,0xf0,0x00,0x0f,0xe0,0x00,0x0f,0xc0,0x00,0x1f,0xff,0xf0,0x3f,0xff,0xf0,0x3f,0xff,0xf0,0x3f,0xff,0xf0,0x3f,0xff,0xf0,
  0x00,0x0f,0x00,0x00,0x7f,0x80,0x00,0xff,0x80,0x00,0xff,0x80,0x01,0xff,0x00,0x01,0xfc,0x00,0x01,0xf8,0x00,0x01,0xf8,0x00,
  0x01,0xf8,0x00,0x01,0xf8,0x00,0x01,0xf8,0x00,0x01,0xf8,0x00,0x01,0xf8,0x00,0x03,0xf8,0x00,0x07,0xf0,0x00,0x3f,0xf0,0x00,
  0x3f,0xc0,0x00,0x3f,0x00,0x00,0x3f,0xc0,0x00,0x3f,0xf0,0x00,0x07,0xf0,0x00,0x03,0xf8,0x00,0x01,0xf8,0x00,0x01,0xf8,0x00,
  0x01,0xf8,0x00,0x01,0xf8,0x00,0x01,0xf8,0x00,0x01,0xf8,0x00,0x01,0xf8,0x00,0x01,0xf8,0x00,0x01,0xfc,0x00,0x01,0xff,0x00,
  0x00,0xff,0x80,0x00,0x7f,0x80,0x00,0x3f,0x80,0x00,0x0f,0x00,0x07,0xe0,0x07,0xe0,0x07,0xe0,0x07,0xe0,0x07,0xe0,0x07,0xe0,
  0x07,0xe0,0x07,0xe0,0x07,0xe0,0x07,0xe0,0x07,0xe0,0x07,0xe0,0x07,0xe0,0x07,0xe0,0x07,0xe0,0x07,0xe0,0x07,0xe0,0x07,0xe0,
  0x07,0xe0,0x07,0xe0,0x07,0xe0,0x07,0xe0,0x07,0xe0,0x07,0xe0,0x07,0xe0,0x07,0xe0,0x07,0xe0,0x07,0xe0,0x07,0xe0,0x07,0xe0,
  0x07,0xe0,0x07,0xe0,0x07,0xe0,0x07,0xe0,0x07,0xe0,0x07,0xe0,0x07,0xe0,0x07,0xe0,0x07,0xe0,0x07,0xe0,0x07,0xe0,0x07,0xe0,
  0x07,0xe0,0x07,0xe0,0x07,0xe0,0x07,0xe0,0x07,0xe0,0x07,0xe0,0x3e,0x00,0x00,0x3f,0x80,0x00,0x3f,0xc0,0x00,0x3f,0xe0,0x00,
  0x3f,0xe0,0x00,0x07,0xf0,0x00,0x03,0xf0,0x00,0x03,0xf0,0x00,0x03,0xf0,0x00,0x03,0xf0,0x00,0x03,0xf0,0x00,0x03,0xf0,0x00,
  0x03,0xf0,0x00,0x03,0xf0,0x00,0x03,0xf8,0x00,0x01,0xff,0x00,0x00,0x7f,0x00,0x00,0x1f,0x00,0x00,0x7f,0x00,0x01,0xff,0x00,
  0x01,0xf8,0x00,0x03,0xf0,0x00,0x03,0xf0,0x00,0x03,0xf0,0x00,0x03,0xf0,0x00,0x03,0xf0,0x00,0x03,0xf0,0x00,0x03,0xf0,0x00,
  0x03,0xf0,0x00,0x03,0xf0,0x00,0x07,0xf0,0x00,0x3f,0xe0,0x00,0x3f,0xe0,0x00,0x3f,0xc0,0x00,0x3f,0x80,0x00,0x3e,0x00,0x00,
  0x00,0xc0,0x00,0x00,0x03,0xf0,0x1f,0x00,0x07,0xfc,0x1f,0x00,0x0f,0xfe,0x3f,0x00,0x0f,0xff,0xff,0x00,0x1f,0x8f,0xfe,0x00,
  0x1f,0x07,0xfe,0x00,0x1f,0x03,0xfc,0x00,0x00,0x00,0xf0,0x00,0x00,0x00,0x00,0x00,0x00,0x00,0x00,0x00,0x00,0x00,0x00,0x00,
  0x00,0x00,0x00,0x00,0x00,0x00,0x00,0x00,0x00,0x00,0x00,0x00,0x00,0x00,0x00,0x00,0x01,0xe0,0x00,0x07,0xf8,0x00,0x0f,0xfc,
  0x00,0x1f,0xfe,0x00,0x1e,0x1e,0x00,0x3c,0x0f,0x00,0x3c,0x0f,0x00,0x3c,0x0f,0x00,0x3c,0x0f,0x00,0x1e,0x1e,0x00,0x1f,0xfe,
  0x00,0x0f,0xfc,0x00,0x07,0xf8,0x00,0x01,0xe0,0x00,0x00,0x00,0x00,0x00,0x00,0x00,0x00,0x00,0x00,0x00,0x00,0x00,0x00,0x00,
  0x00,0x00,0x00,0x00,0x00,0x00,0x00,0x00,0x00,0x00,0x00,0x00,0x00,0x00,0x00,0x00,0x00,0x00,0x00,0x00,0x00,0x00,0x00,0x00,
  0x00,0x00,0x00,0x00,0x00,0x00,0x00,0x07,0x00,0x0f,0x80,0x1f,0xc0,0x1f,0xc0,0x1f,0xc0,0x0f,0x80,0x07,0x00,0x00,0x00,0x00,
  0x00,0x00,0x00,0x00,0x00,0x00,0x00,0x00,0x00,0x00,0x00,0x00,0x00,0x00,0x00,0x00,0x00,0x00,0x00,0x00,0x00,0x03,0x00,0x1c,
  0x00,0x07,0x80,0x3e,0x00,0x0f,0xc0,0x7e,0x00,0x0f,0xe0,0xfe,0x00,0x07,0xf1,0xfc,0x00,0x03,0xfb,0xf8,0x00,0x01,0xff,0xf0,
  0x00,0x00,0xff,0xe0,0x00,0x00,0x7f,0xc0,0x00,0x00,0x3f,0xc0,0x00,0x00,0x7f,0xc0,0x00,0x00,0xff,0xe0,0x00,0x01,0xff,0xf0,
  0x00,0x03,0xfb,0xf8,0x00,0x07,0xf1,0xfc,0x00,0x0f,0xe0,0xfe,0x00,0x0f,0xc0,0x7e,0x00,0x07,0x80,0x3c,0x00,0x03,0x00,0x18,
  0x00,0x00,0x00,0x00,0x00,0x00,0x00,0x00,0x00,0x00,0x07,0xc0,0x00,0x0f,0xc0,0x00,0x0f,0x80,0x00,0x0f,0x00,0x00,0x1f,0x00,
  0x00,0x1e,0x00,0x00,0x00,0x00,0x00,0x00,0x00,0x00,0x00,0x00,0x00,0x7f,0x00,0x01,0xff,0xc0,0x03,0xff,0xf0,0x07,0xff,0xf8,
  0x0f,0xff,0xf8,0x1f,0xc0,0xfc,0x1f,0x80,0x7c,0x3f,0x00,0x7e,0x3f,0xff,0xfe,0x3f,0xff,0xfe,0x3f,0xff,0xfe,0x3f,0xff,0xfe,
  0x3f,0x00,0x00,0x3f,0x00,0x00,0x3f,0x00,0x00,0x1f,0x80,0x78,0x1f,0xc0,0xfc,0x0f,0xff,0xfc,0x0f,0xff,0xf8,0x07,0xff,0xf0,
  0x01,0xff,0xe0,0x00,0x7f,0x80,0xff,0xff,0xf0,0xff,0xff,0xf0,0xff,0xff,0xf0,0xff,0xff,0xf0,0xff,0xff,0xf0,0x00,0x00,0x00,
  0x00,0x00,0x00,0x00,0x00,0x00,0x00,0x00,0x00,0x00,0x00,0x00,0x00,0x00,0x00,0x00,0x00,0x00,0x00,0x00,0x00,0x00,0x00,0x00,
  0x00,0x00,0x00,0xff,0xff,0xff,0xff,0xff,0xff,0xff,0xff,0xff,0xff,0xff,0xff,0xff,0xff,0xff,0xff,0xff,0xff,0xff,0xff,0xff,
  0xff,0xff,0xff,0xff,0x00,0x00,0x00,0x00,0x00,0x00,0x00,0x00,0x00,0x00,0x00,0x00,0x00,0x00,0x00,0x00,0x00,0x00,0x00,0x00,
  0x00,0x00,0x00,0x00,0x00,0x00,0x00,0x00,0x00,0x00,0x00,0x00,0x00,0x00,0x00,0x00,0x00,0x00,0x00,0x00,0x00,0x00,0x00,0x00,
  0x00,0x00,0x00,0x00,0x00,0x00,0x01,0xe0,0x03,0xe0,0x03,0xc0,0x03,0xc0,0x07,0xc0,0x07,0xc0,0x07,0xc0,0x07,0xc0,0x0f,0xc0,
  0x0f,0x80,0x0f,0x80,0x1f,0x80,0x00,0x00,0x00,0x00,0x00,0x00,0x00,0x00,0x00,0x00,0x00,0x00,0x00,0x00,0x00,0x00,0x00,0x00,
  0x00,0x00,0x00,0x00,0x00,0x00,0x00,0x00,0x00,0x00,0x00,0x00,0x00,0x00,0x00,0x00,0x07,0xe0,0x07,0xc0,0x07,0xc0,0x0f,0xc0,
  0x0f,0x80,0x0f,0x80,0x0f,0x80,0x0f,0x80,0x0f,0x00,0x0f,0x00,0x1f,0x00,0x1e,0x00,0x00,0x00,0x00,0x00,0x00,0x00,0x00,0x00,
  0x00,0x00,0x00,0x00,0x00,0x00,0x00,0x00,0x00,0x00,0x00,0x00,0x00,0x00,0x00,0x00,0x00,0x00,0x00,0x00,0x00,0x00,0x00,0x00,
  0x00,0x00,0x01,0xe0,0xf0,0x03,0xe0,0xf0,0x03,0xc1,0xf0,0x03,0xc1,0xe0,0x07,0xc1,0xe0,0x07,0xc3,0xe0,0x07,0xc3,0xe0,0x07,
  0xc3,0xe0,0x0f,0xc7,0xe0,0x0f,0x87,0xe0,0x0f,0x87,0xc0,0x1f,0x87,0xc0,0x00,0x00,0x00,0x00,0x00,0x00,0x00,0x00,0x00,0x00,
  0x00,0x00,0x00,0x00,0x00,0x00,0x00,0x00,0x00,0x00,0x00,0x00,0x00,0x00,0x00,0x00,0x00,0x00,0x00,0x00,0x00,0x00,0x00,0x00,
  0x00,0x00,0x00,0x00,0x00,0x00,0x00,0x00,0x00,0x00,0x00,0x00,0x00,0x00,0x00,0x00,0x00,0x07,0xe3,0xf0,0x07,0xc3,0xe0,0x07,
  0xc7,0xe0,0x0f,0xc7,0xe0,0x0f,0x87,0xc0,0x0f,0x87,0xc0,0x0f,0x87,0xc0,0x0f,0x87,0x80,0x0f,0x07,0x80,0x0f,0x0f,0x80,0x1f,
  0x0f,0x80,0x1e,0x0f,0x00,0x00,0x00,0x00,0x00,0x00,0x00,0x00,0x00,0x00,0x00,0x00,0x00,0x00,0x00,0x00,0x00,0x00,0x00,0x00,
  0x00,0x00,0x00,0x00,0x00,0x00,0x00,0x00,0x00,0x00,0x00,0x00,0x00,0x00,0x00,0x00,0x00,0x00,0x00,0x00,0x00,0x00,0x00,0x00,
  0x00,0x00,0x00,0x00,0x00,0x00,0x00,0x00,0x01,0xf0,0x00,0x07,0xfc,0x00,0x0f,0xfe,0x00,0x0f,0xfe,0x00,0x1f,0xff,0x00,0x1f,
  0xff,0x00,0x1f,0xff,0x00,0x1f,0xff,0x00,0x0f,0xfe,0x00,0x0f,0xfe,0x00,0x07,0xfc,0x00,0x01,0xf0,0x00,0x00,0x00,0x00,0x00,
  0x00,0x00,0x00,0x00,0x00,0x00,0x00,0x00,0x00,0x00,0x00,0x07,0x00,0x38,0x01,0xc0,0x0f,0x80,0x7c,0x03,0xe0,0x1f,0xc0,0xfe,
  0x07,0xf0,0x1f,0xc0,0xfe,0x07,0xf0,0x1f,0xc0,0xfe,0x07,0xf0,0x0f,0x80,0x7c,0x03,0xe0,0x07,0x00,0x38,0x01,0xc0,0x00,0x00,
  0x00,0x00,0x03,0xff,0xf0,0x00,0x03,0xff,0xf0,0x00,0x03,0xff,0xf0,0x00,0x03,0xc0,0xf0,0x00,0x03,0xf3,0xf0,0x00,0x03,0xf3,
  0xf0,0x00,0x03,0xc0,0xf0,0x00,0x03,0xff,0xf0,0x00,0x03,0xc3,0xf0,0x00,0x03,0xc3,0xf0,0x00,0x03,0xdb,0xf0,0x00,0x03,0xd3,
  0xf0,0x00,0x03,0xc0,0xf0,0x00,0x03,0xff,0xf0,0x00,0x03,0xc0,0xf0,0x00,0x03,0xf3,0xf0,0x00,0x03,0xfa,0xf0,0x00,0x03,0xc2,
  0xf0,0x00,0x03,0xc2,0xf0,0x00,0x03,0xfe,0xf0,0x00,0x03,0xc0,0xf0,0x00,0x03,0xff,0xf0,0x00,0x03,0xd8,0xf0,0x00,0x03,0xd8,
  0xf0,0x00,0x03,0xda,0xf0,0x00,0x03,0xde,0xf0,0x00,0x03,0xc0,0xf0,0x00,0x03,0xff,0xf0,0x00,0x03,0xff,0xf0,0x00,0x03,0xff,
  0xf0,0x00,0x03,0xc0,0xf0,0x00,0x03,0xde,0xf0,0x00,0x03,0xde,0xf0,0x00,0x03,0xce,0xf0,0x00,0x03,0xc0,0xf0,0x00,0x03,0xff,
  0xf0,0x00,0x03,0xc0,0xf0,0x00,0x03,0xf8,0xf0,0x00,0x03,0xf9,0xf0,0x00,0x03,0xe7,0xf0,0x00,0x03,0xc0,0xf0,0x00,0x03,0xff,
  0xf0,0x00,0x03,0xff,0xf0,0x00,0x03,0xff,0xf0,0x00,0x00,0x00,0x00,0x00,0x00,0x00,0x00,0x00,0x03,0xff,0xf0,0x00,0x03,0xff,
  0xf0,0x00,0x03,0xff,0xf0,0x00,0x03,0xc0,0xf0,0x00,0x03,0xf3,0xf0,0x00,0x03,0xf3,0xf0,0x00,0x03,0xc0,0xf0,0x00,0x03,0xff,
  0xf0,0x00,0x03,0xc3,0xf0,0x00,0x03,0xc3,0xf0,0x00,0x03,0xdb,0xf0,0x00,0x03,0xd3,0xf0,0x00,0x03,0xc0,0xf0,0x00,0x03,0xff,
  0xf0,0x00,0x03,0xc0,0xf0,0x00,0x03,0xf3,0xf0,0x00,0x03,0xfa,0xf0,0x00,0x03,0xc2,0xf0,0x00,0x03,0xc2,0xf0,0x00,0x03,0xfe,
  0xf0,0x00,0x03,0xc0,0xf0,0x00,0x03,0xff,0xf0,0x00,0x03,0xd8,0xf0,0x00,0x03,0xd8,0xf0,0x00,0x03,0xda,0xf0,0x00,0x03,0xde,
  0xf0,0x00,0x03,0xc0,0xf0,0x00,0x03,0xff,0xf0,0x00,0x03,0xff,0xf0,0x00,0x03,0xff,0xf0,0x00,0x03,0xc0,0xf0,0x00,0x03,0xde,
  0xf0,0x00,0x03,0xde,0xf0,0x00,0x03,0xce,0xf0,0x00,0x03,0xc0,0xf0,0x00,0x03,0xff,0xf0,0x00,0x03,0xc0,0xf0,0x00,0x03,0xf8,
  0xf0,0x00,0x03,0xf9,0xf0,0x00,0x03,0xe7,0xf0,0x00,0x03,0xc0,0xf0,0x00,0x03,0xff,0xf0,0x00,0x03,0xff,0xf0,0x00,0x03,0xff,
  0xf0,0x00,0x00,0x00,0x00,0x00,0x0f,0xff,0xff,0x00,0x0f,0xff,0xff,0x00,0x0f,0xff,0xff,0x00,0x0f,0xff,0xff,0x00,0x0f,0xff,
  0xff,0x00,0x00,0x00,0x00,0x00,0x00,0x00,0x00,0x00,0x00,0x00,0x00,0x00,0x00,0x00,0x00,0x00,0x00,0x00,0x00,0x00,0x00,0x00,
  0x00,0x00,0x00,0x00,0x00,0x00,0x00,0x00,0x00,0x00,0x00,0x00,0x00,0x00
};

static const Glyph F_UI_XL_glyphs[] = {
  {0x0020,0,9,0,9,0,0},
  {0x0021,0,14,29,14,0,-29},
  {0x0022,58,22,29,22,0,-29},
  {0x0023,145,26,29,26,0,-29},
  {0x0024,261,26,37,26,0,-33},
  {0x0025,409,41,29,41,0,-29},
  {0x0026,583,27,29,27,0,-29},
  {0x0027,699,14,29,14,0,-29},
  {0x0028,757,15,36,15,0,-31},
  {0x0029,829,15,36,15,0,-31},
  {0x002a,901,22,29,22,0,-29},
  {0x002b,988,27,22,27,0,-22},
  {0x002c,1076,13,12,13,0,-4},
  {0x002d,1100,19,15,19,0,-15},
  {0x002e,1145,13,7,13,0,-7},
  {0x002f,1159,16,35,16,0,-31},
  {0x0030,1229,27,29,27,0,-29},
  {0x0031,1345,17,29,17,0,-29},
  {0x0032,1432,25,29,25,0,-29},
  {0x0033,1548,26,29,26,0,-29},
  {0x0034,1664,27,29,27,0,-29},
  {0x0035,1780,25,29,25,0,-29},
  {0x0036,1896,26,29,26,0,-29},
  {0x0037,2012,23,29,23,0,-29},
  {0x0038,2099,26,29,26,0,-29},
  {0x0039,2215,26,29,26,0,-29},
  {0x003a,2331,13,21,13,0,-21},
  {0x003b,2373,14,29,14,0,-21},
  {0x003c,2431,27,23,27,0,-23},
  {0x003d,2523,27,18,27,0,-18},
  {0x003e,2595,27,23,27,0,-23},
  {0x003f,2687,22,29,22,0,-29},
  {0x0040,2774,41,37,41,0,-29},
  {0x0041,2996,30,29,30,0,-29},
  {0x0042,3112,26,29,26,0,-29},
  {0x0043,3228,30,29,30,0,-29},
  {0x0044,3344,29,29,29,0,-29},
  {0x0045,3460,24,29,24,0,-29},
  {0x0046,3547,23,29,23,0,-29},
  {0x0047,3634,30,29,30,0,-29},
  {0x0048,3750,30,29,30,0,-29},
  {0x0049,3866,11,29,11,0,-29},
  {0x004a,3924,23,29,23,0,-29},
  {0x004b,4011,29,29,29,0,-29},
  {0x004c,4127,23,29,23,0,-29},
  {0x004d,4214,37,29,37,0,-29},
  {0x004e,4359,30,29,30,0,-29},
  {0x004f,4475,31,29,31,0,-29},
  {0x0050,4591,26,29,26,0,-29},
  {0x0051,4707,31,31,31,0,-29},
  {0x0052,4831,26,29,26,0,-29},
  {0x0053,4947,26,29,26,0,-29},
  {0x0054,5063,27,29,27,0,-29},
  {0x0055,5179,29,29,29,0,-29},
  {0x0056,5295,30,29,30,0,-29},
  {0x0057,5411,42,29,42,0,-29},
  {0x0058,5585,30,29,30,0,-29},
  {0x0059,5701,29,29,29,0,-29},
  {0x005a,5817,27,29,27,0,-29},
  {0x005b,5933,15,36,15,0,-31},
  {0x005c,6005,16,35,16,0,-31},
  {0x005d,6075,15,36,15,0,-31},
  {0x005e,6147,19,29,19,0,-29},
  {0x005f,6234,19,5,19,0,-1},
  {0x0060,6249,15,30,15,0,-30},
  {0x0061,6309,23,22,23,0,-22},
  {0x0062,6375,25,29,25,0,-29},
  {0x0063,6491,24,22,24,0,-22},
  {0x0064,6557,25,29,25,0,-29},
  {0x0065,6673,24,22,24,0,-22},
  {0x0066,6739,16,30,16,0,-30},
  {0x0067,6799,25,30,25,0,-22},
  {0x0068,6919,25,29,25,0,-29},
  {0x0069,7035,11,31,11,0,-31},
  {0x006a,7097,12,39,11,-1,-31},
  {0x006b,7175,23,29,23,0,-29},
  {0x006c,7262,11,29,11,0,-29},
  {0x006d,7320,37,22,36,0,-22},
  {0x006e,7430,25,22,25,0,-22},
  {0x006f,7518,25,22,25,0,-22},
  {0x0070,7606,25,30,25,0,-22},
  {0x0071,7726,25,30,25,0,-22},
  {0x0072,7846,16,22,16,0,-22},
  {0x0073,7890,22,22,22,0,-22},
  {0x0074,7956,15,27,15,0,-27},
  {0x0075,8010,25,22,25,0,-22},
  {0x0076,8098,24,22,24,0,-22},
  {0x0077,8164,34,22,34,0,-22},
  {0x0078,8274,23,22,23,0,-22},
  {0x0079,8340,24,30,24,0,-22},
  {0x007a,8430,23,22,23,0,-22},
  {0x007b,8496,19,36,19,0,-31},
  {0x007c,8604,15,48,15,0,-39},
  {0x007d,8700,19,36,19,0,-31},
  {0x007e,8808,27,16,27,0,-16},
  {0x00b0,8872,18,29,18,0,-29},
  {0x00b7,8959,13,17,13,0,-17},
  {0x00d7,8993,27,22,27,0,-22},
  {0x00e9,9081,24,31,24,0,-31},
  {0x2013,9174,20,15,20,0,-15},
  {0x2014,9219,40,15,40,0,-15},
  {0x2018,9294,12,29,12,0,-29},
  {0x2019,9352,12,29,12,0,-29},
  {0x201c,9410,22,29,22,0,-29},
  {0x201d,9497,21,29,21,0,-29},
  {0x2022,9584,19,17,19,0,-17},
  {0x2026,9635,40,7,40,0,-7},
  {0x2190,9670,26,46,26,0,-37},
  {0x2192,9854,26,46,26,0,-37},
  {0x2212,10038,27,14,27,0,-14}
};
const Font F_UI_XL = {F_UI_XL_bits, F_UI_XL_glyphs, 110, 39, 10, 49};

static const uint8_t F_BODY_bits[] = {
  0x30,0x30,0x30,0x30,0x30,0x30,0x30,0x10,0x10,0x00,0x00,0x00,0x10,0x30,0x30,0x6c,0x6c,0x6c,0x6c,0x6c,0x00,0x00,0x00,0x00,
  0x00,0x00,0x00,0x00,0x00,0x00,0x01,0x06,0x00,0x01,0x04,0x00,0x03,0x0c,0x00,0x3f,0xff,0x80,0x02,0x0c,0x00,0x02,0x08,0x00,
  0x06,0x08,0x00,0x06,0x18,0x00,0x06,0x18,0x00,0x04,0x18,0x00,0x7f,0xff,0x00,0x0c,0x30,0x00,0x0c,0x30,0x00,0x08,0x20,0x00,
  0x08,0x20,0x00,0x04,0x00,0x04,0x00,0x04,0x00,0x1f,0x40,0x30,0xc0,0x60,0xc0,0x60,0x40,0x60,0x40,0x30,0x00,0x1c,0x00,0x0f,
  0x00,0x03,0xc0,0x00,0xe0,0x00,0x60,0x40,0x60,0x40,0x60,0x60,0xc0,0x7f,0x80,0x04,0x00,0x04,0x00,0x04,0x00,0x1e,0x01,0x00,
  0x33,0x03,0x00,0x61,0x86,0x00,0x61,0x8c,0x00,0x61,0x98,0x00,0x71,0x90,0x00,0x33,0x20,0x00,0x1e,0x67,0x80,0x00,0xd8,0xc0,
  0x01,0xb0,0xe0,0x03,0x30,0x60,0x02,0x30,0x60,0x04,0x30,0xe0,0x0c,0x18,0xc0,0x18,0x0f,0x80,0x00,0x00,0x00,0x07,0x80,0x1c,
  0xe0,0x18,0x60,0x18,0x60,0x18,0xc0,0x0c,0x80,0x0c,0x38,0x1b,0x10,0x31,0x90,0x60,0xd0,0x60,0x70,0x60,0x30,0x70,0x38,0x38,
  0x5c,0x0f,0x86,0x60,0x60,0x60,0x60,0x60,0x00,0x00,0x00,0x00,0x00,0x00,0x00,0x00,0x00,0x00,0x00,0x04,0x0c,0x08,0x18,0x10,
  0x30,0x30,0x70,0x60,0x60,0x60,0x60,0x60,0x60,0x30,0x30,0x30,0x10,0x18,0x08,0x04,0x00,0x00,0x40,0x60,0x30,0x10,0x18,0x18,
  0x0c,0x0c,0x0c,0x0c,0x0c,0x0c,0x0c,0x0c,0x0c,0x18,0x18,0x10,0x30,0x20,0x40,0x00,0x04,0x00,0x04,0x00,0x04,0x00,0x64,0xc0,
  0x3f,0x80,0x0e,0x00,0x1b,0x00,0x31,0x80,0x31,0x80,0x00,0x00,0x00,0x00,0x00,0x00,0x00,0x00,0x00,0x00,0x00,0x00,0x04,0x00,
  0x04,0x00,0x04,0x00,0x04,0x00,0x7f,0xc0,0x04,0x00,0x04,0x00,0x04,0x00,0x04,0x00,0x04,0x00,0x00,0x00,0x00,0x00,0x00,0x60,
  0x60,0x20,0x20,0x20,0x00,0x7f,0x80,0x00,0x00,0x00,0x00,0x00,0x00,0x00,0x00,0x00,0x00,0x00,0x00,0x20,0x60,0x60,0x00,0x00,
  0x00,0x04,0x00,0x0c,0x00,0x0c,0x00,0x18,0x00,0x30,0x00,0x30,0x00,0x60,0x00,0x60,0x00,0xc0,0x01,0x80,0x01,0x80,0x03,0x00,
  0x02,0x00,0x06,0x00,0x0c,0x00,0x0c,0x00,0x18,0x00,0x10,0x00,0x30,0x00,0x60,0x00,0x60,0x00,0x40,0x00,0x07,0x80,0x18,0xc0,
  0x30,0x60,0x30,0x70,0x70,0x30,0x60,0x30,0x60,0x30,0x60,0x30,0x60,0x30,0x60,0x30,0x70,0x30,0x30,0x60,0x30,0x60,0x18,0xc0,
  0x0f,0x80,0x04,0x00,0x1c,0x00,0x2c,0x00,0x0c,0x00,0x0c,0x00,0x0c,0x00,0x0c,0x00,0x0c,0x00,0x0c,0x00,0x0c,0x00,0x0c,0x00,
  0x0c,0x00,0x0c,0x00,0x0c,0x00,0x3f,0x00,0x1f,0x00,0x21,0x80,0x60,0xc0,0x60,0xc0,0x00,0xc0,0x00,0xc0,0x01,0x80,0x03,0x00,
  0x06,0x00,0x0c,0x00,0x18,0x00,0x30,0x00,0x20,0x20,0x7f,0xe0,0x7f,0xe0,0x1f,0x00,0x31,0xc0,0x60,0xc0,0x20,0xc0,0x00,0xc0,
  0x01,0x80,0x0e,0x00,0x01,0x80,0x00,0xc0,0x00,0x60,0x00,0x60,0x60,0x60,0x60,0xe0,0x21,0xc0,0x1f,0x00,0x00,0x40,0x00,0xc0,
  0x01,0xc0,0x03,0xc0,0x02,0xc0,0x04,0xc0,0x08,0xc0,0x10,0xc0,0x30,0xc0,0x20,0xc0,0x7f,0xf0,0x00,0xc0,0x00,0xc0,0x01,0xc0,
  0x03,0xe0,0x00,0x20,0x00,0x20,0x3f,0xe0,0x3f,0xe0,0x20,0x00,0x20,0x00,0x20,0x00,0x3f,0x00,0x00,0xc0,0x00,0xe0,0x00,0x60,
  0x00,0x60,0x00,0x60,0x20,0x60,0x20,0x60,0x30,0xc0,0x0f,0x00,0x07,0x80,0x18,0x60,0x30,0x60,0x30,0x00,0x30,0x00,0x67,0x80,
  0x78,0xc0,0x70,0xe0,0x60,0x60,0x60,0x60,0x60,0x60,0x70,0x60,0x30,0x60,0x18,0xc0,0x0f,0x00,0xff,0x80,0xc0,0x80,0x81,0x00,
  0x01,0x00,0x01,0x00,0x02,0x00,0x02,0x00,0x06,0x00,0x04,0x00,0x04,0x00,0x0c,0x00,0x0c,0x00,0x18,0x00,0x18,0x00,0x18,0x00,
  0x1f,0x00,0x31,0x80,0x60,0xc0,0x60,0xc0,0x70,0xc0,0x31,0x80,0x1e,0x00,0x0f,0x00,0x13,0x80,0x30,0xc0,0x60,0xe0,0x60,0x60,
  0x70,0x60,0x30,0xc0,0x1f,0x80,0x0f,0x00,0x30,0xc0,0x30,0xc0,0x60,0x60,0x60,0x60,0x60,0x60,0x70,0x60,0x30,0xe0,0x1e,0x60,
  0x00,0x60,0x00,0x60,0x30,0xe0,0x30,0xc0,0x31,0x80,0x1f,0x00,0x60,0x60,0x20,0x00,0x00,0x00,0x00,0x00,0x20,0x60,0x60,0x30,
  0x30,0x30,0x00,0x00,0x00,0x00,0x00,0x00,0x30,0x30,0x10,0x10,0x10,0x00,0x00,0x00,0x00,0xe0,0x03,0x80,0x0e,0x00,0x70,0x00,
  0x60,0x00,0x38,0x00,0x0f,0x00,0x01,0xc0,0x00,0x60,0x00,0x00,0x00,0x00,0x7f,0xe0,0x00,0x00,0x00,0x00,0x7f,0xe0,0x00,0x00,
  0x00,0x00,0x00,0x00,0x00,0x00,0x00,0x00,0x00,0x00,0x00,0x00,0x70,0x00,0x1c,0x00,0x07,0x00,0x01,0xe0,0x00,0x60,0x01,0xc0,
  0x0e,0x00,0x38,0x00,0x60,0x00,0x00,0x00,0x00,0x00,0x3e,0x00,0x63,0x80,0xc1,0x80,0x41,0x80,0x01,0x80,0x03,0x00,0x06,0x00,
  0x0c,0x00,0x18,0x00,0x10,0x00,0x1c,0x00,0x00,0x00,0x08,0x00,0x0c,0x00,0x0c,0x00,0x00,0x00,0x00,0x03,0xf8,0x00,0x0c,0x0c,
  0x00,0x18,0x02,0x00,0x31,0xf3,0x00,0x33,0x11,0x00,0x76,0x31,0x80,0x64,0x31,0x80,0x6c,0x31,0x80,0x6c,0x31,0x80,0x6c,0x71,
  0x00,0x7c,0xb3,0x00,0x37,0x10,0x00,0x30,0x00,0x00,0x18,0x02,0x00,0x0e,0x0c,0x00,0x03,0xf0,0x00,0x01,0x00,0x01,0x80,0x01,
  0x80,0x02,0xc0,0x02,0xc0,0x04,0x40,0x04,0x60,0x04,0x60,0x08,0x30,0x0f,0xf0,0x10,0x10,0x10,0x18,0x10,0x18,0x30,0x18,0x78,
  0x3e,0x3f,0xc0,0x18,0x60,0x18,0x30,0x18,0x30,0x18,0x30,0x18,0x60,0x18,0x40,0x1f,0xc0,0x18,0x30,0x18,0x18,0x18,0x18,0x18,
  0x18,0x18,0x18,0x18,0x30,0x3f,0xe0,0x03,0xe4,0x0c,0x1c,0x18,0x0c,0x30,0x04,0x30,0x04,0x60,0x00,0x60,0x00,0x60,0x00,0x60,
  0x00,0x70,0x00,0x30,0x00,0x30,0x00,0x18,0x04,0x0c,0x08,0x03,0xe0,0x3f,0xe0,0x18,0x38,0x18,0x0c,0x18,0x06,0x18,0x06,0x18,
  0x03,0x18,0x03,0x18,0x03,0x18,0x03,0x18,0x07,0x18,0x06,0x18,0x06,0x18,0x0c,0x18,0x38,0x3f,0xe0,0x3f,0xf0,0x1c,0x30,0x18,
  0x10,0x18,0x10,0x18,0x00,0x18,0x40,0x18,0x40,0x1f,0xc0,0x18,0x40,0x18,0x00,0x18,0x08,0x18,0x08,0x18,0x08,0x18,0x18,0x3f,
  0xf8,0x3f,0xf0,0x1c,0x30,0x18,0x10,0x18,0x10,0x18,0x00,0x18,0x40,0x18,0x40,0x1f,0xc0,0x18,0x40,0x18,0x40,0x18,0x00,0x18,
  0x00,0x18,0x00,0x18,0x00,0x3e,0x00,0x03,0xe4,0x00,0x0c,0x1c,0x00,0x18,0x0c,0x00,0x30,0x04,0x00,0x30,0x04,0x00,0x60,0x00,
  0x00,0x60,0x00,0x00,0x60,0x1f,0x00,0x60,0x06,0x00,0x70,0x06,0x00,0x70,0x06,0x00,0x30,0x06,0x00,0x18,0x06,0x00,0x0c,0x0e,
  0x00,0x03,0xf0,0x00,0x3e,0x1f,0x00,0x18,0x06,0x00,0x18,0x06,0x00,0x18,0x06,0x00,0x18,0x06,0x00,0x18,0x06,0x00,0x18,0x06,
  0x00,0x1f,0xfe,0x00,0x18,0x06,0x00,0x18,0x06,0x00,0x18,0x06,0x00,0x18,0x06,0x00,0x18,0x06,0x00,0x18,0x06,0x00,0x3e,0x0f,
  0x00,0x3e,0x18,0x18,0x18,0x18,0x18,0x18,0x18,0x18,0x18,0x18,0x18,0x18,0x18,0x3e,0x3f,0x0e,0x0c,0x0c,0x0c,0x0c,0x0c,0x0c,
  0x0c,0x0c,0x0c,0x0c,0x0c,0xc8,0x78,0x3e,0x3c,0x18,0x10,0x18,0x20,0x18,0x40,0x18,0x40,0x18,0x80,0x19,0x00,0x1f,0x00,0x19,
  0x80,0x18,0xc0,0x18,0x60,0x18,0x70,0x18,0x38,0x18,0x1c,0x3e,0x0e,0x3e,0x00,0x18,0x00,0x18,0x00,0x18,0x00,0x18,0x00,0x18,
  0x00,0x18,0x00,0x18,0x00,0x18,0x00,0x18,0x00,0x18,0x00,0x18,0x08,0x18,0x08,0x18,0x18,0x3f,0xf8,0x38,0x01,0xe0,0x1c,0x01,
  0xc0,0x1c,0x03,0xc0,0x1c,0x03,0xc0,0x16,0x02,0xc0,0x16,0x04,0xc0,0x13,0x04,0xc0,0x13,0x0c,0xc0,0x11,0x88,0xc0,0x11,0x88,
  0xc0,0x10,0xd0,0xc0,0x10,0xd0,0xc0,0x10,0xe0,0xc0,0x10,0x60,0xc0,0x78,0x61,0xe0,0x38,0x0f,0x00,0x18,0x02,0x00,0x1c,0x02,
  0x00,0x1e,0x02,0x00,0x17,0x02,0x00,0x13,0x82,0x00,0x11,0x82,0x00,0x10,0xc2,0x00,0x10,0x62,0x00,0x10,0x72,0x00,0x10,0x32,
  0x00,0x10,0x1a,0x00,0x10,0x0e,0x00,0x10,0x06,0x00,0x3c,0x06,0x00,0x03,0xe0,0x00,0x0c,0x18,0x00,0x18,0x0c,0x00,0x30,0x06,
  0x00,0x30,0x07,0x00,0x60,0x03,0x00,0x60,0x03,0x00,0x60,0x03,0x00,0x60,0x03,0x00,0x70,0x03,0x00,0x30,0x03,0x00,0x30,0x06,
  0x00,0x18,0x0c,0x00,0x0c,0x18,0x00,0x03,0xf0,0x00,0x3f,0xc0,0x18,0x70,0x18,0x38,0x18,0x18,0x18,0x18,0x18,0x18,0x18,0x30,
  0x18,0x60,0x1f,0x80,0x18,0x00,0x18,0x00,0x18,0x00,0x18,0x00,0x18,0x00,0x3e,0x00,0x03,0xe0,0x00,0x0c,0x18,0x00,0x18,0x0c,
  0x00,0x30,0x06,0x00,0x30,0x07,0x00,0x60,0x03,0x00,0x60,0x03,0x00,0x60,0x03,0x00,0x60,0x03,0x00,0x70,0x03,0x00,0x30,0x03,
  0x00,0x30,0x06,0x00,0x18,0x0c,0x00,0x0c,0x18,0x00,0x03,0xf0,0x00,0x00,0x38,0x00,0x00,0x1c,0x00,0x00,0x0f,0x00,0x00,0x03,
  0x80,0x3f,0xc0,0x18,0x60,0x18,0x30,0x18,0x30,0x18,0x30,0x18,0x30,0x18,0x60,0x1f,0x80,0x19,0x80,0x18,0xc0,0x18,0xc0,0x18,
  0x60,0x18,0x60,0x18,0x30,0x3e,0x1c,0x1f,0x40,0x30,0xc0,0x60,0xc0,0x60,0x40,0x70,0x40,0x38,0x00,0x1e,0x00,0x0f,0x80,0x03,
  0xc0,0x00,0xe0,0x00,0x60,0x40,0x60,0x40,0x60,0x60,0xc0,0x6f,0x80,0xff,0xf8,0xc3,0x18,0x83,0x08,0x83,0x08,0x83,0x08,0x03,
  0x00,0x03,0x00,0x03,0x00,0x03,0x00,0x03,0x00,0x03,0x00,0x03,0x00,0x03,0x00,0x03,0x00,0x07,0x80,0x78,0x0e,0x00,0x30,0x04,
  0x00,0x30,0x04,0x00,0x30,0x04,0x00,0x30,0x04,0x00,0x30,0x04,0x00,0x30,0x04,0x00,0x30,0x04,0x00,0x30,0x04,0x00,0x30,0x04,
  0x00,0x30,0x04,0x00,0x38,0x08,0x00,0x18,0x08,0x00,0x0c,0x10,0x00,0x07,0xe0,0x00,0x7c,0x1f,0x38,0x04,0x18,0x0c,0x18,0x08,
  0x1c,0x08,0x0c,0x10,0x0c,0x10,0x06,0x30,0x06,0x20,0x03,0x20,0x03,0x40,0x01,0xc0,0x01,0xc0,0x01,0x80,0x00,0x80,0xf8,0x10,
  0x3c,0x30,0x30,0x18,0x30,0x30,0x10,0x30,0x38,0x30,0x18,0x58,0x20,0x18,0x58,0x20,0x18,0x4c,0x60,0x0c,0x8c,0x40,0x0c,0x86,
  0x40,0x0c,0x86,0xc0,0x07,0x06,0x80,0x07,0x03,0x80,0x07,0x03,0x00,0x02,0x03,0x00,0x02,0x01,0x00,0xfc,0x7c,0x30,0x10,0x30,
  0x20,0x18,0x40,0x0c,0xc0,0x06,0x80,0x07,0x00,0x03,0x00,0x03,0x80,0x05,0xc0,0x08,0xc0,0x18,0x60,0x10,0x30,0x20,0x38,0xf0,
  0x7c,0x7c,0x1e,0x38,0x08,0x18,0x18,0x18,0x10,0x0c,0x20,0x06,0x20,0x07,0x40,0x03,0xc0,0x01,0x80,0x01,0x80,0x01,0x80,0x01,
  0x80,0x01,0x80,0x01,0x80,0x03,0xe0,0x7f,0xf0,0x60,0x60,0x40,0xe0,0x40,0xc0,0x01,0xc0,0x03,0x80,0x03,0x00,0x07,0x00,0x0e,
  0x00,0x0c,0x00,0x1c,0x00,0x38,0x10,0x30,0x10,0x60,0x30,0x7f,0xf0,0x3f,0x00,0x30,0x00,0x30,0x00,0x30,0x00,0x30,0x00,0x30,
  0x00,0x30,0x00,0x30,0x00,0x30,0x00,0x30,0x00,0x30,0x00,0x30,0x00,0x30,0x00,0x30,0x00,0x30,0x00,0x30,0x00,0x30,0x00,0x30,
  0x00,0x30,0x00,0x30,0x00,0x3f,0x00,0x00,0x00,0x40,0x00,0x60,0x00,0x30,0x00,0x30,0x00,0x18,0x00,0x18,0x00,0x0c,0x00,0x06,
  0x00,0x06,0x00,0x03,0x00,0x01,0x00,0x01,0x80,0x00,0xc0,0x00,0xc0,0x00,0x60,0x00,0x20,0x00,0x30,0x00,0x18,0x00,0x18,0x00,
  0x0c,0x00,0x04,0x00,0x04,0x7e,0x06,0x06,0x06,0x06,0x06,0x06,0x06,0x06,0x06,0x06,0x06,0x06,0x06,0x06,0x06,0x06,0x06,0x06,
  0x06,0x7e,0x00,0xe0,0x00,0x03,0x30,0x00,0x06,0x18,0x00,0x0c,0x0c,0x00,0x18,0x06,0x00,0x30,0x03,0x00,0x00,0x00,0x00,0x00,
  0x00,0x00,0x00,0x00,0x00,0x00,0x00,0x00,0x00,0x00,0x00,0x00,0x00,0x00,0x00,0x00,0x00,0x00,0x00,0x00,0x00,0x00,0x00,0x00,
  0x00,0x7f,0xfe,0x00,0x60,0x20,0x10,0x00,0x00,0x00,0x00,0x00,0x00,0x00,0x00,0x00,0x00,0x00,0x00,0x00,0x0f,0x00,0x31,0x80,
  0x30,0xc0,0x20,0xc0,0x00,0xc0,0x07,0xc0,0x38,0xc0,0x70,0xc0,0x60,0xc0,0x71,0xc0,0x3e,0xe0,0x10,0x00,0x70,0x00,0x30,0x00,
  0x30,0x00,0x30,0x00,0x37,0xc0,0x38,0x60,0x30,0x70,0x30,0x30,0x30,0x30,0x30,0x30,0x30,0x30,0x30,0x30,0x30,0x60,0x38,0x40,
  0x27,0x80,0x07,0x80,0x18,0x60,0x30,0x60,0x60,0x60,0x60,0x00,0x60,0x00,0x60,0x00,0x70,0x00,0x30,0x00,0x18,0x60,0x0f,0x80,
  0x00,0x20,0x00,0xe0,0x00,0x60,0x00,0x60,0x00,0x60,0x0f,0xe0,0x18,0x60,0x30,0x60,0x70,0x60,0x60,0x60,0x60,0x60,0x60,0x60,
  0x60,0x60,0x30,0x60,0x38,0xe0,0x0f,0x78,0x0f,0x80,0x18,0xc0,0x30,0xe0,0x60,0x60,0x7f,0xe0,0x60,0x00,0x60,0x00,0x70,0x00,
  0x30,0x00,0x18,0x60,0x0f,0x80,0x0f,0x00,0x19,0x00,0x30,0x00,0x30,0x00,0x30,0x00,0xfe,0x00,0x30,0x00,0x30,0x00,0x30,0x00,
  0x30,0x00,0x30,0x00,0x30,0x00,0x30,0x00,0x30,0x00,0x30,0x00,0x78,0x00,0x00,0x00,0x00,0x38,0x0f,0x50,0x18,0xc0,0x30,0x60,
  0x30,0x60,0x30,0x60,0x18,0xc0,0x1f,0x80,0x30,0x00,0x20,0x00,0x3f,0xc0,0x1f,0xe0,0x30,0x30,0x60,0x10,0x60,0x10,0x30,0x20,
  0x1f,0x80,0x10,0x00,0x70,0x00,0x30,0x00,0x30,0x00,0x30,0x00,0x33,0xc0,0x38,0xe0,0x30,0x60,0x30,0x60,0x30,0x60,0x30,0x60,
  0x30,0x60,0x30,0x60,0x30,0x60,0x30,0x60,0x78,0xf0,0x30,0x30,0x30,0x00,0x70,0x30,0x30,0x30,0x30,0x30,0x30,0x30,0x30,0x30,
  0x78,0x0c,0x0c,0x0c,0x00,0x1c,0x0c,0x0c,0x0c,0x0c,0x0c,0x0c,0x0c,0x0c,0x0c,0x0c,0x0c,0x0c,0x0c,0x48,0x70,0x10,0x00,0x70,
  0x00,0x30,0x00,0x30,0x00,0x30,0x00,0x30,0xe0,0x30,0xc0,0x31,0x80,0x31,0x00,0x32,0x00,0x3e,0x00,0x33,0x00,0x33,0x80,0x31,
  0xc0,0x30,0xe0,0x78,0x70,0x10,0x70,0x30,0x30,0x30,0x30,0x30,0x30,0x30,0x30,0x30,0x30,0x30,0x30,0x30,0x78,0x77,0xdf,0x00,
  0x30,0xe1,0x80,0x30,0xe1,0x80,0x30,0x61,0xc0,0x30,0x61,0xc0,0x30,0x61,0xc0,0x30,0x61,0xc0,0x30,0x61,0xc0,0x30,0x61,0xc0,
  0x30,0x61,0xc0,0x78,0xf1,0xe0,0x77,0xc0,0x38,0xe0,0x30,0x60,0x30,0x60,0x30,0x60,0x30,0x60,0x30,0x60,0x30,0x60,0x30,0x60,
  0x30,0x60,0x78,0xf0,0x0f,0x80,0x18,0xc0,0x30,0x60,0x60,0x70,0x60,0x30,0x60,0x30,0x60,0x30,0x70,0x30,0x30,0x60,0x18,0xc0,
  0x0f,0x80,0x77,0x80,0x38,0xe0,0x30,0x60,0x30,0x30,0x30,0x30,0x30,0x30,0x30,0x30,0x30,0x70,0x30,0x60,0x38,0xc0,0x3f,0x80,
  0x30,0x00,0x30,0x00,0x30,0x00,0x30,0x00,0x78,0x00,0x0f,0xe0,0x18,0xe0,0x30,0x60,0x70,0x60,0x60,0x60,0x60,0x60,0x60,0x60,
  0x70,0x60,0x30,0x60,0x38,0xe0,0x0f,0x60,0x00,0x60,0x00,0x60,0x00,0x60,0x00,0x60,0x00,0xf0,0x73,0x80,0x3c,0x80,0x38,0x00,
  0x30,0x00,0x30,0x00,0x30,0x00,0x30,0x00,0x30,0x00,0x30,0x00,0x30,0x00,0x7c,0x00,0x3d,0x00,0x73,0x00,0x61,0x00,0x71,0x00,
  0x38,0x00,0x1f,0x00,0x07,0x80,0x43,0x80,0x41,0x80,0x61,0x80,0x7f,0x00,0x10,0x00,0x10,0x00,0x30,0x00,0xff,0x00,0x30,0x00,
  0x30,0x00,0x30,0x00,0x30,0x00,0x30,0x00,0x30,0x00,0x30,0x00,0x30,0x00,0x39,0x00,0x1e,0x00,0x70,0xe0,0x30,0x60,0x30,0x60,
  0x30,0x60,0x30,0x60,0x30,0x60,0x30,0x60,0x30,0x60,0x30,0x60,0x18,0xe0,0x0f,0x78,0xf0,0xe0,0x60,0x40,0x60,0x80,0x30,0x80,
  0x30,0x80,0x19,0x00,0x19,0x00,0x0e,0x00,0x0e,0x00,0x0e,0x00,0x04,0x00,0xf8,0xc3,0x80,0x70,0xc1,0x00,0x30,0xc2,0x00,0x31,
  0x62,0x00,0x11,0x62,0x00,0x18,0x64,0x00,0x1a,0x34,0x00,0x0e,0x30,0x00,0x0c,0x38,0x00,0x0c,0x18,0x00,0x04,0x10,0x00,0x79,
  0xe0,0x30,0x80,0x39,0x80,0x19,0x00,0x0e,0x00,0x06,0x00,0x0f,0x00,0x1b,0x00,0x11,0x80,0x20,0xc0,0x71,0xe0,0xf0,0xe0,0x70,
  0x40,0x30,0x40,0x30,0x80,0x18,0x80,0x18,0x80,0x0d,0x00,0x0d,0x00,0x07,0x00,0x06,0x00,0x02,0x00,0x04,0x00,0x04,0x00,0x04,
  0x00,0x68,0x00,0x70,0x00,0x7f,0xc0,0x40,0x80,0x41,0x80,0x43,0x00,0x06,0x00,0x0c,0x00,0x0c,0x00,0x18,0x40,0x30,0x40,0x60,
  0x40,0x7f,0xc0,0x07,0x0c,0x18,0x18,0x18,0x18,0x18,0x18,0x18,0x60,0x30,0x18,0x18,0x18,0x18,0x18,0x18,0x18,0x18,0x0c,0x07,
  0x30,0x30,0x30,0x30,0x30,0x30,0x30,0x30,0x30,0x30,0x30,0x30,0x30,0x30,0x30,0x30,0x30,0x30,0x30,0x30,0x30,0x70,0x38,0x18,
  0x18,0x18,0x18,0x18,0x18,0x0c,0x06,0x0c,0x18,0x18,0x18,0x18,0x18,0x18,0x18,0x18,0x38,0x60,0x3c,0x00,0x47,0xe0,0x01,0x80,
  0x00,0x00,0x00,0x00,0x00,0x00,0x00,0x00,0x00,0x00,0x1c,0x00,0x22,0x00,0x41,0x00,0x41,0x00,0x41,0x00,0x62,0x00,0x1c,0x00,
  0x00,0x00,0x00,0x00,0x00,0x00,0x00,0x00,0x00,0x00,0x00,0x00,0x00,0x00,0x00,0x00,0x00,0x00,0x20,0x60,0x60,0x00,0x00,0x00,
  0x00,0x00,0x00,0x00,0x00,0x30,0x80,0x19,0x00,0x0e,0x00,0x06,0x00,0x0b,0x00,0x11,0x80,0x20,0x80,0x00,0x00,0x00,0x00,0x00,
  0x00,0x00,0x00,0x00,0x00,0x03,0x00,0x06,0x00,0x04,0x00,0x00,0x00,0x00,0x00,0x0f,0x80,0x18,0xc0,0x30,0xe0,0x60,0x60,0x7f,
  0xe0,0x60,0x00,0x60,0x00,0x70,0x00,0x30,0x00,0x18,0x60,0x0f,0x80,0x7f,0xe0,0x00,0x00,0x00,0x00,0x00,0x00,0x00,0x00,0x00,
  0x00,0x00,0x00,0x7f,0xff,0x80,0x00,0x00,0x00,0x00,0x00,0x00,0x00,0x00,0x00,0x00,0x00,0x00,0x00,0x00,0x00,0x00,0x00,0x00,
  0x00,0x00,0x40,0x40,0x60,0x60,0x00,0x00,0x00,0x00,0x00,0x00,0x00,0x00,0x00,0x00,0x60,0x60,0x20,0x20,0x20,0x00,0x00,0x00,
  0x00,0x00,0x00,0x00,0x00,0x00,0x00,0x00,0x00,0x00,0x00,0x00,0x44,0x00,0x44,0x00,0x66,0x00,0x66,0x00,0x00,0x00,0x00,0x00,
  0x00,0x00,0x00,0x00,0x00,0x00,0x00,0x00,0x00,0x00,0x00,0x00,0x00,0x00,0x00,0x00,0x66,0x66,0x22,0x22,0x22,0x00,0x00,0x00,
  0x00,0x00,0x00,0x00,0x00,0x00,0x00,0x00,0x1c,0x00,0x7e,0x00,0x7f,0x00,0x7f,0x00,0x7e,0x00,0x1c,0x00,0x00,0x00,0x00,0x00,
  0x00,0x00,0x00,0x00,0x00,0x00,0x20,0x82,0x00,0x61,0x86,0x00,0x61,0x86,0x00,0x7f,0xc0,0x60,0xc0,0x60,0xc0,0x60,0xc0,0x60,
  0xc0,0x60,0xc0,0x60,0xc0,0x60,0xc0,0x60,0xc0,0x60,0xc0,0x7f,0xc0,0x7f,0xc0,0x60,0xc0,0x60,0xc0,0x60,0xc0,0x60,0xc0,0x60,
  0xc0,0x60,0xc0,0x60,0xc0,0x60,0xc0,0x60,0xc0,0x7f,0xc0,0x7f,0xe0,0x00,0x00,0x00,0x00,0x00,0x00,0x00,0x00,0x00,0x00,0x00,
  0x00,0x00,0x00
};

static const Glyph F_BODY_glyphs[] = {
  {0x0020,0,6,0,6,0,0},
  {0x0021,0,6,15,6,0,-15},
  {0x0022,15,8,15,8,0,-15},
  {0x0023,30,18,15,18,0,-15},
  {0x0024,75,12,21,12,0,-18},
  {0x0025,117,19,16,19,0,-15},
  {0x0026,165,16,15,15,0,-15},
  {0x0027,195,5,15,5,0,-15},
  {0x0028,210,7,23,7,0,-17},
  {0x0029,233,7,23,7,0,-17},
  {0x002a,256,11,15,11,0,-15},
  {0x002b,286,12,12,12,0,-12},
  {0x002c,310,6,7,6,0,-3},
  {0x002d,317,11,7,11,0,-7},
  {0x002e,331,5,3,5,0,-3},
  {0x002f,334,15,23,15,0,-17},
  {0x0030,380,14,15,14,0,-15},
  {0x0031,410,9,15,8,-1,-15},
  {0x0032,440,12,15,12,0,-15},
  {0x0033,470,12,15,12,0,-15},
  {0x0034,500,12,15,12,0,-15},
  {0x0035,530,12,17,12,0,-17},
  {0x0036,564,13,15,13,0,-15},
  {0x0037,594,10,15,10,0,-15},
  {0x0038,624,12,15,12,0,-15},
  {0x0039,654,13,15,13,0,-15},
  {0x003a,684,6,11,6,0,-11},
  {0x003b,695,6,15,6,0,-11},
  {0x003c,710,12,12,12,0,-12},
  {0x003d,734,12,10,12,0,-10},
  {0x003e,754,12,12,12,0,-12},
  {0x003f,778,10,15,10,0,-15},
  {0x0040,808,18,17,18,0,-15},
  {0x0041,859,16,15,14,-1,-15},
  {0x0042,889,14,15,14,0,-15},
  {0x0043,919,15,15,15,0,-15},
  {0x0044,949,16,15,16,0,-15},
  {0x0045,979,14,15,14,0,-15},
  {0x0046,1009,12,15,12,0,-15},
  {0x0047,1039,17,15,17,0,-15},
  {0x0048,1084,17,15,17,0,-15},
  {0x0049,1129,7,15,7,0,-15},
  {0x004a,1144,8,15,8,0,-15},
  {0x004b,1159,16,15,15,0,-15},
  {0x004c,1189,13,15,13,0,-15},
  {0x004d,1219,20,15,20,0,-15},
  {0x004e,1264,17,15,17,0,-15},
  {0x004f,1309,17,15,17,0,-15},
  {0x0050,1354,13,15,13,0,-15},
  {0x0051,1384,18,19,18,0,-15},
  {0x0052,1441,14,15,14,0,-15},
  {0x0053,1471,12,15,12,0,-15},
  {0x0054,1501,14,15,14,0,-15},
  {0x0055,1531,17,15,17,0,-15},
  {0x0056,1576,16,15,14,-1,-15},
  {0x0057,1606,23,15,22,0,-15},
  {0x0058,1651,15,15,14,0,-15},
  {0x0059,1681,16,15,14,-1,-15},
  {0x005a,1711,13,15,13,0,-15},
  {0x005b,1741,9,21,8,0,-16},
  {0x005c,1783,15,23,15,0,-17},
  {0x005d,1829,8,21,8,0,-16},
  {0x005e,1850,18,15,18,0,-15},
  {0x005f,1895,16,2,16,0,0},
  {0x0060,1899,6,17,6,0,-17},
  {0x0061,1916,12,11,11,0,-11},
  {0x0062,1938,13,16,13,0,-16},
  {0x0063,1970,12,11,12,0,-11},
  {0x0064,1992,13,16,13,0,-16},
  {0x0065,2024,12,11,12,0,-11},
  {0x0066,2046,9,16,7,0,-16},
  {0x0067,2078,13,18,12,0,-13},
  {0x0068,2114,13,16,13,0,-16},
  {0x0069,2146,6,15,6,0,-15},
  {0x006a,2161,8,20,6,-2,-15},
  {0x006b,2181,12,16,12,0,-16},
  {0x006c,2213,6,16,6,0,-16},
  {0x006d,2229,20,11,20,0,-11},
  {0x006e,2262,13,11,13,0,-11},
  {0x006f,2284,13,11,13,0,-11},
  {0x0070,2306,13,16,13,0,-11},
  {0x0071,2338,13,16,13,0,-11},
  {0x0072,2370,10,11,10,0,-11},
  {0x0073,2392,10,11,10,0,-11},
  {0x0074,2414,9,14,9,0,-14},
  {0x0075,2442,13,11,13,0,-11},
  {0x0076,2464,12,11,11,0,-11},
  {0x0077,2486,18,11,18,0,-11},
  {0x0078,2519,12,11,12,0,-11},
  {0x0079,2541,12,16,12,0,-11},
  {0x007a,2573,11,11,11,0,-11},
  {0x007b,2595,8,21,7,0,-16},
  {0x007c,2616,5,21,5,0,-16},
  {0x007d,2637,8,21,7,0,-16},
  {0x007e,2658,12,8,12,0,-8},
  {0x00b0,2674,9,16,9,0,-16},
  {0x00b7,2706,6,9,6,0,-9},
  {0x00d7,2715,12,12,12,0,-12},
  {0x00e9,2739,12,17,12,0,-17},
  {0x2013,2773,13,7,13,0,-7},
  {0x2014,2787,19,7,18,0,-7},
  {0x2018,2808,5,16,5,0,-16},
  {0x2019,2824,4,16,4,0,-16},
  {0x201c,2840,9,16,9,0,-16},
  {0x201d,2872,8,16,8,0,-16},
  {0x2022,2888,9,11,9,0,-11},
  {0x2026,2910,17,3,17,0,-3},
  {0x2190,2919,12,11,12,0,-11},
  {0x2192,2941,12,11,12,0,-11},
  {0x2212,2963,12,8,12,0,-8}
};
const Font F_BODY = {F_BODY_bits, F_BODY_glyphs, 110, 23, 7, 30};

static const uint8_t F_BODY_I_bits[] = {
  0x10,0x38,0x30,0x30,0x30,0x30,0x30,0x30,0x30,0x00,0x00,0x00,0x30,0x30,0x30,0x36,0x26,0x26,0x26,0x26,0x00,0x00,0x00,0x00,
  0x00,0x00,0x00,0x00,0x00,0x00,0x01,0x04,0x00,0x01,0x04,0x00,0x03,0x04,0x00,0x03,0x0c,0x00,0x3f,0xff,0x80,0x02,0x08,0x00,
  0x06,0x18,0x00,0x06,0x18,0x00,0x04,0x18,0x00,0x04,0x10,0x00,0x7f,0xff,0x00,0x0c,0x30,0x00,0x08,0x30,0x00,0x08,0x20,0x00,
  0x18,0x20,0x00,0x02,0x00,0x02,0x00,0x02,0x00,0x02,0x00,0x0f,0x40,0x30,0xc0,0x20,0x40,0x60,0x40,0x70,0x40,0x30,0x00,0x1c,
  0x00,0x0f,0x00,0x03,0x80,0x00,0xc0,0x40,0x60,0x40,0x60,0x40,0x40,0x60,0xc0,0x5f,0x00,0x04,0x00,0x04,0x00,0x04,0x00,0x1e,
  0x01,0x00,0x31,0x03,0x00,0x21,0x86,0x00,0x61,0x84,0x00,0x61,0x88,0x00,0x61,0x90,0x00,0x33,0x30,0x00,0x1e,0x67,0x00,0x00,
  0xd8,0xc0,0x01,0x90,0xc0,0x03,0x30,0xc0,0x02,0x30,0xc0,0x04,0x30,0xc0,0x08,0x18,0x80,0x10,0x0f,0x00,0x00,0x00,0x00,0x0f,
  0x80,0x18,0x40,0x30,0x40,0x30,0x00,0x30,0x00,0x18,0x00,0x0e,0x00,0x30,0x02,0x60,0x7c,0x60,0x90,0x60,0x10,0x60,0x10,0x60,
  0x20,0x30,0x40,0x1f,0x80,0x30,0x30,0x20,0x20,0x20,0x00,0x00,0x00,0x00,0x00,0x00,0x00,0x00,0x00,0x00,0x00,0x04,0x04,0x08,
  0x18,0x10,0x30,0x30,0x60,0x60,0x60,0x60,0x60,0x60,0x60,0x60,0x60,0x20,0x30,0x10,0x18,0x08,0x00,0x00,0x20,0x10,0x18,0x08,
  0x0c,0x0c,0x0c,0x04,0x06,0x06,0x06,0x06,0x0c,0x0c,0x0c,0x0c,0x18,0x18,0x30,0x20,0x40,0x00,0x02,0x00,0x06,0x00,0x06,0x00,
  0x74,0xe0,0x3f,0xc0,0x06,0x00,0x0b,0x00,0x19,0x80,0x11,0x80,0x00,0x00,0x00,0x00,0x00,0x00,0x00,0x00,0x00,0x00,0x00,0x00,
  0x02,0x00,0x02,0x00,0x02,0x00,0x06,0x00,0x7f,0xe0,0x06,0x00,0x04,0x00,0x04,0x00,0x04,0x00,0x04,0x00,0x00,0x00,0x00,0x00,
  0x00,0x60,0x70,0x20,0x20,0x20,0x00,0x3f,0x80,0x00,0x00,0x00,0x00,0x00,0x00,0x00,0x00,0x00,0x00,0x00,0x00,0x20,0x60,0x60,
  0x00,0x00,0x00,0x02,0x00,0x06,0x00,0x04,0x00,0x0c,0x00,0x18,0x00,0x10,0x00,0x30,0x00,0x60,0x00,0x40,0x00,0xc0,0x01,0x80,
  0x01,0x00,0x03,0x00,0x06,0x00,0x04,0x00,0x0c,0x00,0x08,0x00,0x10,0x00,0x30,0x00,0x20,0x00,0x60,0x00,0x40,0x00,0x07,0x80,
  0x08,0x40,0x18,0x60,0x30,0x30,0x30,0x30,0x30,0x30,0x60,0x30,0x60,0x30,0x60,0x30,0x60,0x30,0x60,0x30,0x30,0x60,0x30,0x60,
  0x18,0xc0,0x0f,0x00,0x0c,0x1c,0x6c,0x0c,0x08,0x08,0x08,0x08,0x18,0x18,0x18,0x18,0x18,0x18,0x3e,0x0f,0x80,0x30,0xc0,0x60,
  0xc0,0x60,0xc0,0x00,0xc0,0x00,0xc0,0x01,0x80,0x03,0x00,0x06,0x00,0x0c,0x00,0x18,0x00,0x20,0x00,0x60,0x00,0x7f,0xc0,0x7f,
  0xc0,0x0f,0x80,0x30,0xc0,0x20,0xc0,0x20,0xc0,0x00,0xc0,0x01,0x80,0x0f,0x00,0x00,0xc0,0x00,0xc0,0x00,0x60,0x00,0x60,0x60,
  0xe0,0x60,0xc0,0x61,0x80,0x1f,0x00,0x00,0x80,0x01,0x80,0x03,0x80,0x03,0x80,0x05,0x80,0x09,0x80,0x11,0x80,0x31,0x80,0x61,
  0x80,0x41,0x80,0xff,0xe0,0x01,0x80,0x01,0x80,0x03,0x00,0x07,0xc0,0x00,0x20,0x00,0x40,0x3f,0xc0,0x20,0x00,0x20,0x00,0x20,
  0x00,0x20,0x00,0x3f,0x00,0x21,0x80,0x00,0xc0,0x00,0xc0,0x00,0xc0,0x00,0xc0,0x60,0xc0,0x60,0xc0,0x61,0x80,0x1e,0x00,0x07,
  0xc0,0x08,0x60,0x10,0x60,0x30,0x00,0x30,0x00,0x27,0x80,0x78,0xc0,0x70,0x60,0x60,0x60,0x60,0x60,0x60,0x60,0x60,0x60,0x30,
  0xc0,0x30,0x80,0x0f,0x00,0x7f,0xc0,0x40,0x40,0x00,0x80,0x00,0x80,0x01,0x00,0x01,0x00,0x03,0x00,0x02,0x00,0x06,0x00,0x04,
  0x00,0x0c,0x00,0x0c,0x00,0x08,0x00,0x18,0x00,0x18,0x00,0x0f,0x80,0x18,0xc0,0x30,0x60,0x30,0x60,0x30,0x40,0x18,0xc0,0x0d,
  0x00,0x0f,0x80,0x11,0xc0,0x30,0xe0,0x20,0x60,0x60,0x60,0x60,0x60,0x30,0xc0,0x1f,0x80,0x0f,0x80,0x10,0xc0,0x30,0x40,0x60,
  0x60,0x60,0x60,0x60,0x60,0x30,0x60,0x30,0xe0,0x1e,0x60,0x00,0x60,0x00,0x60,0x20,0xc0,0x60,0xc0,0x21,0x80,0x1f,0x00,0x30,
  0x30,0x30,0x00,0x00,0x00,0x00,0x00,0x20,0x70,0x20,0x30,0x30,0x30,0x00,0x00,0x00,0x00,0x00,0x00,0x30,0x30,0x10,0x10,0x20,
  0x00,0x00,0x00,0x00,0xe0,0x03,0x80,0x0e,0x00,0x70,0x00,0x60,0x00,0x38,0x00,0x0f,0x00,0x01,0xc0,0x00,0x60,0x00,0x00,0x00,
  0x00,0x7f,0xe0,0x00,0x00,0x00,0x00,0x7f,0xe0,0x00,0x00,0x00,0x00,0x00,0x00,0x00,0x00,0x00,0x00,0x00,0x00,0x00,0x00,0x70,
  0x00,0x1c,0x00,0x07,0x80,0x00,0xe0,0x00,0x60,0x03,0x80,0x0e,0x00,0x38,0x00,0x40,0x00,0x00,0x00,0x00,0x00,0x1f,0x00,0x21,
  0x80,0x60,0xc0,0x60,0xc0,0x00,0xc0,0x01,0x80,0x03,0x00,0x06,0x00,0x08,0x00,0x18,0x00,0x0c,0x00,0x00,0x00,0x0c,0x00,0x0c,
  0x00,0x0c,0x00,0x00,0x00,0x00,0x03,0xf8,0x00,0x0c,0x0c,0x00,0x18,0x02,0x00,0x30,0xf3,0x00,0x21,0x11,0x00,0x62,0x11,0x00,
  0x66,0x31,0x00,0x64,0x31,0x00,0x64,0x31,0x00,0x64,0x61,0x00,0x64,0xa2,0x00,0x63,0x10,0x00,0x30,0x00,0x00,0x10,0x04,0x00,
  0x0c,0x08,0x00,0x03,0xe0,0x00,0x00,0x80,0x01,0x80,0x01,0x80,0x00,0xc0,0x02,0x40,0x00,0x40,0x04,0x60,0x04,0x20,0x08,0x30,
  0x0f,0xf0,0x00,0x30,0x10,0x18,0x10,0x18,0x20,0x18,0x78,0x3c,0x3f,0xc0,0x18,0x60,0x18,0x30,0x18,0x30,0x18,0x30,0x18,0x60,
  0x18,0xc0,0x1f,0xc0,0x18,0x70,0x18,0x30,0x10,0x38,0x10,0x30,0x10,0x30,0x30,0x60,0x7f,0xc0,0x03,0xf6,0x0e,0x0c,0x18,0x04,
  0x30,0x04,0x30,0x04,0x30,0x00,0x60,0x00,0x60,0x00,0x60,0x00,0x60,0x00,0x70,0x00,0x30,0x00,0x18,0x04,0x0c,0x08,0x07,0xe0,
  0x3f,0xe0,0x18,0x38,0x18,0x0c,0x18,0x0c,0x18,0x06,0x18,0x06,0x18,0x06,0x18,0x06,0x18,0x06,0x18,0x06,0x10,0x0c,0x10,0x0c,
  0x10,0x18,0x30,0x70,0x7f,0xc0,0x3f,0xf0,0x18,0x10,0x18,0x10,0x18,0x10,0x18,0x00,0x18,0x40,0x18,0x40,0x1f,0xc0,0x18,0xc0,
  0x18,0x40,0x10,0x00,0x10,0x00,0x10,0x10,0x30,0x10,0x7f,0xf0,0x3f,0xf0,0x18,0x30,0x18,0x10,0x18,0x10,0x18,0x00,0x18,0x00,
  0x18,0x80,0x1f,0x80,0x18,0x80,0x18,0x80,0x10,0x00,0x10,0x00,0x10,0x00,0x30,0x00,0x7c,0x00,0x03,0xf2,0x00,0x0e,0x0e,0x00,
  0x18,0x06,0x00,0x30,0x06,0x00,0x30,0x00,0x00,0x30,0x00,0x00,0x60,0x00,0x00,0x60,0x1f,0x00,0x60,0x06,0x00,0x60,0x06,0x00,
  0x70,0x04,0x00,0x30,0x04,0x00,0x38,0x04,0x00,0x1c,0x0c,0x00,0x07,0xf0,0x00,0x3c,0x1f,0x00,0x18,0x06,0x00,0x18,0x06,0x00,
  0x18,0x06,0x00,0x18,0x06,0x00,0x18,0x04,0x00,0x18,0x04,0x00,0x1f,0xfc,0x00,0x18,0x0c,0x00,0x18,0x0c,0x00,0x10,0x0c,0x00,
  0x10,0x0c,0x00,0x10,0x0c,0x00,0x30,0x0c,0x00,0x7c,0x1e,0x00,0x3c,0x18,0x18,0x18,0x18,0x18,0x18,0x18,0x18,0x18,0x10,0x10,
  0x10,0x30,0x7c,0x1f,0x80,0x06,0x00,0x06,0x00,0x06,0x00,0x06,0x00,0x06,0x00,0x06,0x00,0x06,0x00,0x06,0x00,0x06,0x00,0x06,
  0x00,0x04,0x00,0x04,0x00,0x6c,0x00,0x78,0x00,0x3c,0x3c,0x18,0x30,0x18,0x20,0x18,0x40,0x18,0x80,0x19,0x80,0x19,0x00,0x1f,
  0x00,0x1b,0x80,0x19,0xc0,0x10,0xc0,0x10,0x60,0x10,0x70,0x30,0x38,0x7c,0x1c,0x3c,0x00,0x18,0x00,0x18,0x00,0x18,0x00,0x18,
  0x00,0x18,0x00,0x18,0x00,0x18,0x00,0x18,0x00,0x18,0x00,0x10,0x00,0x10,0x10,0x30,0x10,0x30,0x30,0x7f,0xf0,0x38,0x00,0xe0,
  0x1c,0x01,0xc0,0x1c,0x01,0xc0,0x16,0x03,0x80,0x16,0x02,0x80,0x12,0x04,0x80,0x13,0x04,0x80,0x13,0x08,0x80,0x11,0x08,0xc0,
  0x11,0x90,0xc0,0x11,0x90,0xc0,0x30,0xc0,0xc0,0x20,0xe0,0xc0,0x20,0x40,0xc0,0x78,0x43,0xe0,0x38,0x0f,0x00,0x18,0x02,0x00,
  0x1c,0x02,0x00,0x16,0x02,0x00,0x17,0x02,0x00,0x13,0x02,0x00,0x11,0x86,0x00,0x10,0xc4,0x00,0x10,0xc4,0x00,0x10,0x64,0x00,
  0x10,0x34,0x00,0x10,0x3c,0x00,0x10,0x1c,0x00,0x30,0x0c,0x00,0x78,0x04,0x00,0x03,0xf0,0x00,0x0c,0x1c,0x00,0x18,0x06,0x00,
  0x30,0x06,0x00,0x30,0x03,0x00,0x60,0x03,0x00,0x60,0x03,0x00,0x60,0x03,0x00,0x60,0x03,0x00,0x60,0x03,0x00,0x30,0x03,0x00,
  0x30,0x06,0x00,0x18,0x0c,0x00,0x0c,0x18,0x00,0x07,0xe0,0x00,0x3f,0xc0,0x18,0x70,0x18,0x38,0x18,0x18,0x18,0x18,0x18,0x18,
  0x18,0x30,0x18,0x60,0x1f,0x80,0x18,0x00,0x10,0x00,0x10,0x00,0x10,0x00,0x30,0x00,0x7c,0x00,0x03,0xf0,0x00,0x0c,0x1c,0x00,
  0x18,0x06,0x00,0x30,0x06,0x00,0x30,0x03,0x00,0x60,0x03,0x00,0x60,0x03,0x00,0x60,0x03,0x00,0x60,0x03,0x00,0x60,0x03,0x00,
  0x30,0x03,0x00,0x30,0x06,0x00,0x18,0x0c,0x00,0x0c,0x18,0x00,0x07,0xe0,0x00,0x00,0x38,0x00,0x00,0x1c,0x00,0x00,0x07,0x00,
  0x00,0x03,0x80,0x3f,0xc0,0x18,0x70,0x18,0x30,0x18,0x30,0x18,0x30,0x18,0x30,0x18,0x60,0x1f,0x80,0x19,0x80,0x19,0x80,0x10,
  0xc0,0x10,0xe0,0x10,0x60,0x30,0x30,0x7c,0x38,0x0f,0xa0,0x10,0xe0,0x30,0x60,0x20,0x20,0x30,0x20,0x38,0x00,0x1e,0x00,0x0f,
  0x80,0x01,0xc0,0x00,0xe0,0x40,0x60,0x40,0x60,0x60,0x60,0x70,0xc0,0x5f,0x80,0x7f,0xfc,0x61,0x0c,0x43,0x04,0x43,0x04,0x03,
  0x00,0x03,0x00,0x03,0x00,0x03,0x00,0x03,0x00,0x03,0x00,0x03,0x00,0x03,0x00,0x03,0x00,0x03,0x00,0x0f,0x80,0x7c,0x0f,0x00,
  0x18,0x02,0x00,0x10,0x02,0x00,0x10,0x02,0x00,0x30,0x06,0x00,0x30,0x06,0x00,0x30,0x04,0x00,0x30,0x04,0x00,0x30,0x04,0x00,
  0x30,0x04,0x00,0x30,0x04,0x00,0x10,0x04,0x00,0x18,0x08,0x00,0x0c,0x10,0x00,0x07,0xe0,0x00,0x78,0x1e,0x30,0x0c,0x30,0x08,
  0x30,0x10,0x18,0x10,0x18,0x30,0x0c,0x20,0x0c,0x20,0x0c,0x40,0x06,0x40,0x06,0x80,0x07,0x80,0x03,0x80,0x03,0x00,0x01,0x00,
  0x7c,0x10,0x3c,0x30,0x10,0x18,0x30,0x38,0x10,0x10,0x38,0x10,0x18,0x38,0x20,0x18,0x4c,0x20,0x18,0x4c,0x60,0x0c,0x8c,0x40,
  0x0c,0x84,0x40,0x0c,0x86,0x80,0x07,0x06,0x80,0x07,0x07,0x00,0x06,0x03,0x00,0x06,0x03,0x00,0x02,0x02,0x00,0x7c,0x3c,0x30,
  0x18,0x18,0x30,0x18,0x60,0x0c,0x40,0x06,0x80,0x07,0x00,0x03,0x00,0x03,0x80,0x05,0xc0,0x08,0xc0,0x18,0x60,0x10,0x30,0x20,
  0x30,0xf0,0x7c,0x7c,0x3e,0x30,0x18,0x38,0x10,0x18,0x20,0x0c,0x20,0x0c,0x40,0x06,0x80,0x07,0x80,0x03,0x00,0x03,0x00,0x03,
  0x00,0x03,0x00,0x03,0x00,0x03,0x00,0x07,0xc0,0x3f,0xf8,0x20,0x30,0x20,0x60,0x00,0x60,0x00,0xc0,0x01,0x80,0x03,0x00,0x03,
  0x00,0x06,0x00,0x0c,0x00,0x18,0x00,0x18,0x10,0x30,0x10,0x60,0x30,0x7f,0xf0,0x1f,0x00,0x30,0x00,0x30,0x00,0x30,0x00,0x30,
  0x00,0x30,0x00,0x30,0x00,0x30,0x00,0x20,0x00,0x20,0x00,0x20,0x00,0x20,0x00,0x20,0x00,0x20,0x00,0x60,0x00,0x60,0x00,0x60,
  0x00,0x60,0x00,0x60,0x00,0x60,0x00,0x7e,0x00,0x00,0x00,0x00,0x60,0x00,0x00,0x20,0x00,0x00,0x30,0x00,0x00,0x18,0x00,0x00,
  0x08,0x00,0x00,0x0c,0x00,0x00,0x06,0x00,0x00,0x02,0x00,0x00,0x03,0x00,0x00,0x01,0x80,0x00,0x00,0x80,0x00,0x00,0xc0,0x00,
  0x00,0x40,0x00,0x00,0x20,0x00,0x00,0x30,0x00,0x00,0x10,0x00,0x00,0x08,0x00,0x00,0x0c,0x00,0x00,0x04,0x00,0x00,0x06,0x00,
  0x00,0x03,0x00,0x00,0x00,0x00,0x3f,0x00,0x03,0x00,0x03,0x00,0x03,0x00,0x02,0x00,0x02,0x00,0x02,0x00,0x02,0x00,0x02,0x00,
  0x02,0x00,0x06,0x00,0x06,0x00,0x06,0x00,0x06,0x00,0x06,0x00,0x06,0x00,0x06,0x00,0x04,0x00,0x04,0x00,0x04,0x00,0x7c,0x00,
  0x00,0xe0,0x00,0x03,0x30,0x00,0x06,0x18,0x00,0x0c,0x0c,0x00,0x18,0x06,0x00,0x30,0x03,0x00,0x00,0x00,0x00,0x00,0x00,0x00,
  0x00,0x00,0x00,0x00,0x00,0x00,0x00,0x00,0x00,0x00,0x00,0x00,0x00,0x00,0x00,0x00,0x00,0x00,0x00,0x00,0x00,0x00,0x00,0x00,
  0x00,0x00,0x7f,0xfc,0x00,0x60,0x20,0x10,0x00,0x00,0x00,0x00,0x00,0x00,0x00,0x00,0x00,0x00,0x00,0x00,0x00,0x07,0xc0,0x18,
  0xc0,0x30,0xc0,0x20,0xc0,0x60,0xc0,0x61,0xc0,0x61,0x80,0x61,0x80,0x62,0x90,0x64,0x80,0x38,0xe0,0x10,0x00,0x70,0x00,0x30,
  0x00,0x30,0x00,0x30,0x00,0x33,0x80,0x24,0xc0,0x28,0xc0,0x30,0xc0,0x30,0xc0,0x30,0xc0,0x20,0xc0,0x60,0xc0,0x61,0x80,0x61,
  0x00,0x3e,0x00,0x0f,0x00,0x10,0x80,0x30,0x80,0x60,0x80,0x60,0x00,0x60,0x00,0x60,0x00,0x60,0x00,0x60,0x80,0x31,0x00,0x1e,
  0x00,0x00,0x20,0x00,0xe0,0x00,0x60,0x00,0x40,0x00,0x40,0x07,0xc0,0x18,0xc0,0x30,0xc0,0x20,0xc0,0x60,0xc0,0x60,0xc0,0x61,
  0xc0,0x61,0x80,0x62,0x90,0x60,0x90,0x38,0xe0,0x0f,0x00,0x11,0x80,0x31,0x80,0x61,0x80,0x63,0x00,0x7c,0x00,0x60,0x00,0x60,
  0x00,0x60,0x80,0x31,0x00,0x1e,0x00,0x00,0xe0,0x01,0x20,0x03,0x00,0x02,0x00,0x02,0x00,0x0f,0xc0,0x06,0x00,0x06,0x00,0x06,
  0x00,0x06,0x00,0x06,0x00,0x06,0x00,0x06,0x00,0x06,0x00,0x04,0x00,0x04,0x00,0x04,0x00,0x0c,0x00,0x0c,0x00,0xc8,0x00,0x70,
  0x00,0x07,0xc0,0x18,0xc0,0x30,0xc0,0x20,0xc0,0x60,0xc0,0x60,0xc0,0x61,0xc0,0x61,0x80,0x62,0x80,0x60,0x80,0x39,0x80,0x01,
  0x80,0x01,0x80,0x41,0x00,0xc2,0x00,0x7c,0x00,0x18,0x00,0x70,0x00,0x30,0x00,0x30,0x00,0x30,0x00,0x33,0x80,0x34,0xc0,0x38,
  0xc0,0x38,0xc0,0x30,0xc0,0x30,0xc0,0x30,0xc0,0x60,0xc0,0x60,0xc0,0x60,0xd0,0x60,0xe0,0x18,0x18,0x00,0x00,0x30,0x18,0x98,
  0x18,0x18,0x10,0x30,0x30,0x32,0x30,0x18,0x03,0x00,0x03,0x00,0x00,0x00,0x00,0x00,0x06,0x00,0x0b,0x00,0x03,0x00,0x03,0x00,
  0x03,0x00,0x03,0x00,0x03,0x00,0x03,0x00,0x03,0x00,0x02,0x00,0x02,0x00,0x06,0x00,0x06,0x00,0x04,0x00,0x4c,0x00,0x70,0x00,
  0x10,0x00,0x70,0x00,0x30,0x00,0x30,0x00,0x30,0x00,0x30,0x80,0x30,0xc0,0x38,0xc0,0x30,0x80,0x33,0x80,0x3e,0x00,0x36,0x00,
  0x63,0x00,0x63,0x00,0x61,0x80,0x61,0xc0,0x08,0x70,0x10,0x30,0x30,0x30,0x30,0x30,0x30,0x20,0x20,0x20,0x60,0x60,0x60,0x30,
  0x31,0xc7,0x00,0x1a,0x69,0x80,0x9c,0x61,0x80,0x18,0x71,0x80,0x18,0x61,0x80,0x18,0x61,0x80,0x30,0x61,0x80,0x30,0xc3,0x00,
  0x30,0xc3,0x20,0x30,0xc3,0x00,0x30,0xc1,0x80,0x31,0xc0,0x1a,0x60,0x9c,0x60,0x1c,0x60,0x18,0x60,0x18,0x60,0x30,0x60,0x30,
  0x60,0x30,0x40,0x30,0x48,0x30,0x70,0x0f,0x00,0x10,0x80,0x30,0xc0,0x60,0xc0,0x60,0xc0,0x60,0xc0,0x60,0xc0,0x60,0xc0,0x60,
  0x80,0x31,0x80,0x1e,0x00,0x31,0xc0,0x5a,0x60,0x1c,0x20,0x1c,0x30,0x18,0x30,0x18,0x20,0x18,0x60,0x10,0x60,0x10,0xc0,0x10,
  0x80,0x3f,0x00,0x30,0x00,0x30,0x00,0x30,0x00,0x30,0x00,0x78,0x00,0x07,0xc0,0x18,0xc0,0x30,0xc0,0x20,0xc0,0x60,0xc0,0x60,
  0xc0,0x61,0xc0,0x61,0x80,0x62,0x80,0x60,0x80,0x39,0x80,0x01,0x80,0x01,0x80,0x01,0x80,0x01,0x80,0x03,0xc0,0x31,0xc0,0x1a,
  0xc0,0x9c,0x00,0x1c,0x00,0x18,0x00,0x18,0x00,0x38,0x00,0x30,0x00,0x30,0x00,0x30,0x00,0x30,0x00,0x1e,0x00,0x23,0x00,0x61,
  0x00,0x70,0x00,0x38,0x00,0x0e,0x00,0x07,0x00,0x03,0x00,0x43,0x00,0x63,0x00,0x3e,0x00,0x08,0x18,0x30,0x7f,0x30,0x30,0x30,
  0x30,0x30,0x30,0x30,0x30,0x32,0x1c,0x30,0x60,0x18,0x60,0x98,0x60,0x18,0x60,0x10,0x60,0x30,0xe0,0x30,0xc0,0x30,0xc0,0x31,
  0xc8,0x32,0xc0,0x1c,0x60,0x31,0x80,0x19,0xc0,0x98,0x60,0x18,0x20,0x18,0x20,0x30,0x40,0x30,0x40,0x30,0x40,0x30,0x80,0x11,
  0x00,0x1e,0x00,0x30,0x66,0x00,0x18,0x67,0x00,0x98,0x61,0x80,0x18,0x60,0x80,0x18,0x40,0x80,0x30,0x41,0x00,0x30,0xc1,0x00,
  0x30,0xc1,0x00,0x31,0xc2,0x00,0x10,0x44,0x00,0x1c,0x78,0x00,0x38,0x60,0x48,0xa0,0x4d,0x00,0x0c,0x00,0x06,0x00,0x06,0x00,
  0x06,0x00,0x0b,0x00,0x0b,0x20,0xd1,0xa0,0x60,0xc0,0x30,0x60,0x78,0x60,0x4c,0x20,0x0c,0x20,0x04,0x20,0x06,0x20,0x06,0x40,
  0x06,0x40,0x02,0x40,0x03,0x80,0x03,0x00,0x03,0x00,0x02,0x00,0x04,0x00,0x6c,0x00,0x70,0x00,0x00,0x00,0x3d,0x80,0x47,0x80,
  0x43,0x00,0x02,0x00,0x04,0x00,0x08,0x00,0x10,0x00,0x30,0x00,0x3c,0x80,0x7f,0x80,0x07,0x00,0x07,0x18,0x18,0x18,0x10,0x18,
  0x18,0x10,0x30,0xe0,0x30,0x10,0x10,0x30,0x30,0x30,0x30,0x30,0x30,0x18,0x0c,0x30,0x30,0x30,0x30,0x30,0x30,0x20,0x20,0x20,
  0x20,0x20,0x20,0x20,0x20,0x20,0x60,0x60,0x60,0x60,0x60,0x60,0x30,0x00,0x08,0x00,0x0c,0x00,0x0c,0x00,0x0c,0x00,0x0c,0x00,
  0x0c,0x00,0x0c,0x00,0x0c,0x00,0x0c,0x00,0x07,0x00,0x0c,0x00,0x08,0x00,0x08,0x00,0x08,0x00,0x08,0x00,0x08,0x00,0x08,0x00,
  0x18,0x00,0x18,0x00,0x60,0x00,0x3c,0x00,0x47,0xe0,0x01,0x80,0x00,0x00,0x00,0x00,0x00,0x00,0x00,0x00,0x00,0x00,0x1c,0x00,
  0x22,0x00,0x21,0x00,0x61,0x00,0x63,0x00,0x22,0x00,0x1c,0x00,0x00,0x00,0x00,0x00,0x00,0x00,0x00,0x00,0x00,0x00,0x00,0x00,
  0x00,0x00,0x00,0x00,0x00,0x00,0x20,0x70,0x20,0x00,0x00,0x00,0x00,0x00,0x00,0x00,0x00,0x10,0xc0,0x09,0x80,0x06,0x00,0x06,
  0x00,0x0b,0x00,0x11,0x80,0x20,0x80,0x00,0x00,0x00,0x00,0x00,0x00,0x00,0x00,0x00,0x00,0x03,0x00,0x02,0x00,0x04,0x00,0x00,
  0x00,0x00,0x00,0x0f,0x00,0x11,0x80,0x31,0x80,0x61,0x80,0x63,0x00,0x7c,0x00,0x60,0x00,0x60,0x00,0x60,0x80,0x31,0x00,0x1e,
  0x00,0x3f,0xe0,0x00,0x00,0x00,0x00,0x00,0x00,0x00,0x00,0x00,0x00,0x00,0x00,0x3f,0xfe,0x00,0x00,0x00,0x00,0x00,0x00,0x00,
  0x00,0x00,0x00,0x00,0x00,0x00,0x00,0x00,0x00,0x00,0x00,0x00,0x10,0x20,0x20,0x20,0x70,0x30,0x00,0x00,0x00,0x00,0x00,0x00,
  0x00,0x00,0x00,0x00,0x30,0x70,0x10,0x10,0x20,0x00,0x00,0x00,0x00,0x00,0x00,0x00,0x00,0x00,0x00,0x00,0x10,0x00,0x22,0x00,
  0x22,0x00,0x26,0x00,0x77,0x00,0x33,0x00,0x00,0x00,0x00,0x00,0x00,0x00,0x00,0x00,0x00,0x00,0x00,0x00,0x00,0x00,0x00,0x00,
  0x00,0x00,0x00,0x00,0x32,0x77,0x11,0x12,0x22,0x00,0x00,0x00,0x00,0x00,0x00,0x00,0x00,0x00,0x00,0x00,0x1c,0x00,0x3e,0x00,
  0x7f,0x00,0x7f,0x00,0x7e,0x00,0x3c,0x00,0x00,0x00,0x00,0x00,0x00,0x00,0x00,0x00,0x00,0x00,0x20,0x86,0x00,0x61,0x86,0x00,
  0x61,0x86,0x00,0x7f,0xc0,0x60,0xc0,0x60,0xc0,0x60,0xc0,0x60,0xc0,0x60,0xc0,0x60,0xc0,0x60,0xc0,0x60,0xc0,0x60,0xc0,0x7f,
  0xc0,0x7f,0xc0,0x60,0xc0,0x60,0xc0,0x60,0xc0,0x60,0xc0,0x60,0xc0,0x60,0xc0,0x60,0xc0,0x60,0xc0,0x60,0xc0,0x7f,0xc0,0x7f,
  0xe0,0x00,0x00,0x00,0x00,0x00,0x00,0x00,0x00,0x00,0x00,0x00,0x00,0x00,0x00
};

static const Glyph F_BODY_I_glyphs[] = {
  {0x0020,0,6,0,6,0,0},
  {0x0021,0,6,15,6,0,-15},
  {0x0022,15,8,15,8,0,-15},
  {0x0023,30,18,15,18,0,-15},
  {0x0024,75,12,22,12,0,-19},
  {0x0025,119,19,16,19,0,-15},
  {0x0026,167,16,15,15,0,-15},
  {0x0027,197,4,15,4,0,-15},
  {0x0028,212,7,23,7,0,-17},
  {0x0029,235,8,23,7,-1,-17},
  {0x002a,258,11,15,11,0,-15},
  {0x002b,288,12,12,12,0,-12},
  {0x002c,312,5,7,5,0,-3},
  {0x002d,319,11,7,11,0,-7},
  {0x002e,333,5,3,5,0,-3},
  {0x002f,336,16,23,14,-1,-17},
  {0x0030,382,13,15,13,0,-15},
  {0x0031,412,8,15,8,0,-15},
  {0x0032,427,12,15,12,0,-15},
  {0x0033,457,12,15,12,0,-15},
  {0x0034,487,12,15,12,0,-15},
  {0x0035,517,12,17,12,0,-17},
  {0x0036,551,12,15,12,0,-15},
  {0x0037,581,11,15,10,0,-15},
  {0x0038,611,12,15,12,0,-15},
  {0x0039,641,12,15,12,0,-15},
  {0x003a,671,6,11,6,0,-11},
  {0x003b,682,6,15,6,0,-11},
  {0x003c,697,12,12,12,0,-12},
  {0x003d,721,12,10,12,0,-10},
  {0x003e,741,12,12,12,0,-12},
  {0x003f,765,10,15,10,0,-15},
  {0x0040,795,17,17,17,0,-15},
  {0x0041,846,15,15,14,-1,-15},
  {0x0042,876,14,15,14,0,-15},
  {0x0043,906,15,15,15,0,-15},
  {0x0044,936,16,15,16,0,-15},
  {0x0045,966,14,15,14,0,-15},
  {0x0046,996,12,15,12,0,-15},
  {0x0047,1026,17,15,17,0,-15},
  {0x0048,1071,17,15,17,0,-15},
  {0x0049,1116,7,15,7,0,-15},
  {0x004a,1131,9,15,8,-1,-15},
  {0x004b,1161,15,15,15,0,-15},
  {0x004c,1191,13,15,13,0,-15},
  {0x004d,1221,20,15,20,0,-15},
  {0x004e,1266,17,15,17,0,-15},
  {0x004f,1311,17,15,17,0,-15},
  {0x0050,1356,13,15,13,0,-15},
  {0x0051,1386,18,19,17,0,-15},
  {0x0052,1443,14,15,14,0,-15},
  {0x0053,1473,12,15,12,0,-15},
  {0x0054,1503,14,15,14,0,-15},
  {0x0055,1533,17,15,16,0,-15},
  {0x0056,1578,16,15,15,0,-15},
  {0x0057,1608,23,15,22,0,-15},
  {0x0058,1653,15,15,14,0,-15},
  {0x0059,1683,15,15,14,0,-15},
  {0x005a,1713,13,15,13,0,-15},
  {0x005b,1743,9,21,8,0,-16},
  {0x005c,1785,17,23,17,0,-17},
  {0x005d,1854,9,21,8,-1,-16},
  {0x005e,1896,18,16,18,0,-16},
  {0x005f,1944,16,2,16,0,0},
  {0x0060,1948,5,17,5,0,-17},
  {0x0061,1965,13,11,12,0,-11},
  {0x0062,1987,11,16,11,0,-16},
  {0x0063,2019,10,11,10,0,-11},
  {0x0064,2041,13,16,12,0,-16},
  {0x0065,2073,11,11,10,0,-11},
  {0x0066,2095,12,21,7,-3,-16},
  {0x0067,2137,11,16,11,0,-11},
  {0x0068,2169,13,16,13,0,-16},
  {0x0069,2201,7,15,7,0,-15},
  {0x006a,2216,9,20,6,-3,-15},
  {0x006b,2256,11,16,11,0,-16},
  {0x006c,2288,6,16,6,0,-16},
  {0x006d,2304,20,11,19,0,-11},
  {0x006e,2337,14,11,14,0,-11},
  {0x006f,2359,11,11,11,0,-11},
  {0x0070,2381,13,16,13,0,-11},
  {0x0071,2413,11,16,11,0,-11},
  {0x0072,2445,11,11,10,0,-11},
  {0x0073,2467,9,11,9,0,-11},
  {0x0074,2489,8,14,8,0,-14},
  {0x0075,2503,13,11,13,0,-11},
  {0x0076,2525,12,11,12,0,-11},
  {0x0077,2547,18,11,18,0,-11},
  {0x0078,2580,12,11,12,0,-11},
  {0x0079,2602,12,16,11,-1,-11},
  {0x007a,2634,10,12,10,0,-12},
  {0x007b,2658,8,21,7,0,-16},
  {0x007c,2679,5,21,5,0,-16},
  {0x007d,2700,9,21,7,-1,-16},
  {0x007e,2742,12,8,12,0,-8},
  {0x00b0,2758,9,16,9,0,-16},
  {0x00b7,2790,5,9,5,0,-9},
  {0x00d7,2799,12,12,12,0,-12},
  {0x00e9,2823,11,17,10,0,-17},
  {0x2013,2857,13,7,13,0,-7},
  {0x2014,2871,17,7,17,0,-7},
  {0x2018,2892,5,16,5,0,-16},
  {0x2019,2908,4,16,4,0,-16},
  {0x201c,2924,9,16,9,0,-16},
  {0x201d,2956,8,16,8,0,-16},
  {0x2022,2972,9,11,9,0,-11},
  {0x2026,2994,17,3,17,0,-3},
  {0x2190,3003,11,11,11,0,-11},
  {0x2192,3025,11,11,11,0,-11},
  {0x2212,3047,12,8,12,0,-8}
};
const Font F_BODY_I = {F_BODY_I_bits, F_BODY_I_glyphs, 110, 23, 7, 30};

static const uint8_t F_TITLE_bits[] = {
  0x00,0x00,0x1c,0x00,0x3e,0x00,0x3e,0x00,0x3e,0x00,0x3e,0x00,0x3e,0x00,0x3e,0x00,0x3e,0x00,0x1c,0x00,0x1c,0x00,0x1c,0x00,
  0x1c,0x00,0x1c,0x00,0x1c,0x00,0x1c,0x00,0x1c,0x00,0x1c,0x00,0x1c,0x00,0x08,0x00,0x00,0x00,0x00,0x00,0x00,0x00,0x1c,0x00,
  0x3e,0x00,0x3e,0x00,0x3e,0x00,0x1c,0x00,0x00,0x00,0x39,0xc0,0x39,0xc0,0x39,0xc0,0x39,0xc0,0x39,0xc0,0x39,0xc0,0x39,0xc0,
  0x39,0xc0,0x39,0xc0,0x00,0x00,0x00,0x00,0x00,0x00,0x00,0x00,0x00,0x00,0x00,0x00,0x00,0x00,0x00,0x00,0x00,0x00,0x00,0x00,
  0x00,0x00,0x00,0x00,0x00,0x00,0x00,0x00,0x00,0x00,0x00,0x00,0x00,0x00,0x00,0x00,0x00,0x00,0x00,0x06,0x00,0xc0,0x00,0x00,
  0x0f,0x01,0xc0,0x00,0x00,0x0f,0x01,0xc0,0x00,0x00,0x0e,0x03,0xc0,0x00,0x00,0x0e,0x03,0xc0,0x00,0x00,0x1e,0x03,0x80,0x00,
  0x00,0x1e,0x03,0x80,0x00,0x00,0x1c,0x03,0x80,0x00,0x0f,0xff,0xff,0xfe,0x00,0x0f,0xff,0xff,0xfe,0x00,0x0f,0xff,0xff,0xfe,
  0x00,0x00,0x3c,0x07,0x00,0x00,0x00,0x38,0x0f,0x00,0x00,0x00,0x38,0x0f,0x00,0x00,0x00,0x78,0x0e,0x00,0x00,0x00,0x78,0x0e,
  0x00,0x00,0x00,0x70,0x1e,0x00,0x00,0x00,0x70,0x1e,0x00,0x00,0x00,0xf0,0x1c,0x00,0x00,0x3f,0xff,0xff,0xf8,0x00,0x3f,0xff,
  0xff,0xf0,0x00,0x7f,0xff,0xff,0xf0,0x00,0x00,0xe0,0x3c,0x00,0x00,0x01,0xe0,0x38,0x00,0x00,0x01,0xe0,0x38,0x00,0x00,0x01,
  0xc0,0x78,0x00,0x00,0x01,0xc0,0x78,0x00,0x00,0x03,0xc0,0x78,0x00,0x00,0x03,0xc0,0x70,0x00,0x00,0x00,0x70,0x00,0x00,0x70,
  0x00,0x00,0x70,0x00,0x00,0x70,0x00,0x00,0x70,0x00,0x00,0x70,0xc0,0x07,0xfd,0xc0,0x0f,0xff,0xc0,0x1f,0x07,0xc0,0x1e,0x03,
  0xc0,0x3c,0x03,0xc0,0x3c,0x01,0xc0,0x3c,0x01,0xc0,0x3e,0x01,0xc0,0x3e,0x00,0xc0,0x1f,0x80,0x00,0x1f,0xe0,0x00,0x0f,0xf8,
  0x00,0x07,0xfe,0x00,0x03,0xff,0x00,0x01,0xff,0xc0,0x00,0x7f,0xc0,0x00,0x1f,0xe0,0x00,0x07,0xf0,0x30,0x03,0xf0,0x38,0x01,
  0xf0,0x38,0x01,0xf0,0x38,0x01,0xf0,0x3c,0x01,0xe0,0x3e,0x03,0xe0,0x3f,0x07,0xc0,0x3f,0xff,0x80,0x39,0xff,0x00,0x00,0x38,
  0x00,0x00,0x38,0x00,0x00,0x38,0x00,0x00,0x38,0x00,0x00,0x38,0x00,0x00,0x38,0x00,0x00,0x00,0x00,0x00,0x00,0x0f,0xf0,0x00,
  0x60,0x00,0x1f,0xf8,0x00,0xf0,0x00,0x3c,0x3c,0x00,0xf0,0x00,0x3c,0x3c,0x01,0xe0,0x00,0x78,0x1e,0x03,0xc0,0x00,0x78,0x1e,
  0x07,0x80,0x00,0x78,0x1e,0x0f,0x00,0x00,0x78,0x1e,0x1f,0x00,0x00,0x78,0x1e,0x1e,0x00,0x00,0x3c,0x1c,0x3c,0x00,0x00,0x3c,
  0x3c,0x78,0x00,0x00,0x1e,0x78,0xf0,0x00,0x00,0x0f,0xf1,0xe0,0x00,0x00,0x07,0xc1,0xe3,0xf0,0x00,0x00,0x03,0xc7,0xfc,0x00,
  0x00,0x07,0x8f,0x3e,0x00,0x00,0x0f,0x1e,0x1e,0x00,0x00,0x1e,0x1c,0x0f,0x00,0x00,0x3c,0x3c,0x0f,0x00,0x00,0x3c,0x3c,0x0f,
  0x00,0x00,0x78,0x3c,0x0f,0x00,0x00,0xf0,0x3c,0x0f,0x00,0x01,0xe0,0x3c,0x0e,0x00,0x03,0xc0,0x1e,0x1e,0x00,0x03,0x80,0x1f,
  0x1c,0x00,0x07,0x80,0x0f,0xfc,0x00,0x07,0x00,0x07,0xf0,0x00,0x02,0x00,0x00,0x00,0x00,0x00,0x00,0x00,0x00,0x01,0xfe,0x00,
  0x00,0x03,0xff,0x00,0x00,0x07,0x87,0x80,0x00,0x0f,0x03,0xc0,0x00,0x0f,0x03,0xc0,0x00,0x0f,0x03,0xc0,0x00,0x0f,0x03,0xc0,
  0x00,0x0f,0x03,0x80,0x00,0x0f,0x87,0x80,0x00,0x07,0x8f,0x00,0x00,0x07,0xce,0x00,0x00,0x03,0xfc,0x00,0x00,0x01,0xf0,0xfe,
  0x00,0x07,0xf8,0xfe,0x00,0x0f,0xfc,0x38,0x00,0x1e,0x7e,0x18,0x00,0x3e,0x3f,0x18,0x00,0x3c,0x1f,0x98,0x00,0x7c,0x0f,0xd8,
  0x00,0x7c,0x07,0xf8,0x00,0x7c,0x03,0xf0,0x00,0x7c,0x01,0xf8,0x00,0x7e,0x00,0xfc,0x00,0x3e,0x01,0xff,0x00,0x1f,0x03,0xdf,
  0x80,0x0f,0xff,0x8f,0xc0,0x07,0xfe,0x07,0xc0,0x00,0x00,0x00,0x00,0x38,0x38,0x38,0x38,0x38,0x38,0x38,0x38,0x38,0x00,0x00,
  0x00,0x00,0x00,0x00,0x00,0x00,0x00,0x00,0x00,0x00,0x00,0x00,0x00,0x00,0x00,0x00,0x00,0x00,0x00,0x00,0x60,0x00,0xe0,0x01,
  0xc0,0x01,0x80,0x03,0x80,0x07,0x80,0x07,0x00,0x0f,0x00,0x0f,0x00,0x1e,0x00,0x1e,0x00,0x3e,0x00,0x3e,0x00,0x3e,0x00,0x3c,
  0x00,0x7c,0x00,0x7c,0x00,0x7c,0x00,0x7c,0x00,0x7c,0x00,0x7c,0x00,0x7c,0x00,0x7c,0x00,0x7c,0x00,0x3c,0x00,0x3c,0x00,0x3e,
  0x00,0x3e,0x00,0x1e,0x00,0x1e,0x00,0x0f,0x00,0x0f,0x00,0x07,0x00,0x07,0x80,0x03,0x80,0x03,0x80,0x01,0xc0,0x00,0xe0,0x00,
  0x60,0x00,0x00,0x00,0x00,0x60,0x00,0x70,0x00,0x38,0x00,0x1c,0x00,0x1c,0x00,0x1e,0x00,0x0e,0x00,0x0f,0x00,0x0f,0x00,0x07,
  0x80,0x07,0x80,0x07,0xc0,0x07,0xc0,0x07,0xc0,0x03,0xc0,0x03,0xe0,0x03,0xe0,0x03,0xe0,0x03,0xe0,0x03,0xe0,0x03,0xe0,0x03,
  0xe0,0x03,0xe0,0x03,0xe0,0x03,0xc0,0x07,0xc0,0x07,0xc0,0x07,0xc0,0x07,0x80,0x07,0x80,0x0f,0x00,0x0f,0x00,0x0e,0x00,0x1e,
  0x00,0x1c,0x00,0x18,0x00,0x38,0x00,0x70,0x00,0x60,0x00,0x00,0x00,0x00,0x00,0x00,0x00,0xf0,0x00,0x00,0xf0,0x00,0x00,0xf0,
  0x00,0x00,0xf0,0x00,0x00,0xf0,0x00,0x3c,0x63,0xc0,0x7f,0x6f,0xe0,0x3f,0xff,0xc0,0x0f,0xff,0x00,0x00,0xf0,0x00,0x01,0xf8,
  0x00,0x03,0x9c,0x00,0x07,0x9e,0x00,0x0f,0x0f,0x00,0x0f,0x0f,0x00,0x0e,0x07,0x00,0x00,0x00,0x00,0x00,0x00,0x00,0x00,0x00,
  0x00,0x00,0x00,0x00,0x00,0x00,0x00,0x00,0x00,0x00,0x00,0x00,0x00,0x00,0x00,0x00,0x00,0x00,0x00,0x00,0x00,0x00,0x00,0x00,
  0x00,0x00,0x70,0x00,0x00,0x70,0x00,0x00,0x70,0x00,0x00,0x70,0x00,0x00,0x70,0x00,0x00,0x70,0x00,0x00,0x70,0x00,0x00,0x70,
  0x00,0x3f,0xff,0xe0,0x3f,0xff,0xe0,0x00,0x70,0x00,0x00,0x70,0x00,0x00,0x70,0x00,0x00,0x70,0x00,0x00,0x70,0x00,0x00,0x70,
  0x00,0x00,0x70,0x00,0x00,0x60,0x00,0x00,0x00,0x00,0x00,0x00,0x00,0x00,0x00,0x00,0x00,0x00,0x00,0x00,0x00,0x00,0x1c,0x00,
  0x3e,0x00,0x3f,0x00,0x3f,0x00,0x1f,0x00,0x07,0x00,0x07,0x00,0x06,0x00,0x06,0x00,0x0c,0x00,0x0c,0x00,0x08,0x00,0x3f,0xff,
  0x00,0x3f,0xff,0x00,0x3f,0xff,0x00,0x3f,0xff,0x00,0x00,0x00,0x00,0x00,0x00,0x00,0x00,0x00,0x00,0x00,0x00,0x00,0x00,0x00,
  0x00,0x00,0x00,0x00,0x00,0x00,0x00,0x00,0x00,0x00,0x00,0x00,0x00,0x00,0x00,0x00,0x00,0x00,0x1c,0x00,0x3e,0x00,0x3e,0x00,
  0x3e,0x00,0x1c,0x00,0x00,0x00,0x00,0x00,0x00,0x00,0x00,0x00,0x03,0x00,0x00,0x00,0x07,0x80,0x00,0x00,0x07,0x80,0x00,0x00,
  0x0f,0x80,0x00,0x00,0x0f,0x00,0x00,0x00,0x1e,0x00,0x00,0x00,0x1e,0x00,0x00,0x00,0x3c,0x00,0x00,0x00,0x7c,0x00,0x00,0x00,
  0x78,0x00,0x00,0x00,0xf0,0x00,0x00,0x00,0xf0,0x00,0x00,0x01,0xe0,0x00,0x00,0x01,0xe0,0x00,0x00,0x03,0xc0,0x00,0x00,0x07,
  0xc0,0x00,0x00,0x07,0x80,0x00,0x00,0x0f,0x00,0x00,0x00,0x0f,0x00,0x00,0x00,0x1e,0x00,0x00,0x00,0x1e,0x00,0x00,0x00,0x3c,
  0x00,0x00,0x00,0x38,0x00,0x00,0x00,0x78,0x00,0x00,0x00,0xf0,0x00,0x00,0x00,0xf0,0x00,0x00,0x01,0xe0,0x00,0x00,0x01,0xe0,
  0x00,0x00,0x03,0xc0,0x00,0x00,0x03,0x80,0x00,0x00,0x07,0x80,0x00,0x00,0x0f,0x00,0x00,0x00,0x0f,0x00,0x00,0x00,0x1e,0x00,
  0x00,0x00,0x1e,0x00,0x00,0x00,0x3c,0x00,0x00,0x00,0x38,0x00,0x00,0x00,0x78,0x00,0x00,0x00,0x30,0x00,0x00,0x00,0x00,0x00,
  0x00,0x00,0x00,0x00,0x00,0x00,0xff,0x00,0x01,0xff,0xc0,0x03,0xc3,0xe0,0x07,0x81,0xe0,0x0f,0x00,0xf0,0x0f,0x00,0xf0,0x1f,
  0x00,0xf8,0x1e,0x00,0xf8,0x1e,0x00,0x78,0x3e,0x00,0x7c,0x3e,0x00,0x7c,0x3e,0x00,0x7c,0x3e,0x00,0x7c,0x3e,0x00,0x7c,0x3e,
  0x00,0x7c,0x3e,0x00,0x7c,0x3e,0x00,0x7c,0x3e,0x00,0x7c,0x1e,0x00,0x78,0x1e,0x00,0x78,0x1f,0x00,0xf8,0x1f,0x00,0xf0,0x0f,
  0x00,0xf0,0x07,0x81,0xe0,0x07,0xc3,0xc0,0x03,0xff,0x80,0x00,0xff,0x00,0x00,0x00,0x00,0x00,0xe0,0x01,0xe0,0x03,0xe0,0x0f,
  0xe0,0x1f,0xe0,0x7f,0xe0,0x73,0xe0,0x63,0xe0,0x03,0xe0,0x03,0xe0,0x03,0xe0,0x03,0xe0,0x03,0xe0,0x03,0xe0,0x03,0xe0,0x03,
  0xe0,0x03,0xe0,0x03,0xe0,0x03,0xe0,0x03,0xe0,0x03,0xe0,0x03,0xe0,0x03,0xe0,0x03,0xe0,0x03,0xe0,0x07,0xe0,0x1f,0xf8,0x1f,
  0xf8,0x00,0x00,0x00,0x03,0xfc,0x00,0x0f,0xff,0x00,0x1e,0x1f,0x80,0x1c,0x0f,0x80,0x3e,0x07,0xc0,0x3e,0x07,0xc0,0x3e,0x07,
  0xc0,0x1c,0x07,0xc0,0x00,0x07,0xc0,0x00,0x07,0x80,0x00,0x0f,0x80,0x00,0x0f,0x00,0x00,0x1e,0x00,0x00,0x3c,0x00,0x00,0x38,
  0x00,0x00,0x70,0x00,0x00,0xe0,0x00,0x01,0xc0,0x00,0x03,0x80,0x00,0x07,0x00,0x00,0x0e,0x00,0x00,0x1e,0x00,0xc0,0x1c,0x01,
  0xc0,0x1f,0xff,0xc0,0x3f,0xff,0xc0,0x3f,0xff,0xc0,0x3f,0xff,0xc0,0x00,0x00,0x00,0x07,0xfc,0x00,0x1f,0xff,0x00,0x3e,0x1f,
  0x80,0x3c,0x0f,0x80,0x7c,0x07,0xc0,0x7c,0x07,0xc0,0x7c,0x07,0xc0,0x38,0x07,0xc0,0x00,0x07,0x80,0x00,0x0f,0x80,0x00,0x1f,
  0x00,0x00,0x7c,0x00,0x03,0xf8,0x00,0x03,0xfe,0x00,0x00,0x1f,0x80,0x00,0x0f,0xc0,0x00,0x07,0xc0,0x00,0x03,0xe0,0x00,0x03,
  0xe0,0x00,0x03,0xe0,0x3c,0x03,0xe0,0x7c,0x03,0xe0,0x7c,0x07,0xc0,0x78,0x07,0xc0,0x3c,0x0f,0x80,0x1f,0xff,0x00,0x0f,0xfc,
  0x00,0x00,0x00,0x00,0x00,0x07,0x00,0x00,0x07,0x00,0x00,0x0f,0x00,0x00,0x1f,0x00,0x00,0x1f,0x00,0x00,0x3f,0x00,0x00,0x7f,
  0x00,0x00,0xff,0x00,0x00,0xdf,0x00,0x01,0xdf,0x00,0x03,0x9f,0x00,0x03,0x1f,0x00,0x07,0x1f,0x00,0x0e,0x1f,0x00,0x0e,0x1f,
  0x00,0x1c,0x1f,0x00,0x38,0x1f,0x00,0x78,0x1f,0x00,0x7f,0xff,0xf0,0x7f,0xff,0xf0,0x7f,0xff,0xf0,0x00,0x1f,0x00,0x00,0x1f,
  0x00,0x00,0x1f,0x00,0x00,0x1f,0x00,0x00,0x3f,0x00,0x00,0x7f,0xe0,0x00,0x7f,0xe0,0x00,0x00,0xc0,0x00,0x00,0xc0,0x00,0x01,
  0xc0,0x1f,0xff,0xc0,0x1f,0xff,0xc0,0x1f,0xff,0xc0,0x1c,0x00,0x00,0x1c,0x00,0x00,0x1c,0x00,0x00,0x1c,0x00,0x00,0x1c,0x00,
  0x00,0x1c,0x00,0x00,0x1c,0x00,0x00,0x1d,0xfc,0x00,0x1f,0xff,0x00,0x1f,0x1f,0x80,0x08,0x0f,0xc0,0x00,0x07,0xc0,0x00,0x07,
  0xe0,0x00,0x03,0xe0,0x00,0x03,0xe0,0x00,0x03,0xe0,0x00,0x03,0xe0,0x1e,0x03,0xe0,0x3e,0x03,0xe0,0x3e,0x07,0xc0,0x3e,0x07,
  0xc0,0x1f,0x0f,0x80,0x0f,0xff,0x00,0x07,0xfc,0x00,0x00,0x00,0x00,0x00,0x00,0x00,0x00,0xff,0x00,0x01,0xff,0xc0,0x03,0xc3,
  0xc0,0x07,0x81,0xe0,0x0f,0x81,0xe0,0x0f,0x01,0xe0,0x1f,0x00,0xc0,0x1f,0x00,0x00,0x1e,0x00,0x00,0x1e,0x00,0x00,0x3e,0x3e,
  0x00,0x3e,0xff,0x80,0x3f,0xcf,0xc0,0x3f,0x03,0xe0,0x3f,0x03,0xe0,0x3e,0x03,0xf0,0x3e,0x01,0xf0,0x3e,0x01,0xf0,0x3e,0x01,
  0xf0,0x3e,0x01,0xf0,0x1f,0x01,0xf0,0x1f,0x01,0xf0,0x1f,0x01,0xe0,0x0f,0x83,0xe0,0x0f,0xc7,0xc0,0x07,0xff,0x80,0x01,0xfe,
  0x00,0x00,0x00,0x00,0x7f,0xff,0x80,0x7f,0xff,0x80,0x7f,0xff,0x80,0x70,0x03,0x80,0x60,0x03,0x00,0x60,0x07,0x00,0x00,0x06,
  0x00,0x00,0x0e,0x00,0x00,0x0e,0x00,0x00,0x0c,0x00,0x00,0x1c,0x00,0x00,0x1c,0x00,0x00,0x38,0x00,0x00,0x38,0x00,0x00,0x38,
  0x00,0x00,0x78,0x00,0x00,0x70,0x00,0x00,0x70,0x00,0x00,0xf0,0x00,0x00,0xf0,0x00,0x01,0xe0,0x00,0x01,0xe0,0x00,0x01,0xe0,
  0x00,0x03,0xe0,0x00,0x03,0xc0,0x00,0x03,0xc0,0x00,0x03,0x80,0x00,0x00,0x00,0x00,0x00,0x00,0x00,0x03,0xfe,0x00,0x07,0xff,
  0x80,0x0f,0x87,0xc0,0x1f,0x03,0xc0,0x3e,0x01,0xe0,0x3e,0x01,0xe0,0x3e,0x01,0xe0,0x3e,0x01,0xe0,0x3f,0x03,0xc0,0x1f,0x83,
  0x80,0x1f,0xc7,0x00,0x0f,0xfe,0x00,0x07,0xfc,0x00,0x01,0xff,0x00,0x03,0xff,0x80,0x07,0x9f,0xc0,0x0f,0x0f,0xe0,0x1e,0x07,
  0xe0,0x1c,0x03,0xf0,0x3c,0x01,0xf0,0x3c,0x01,0xf0,0x3c,0x01,0xf0,0x3c,0x01,0xf0,0x1e,0x03,0xe0,0x1f,0x07,0xe0,0x0f,0xff,
  0xc0,0x03,0xff,0x00,0x00,0x00,0x00,0x00,0x00,0x00,0x01,0xfe,0x00,0x07,0xff,0x80,0x0f,0x87,0x80,0x1f,0x07,0xc0,0x1f,0x03,
  0xe0,0x3e,0x03,0xe0,0x3e,0x01,0xe0,0x3e,0x01,0xf0,0x3e,0x01,0xf0,0x3e,0x01,0xf0,0x3e,0x01,0xf0,0x3f,0x01,0xf0,0x1f,0x03,
  0xf0,0x1f,0x03,0xf0,0x0f,0xcf,0xf0,0x07,0xfd,0xf0,0x01,0xf1,0xf0,0x00,0x01,0xf0,0x00,0x01,0xe0,0x00,0x01,0xe0,0x0e,0x03,
  0xe0,0x1f,0x03,0xc0,0x1f,0x03,0xc0,0x1e,0x07,0x80,0x0f,0x0f,0x80,0x0f,0xff,0x00,0x07,0xfc,0x00,0x00,0x00,0x00,0x1c,0x00,
  0x3e,0x00,0x3e,0x00,0x3e,0x00,0x3e,0x00,0x1c,0x00,0x00,0x00,0x00,0x00,0x00,0x00,0x00,0x00,0x00,0x00,0x00,0x00,0x00,0x00,
  0x00,0x00,0x00,0x00,0x00,0x00,0x1c,0x00,0x3e,0x00,0x3e,0x00,0x3e,0x00,0x1c,0x00,0x00,0x00,0x0e,0x00,0x1f,0x00,0x1f,0x00,
  0x1f,0x00,0x1f,0x00,0x0e,0x00,0x00,0x00,0x00,0x00,0x00,0x00,0x00,0x00,0x00,0x00,0x00,0x00,0x00,0x00,0x00,0x00,0x00,0x00,
  0x00,0x00,0x1c,0x00,0x3e,0x00,0x3f,0x00,0x3f,0x00,0x1f,0x00,0x03,0x00,0x07,0x00,0x06,0x00,0x06,0x00,0x0c,0x00,0x0c,0x00,
  0x08,0x00,0x00,0x00,0x00,0x00,0x00,0xc0,0x00,0x03,0xc0,0x00,0x0f,0xc0,0x00,0x7f,0x80,0x01,0xfe,0x00,0x07,0xf0,0x00,0x1f,
  0xc0,0x00,0x7f,0x00,0x00,0x7c,0x00,0x00,0x7e,0x00,0x00,0x7f,0x80,0x00,0x1f,0xe0,0x00,0x03,0xf8,0x00,0x00,0xff,0x00,0x00,
  0x3f,0xc0,0x00,0x0f,0xc0,0x00,0x01,0xc0,0x00,0x00,0x40,0x00,0x00,0x00,0x00,0x00,0x00,0x00,0x00,0x00,0x3f,0xff,0xe0,0x3f,
  0xff,0xe0,0x00,0x00,0x00,0x00,0x00,0x00,0x00,0x00,0x00,0x00,0x00,0x00,0x00,0x00,0x00,0x3f,0xff,0xe0,0x3f,0xff,0xe0,0x00,
  0x00,0x00,0x00,0x00,0x00,0x00,0x00,0x00,0x00,0x00,0x00,0x00,0x00,0x00,0x00,0x00,0x00,0x00,0x00,0x00,0x00,0x00,0x00,0x00,
  0x00,0x00,0x00,0x00,0x00,0x00,0x00,0x00,0x30,0x00,0x00,0x3c,0x00,0x00,0x3f,0x80,0x00,0x1f,0xe0,0x00,0x07,0xf8,0x00,0x01,
  0xfe,0x00,0x00,0x3f,0xc0,0x00,0x0f,0xe0,0x00,0x03,0xe0,0x00,0x07,0xe0,0x00,0x1f,0xe0,0x00,0x7f,0x00,0x01,0xfc,0x00,0x07,
  0xf0,0x00,0x3f,0xc0,0x00,0x3f,0x00,0x00,0x38,0x00,0x00,0x20,0x00,0x00,0x00,0x00,0x00,0x00,0x00,0x00,0x00,0x00,0x00,0x00,
  0x00,0x00,0x07,0xfc,0x00,0x1f,0xfe,0x00,0x3c,0x3f,0x00,0x78,0x1f,0x80,0x7c,0x0f,0x80,0x7c,0x0f,0x80,0x78,0x0f,0x80,0x00,
  0x0f,0x80,0x00,0x0f,0x00,0x00,0x1e,0x00,0x00,0x3c,0x00,0x00,0x78,0x00,0x00,0xe0,0x00,0x01,0xc0,0x00,0x03,0x80,0x00,0x07,
  0x00,0x00,0x07,0x00,0x00,0x07,0xe0,0x00,0x03,0xf0,0x00,0x00,0x00,0x00,0x00,0x00,0x00,0x00,0x00,0x00,0x01,0xc0,0x00,0x03,
  0xe0,0x00,0x03,0xe0,0x00,0x03,0xe0,0x00,0x01,0xc0,0x00,0x00,0x00,0x00,0x00,0x07,0xe0,0x00,0x00,0x3f,0xfc,0x00,0x00,0xf8,
  0x1f,0x00,0x01,0xe0,0x07,0x80,0x03,0x80,0x01,0xc0,0x07,0x00,0x00,0xc0,0x06,0x01,0xf0,0xe0,0x0e,0x07,0xfc,0x70,0x0c,0x0f,
  0x3c,0x70,0x1c,0x1c,0x38,0x30,0x1c,0x3c,0x38,0x38,0x38,0x38,0x38,0x38,0x38,0x38,0x38,0x38,0x38,0x70,0x78,0x38,0x38,0x70,
  0x78,0x38,0x38,0x70,0x78,0x38,0x38,0x70,0xf8,0x30,0x38,0x70,0xf8,0x70,0x38,0x71,0xb8,0x70,0x1c,0x79,0xb8,0xe0,0x1c,0x3f,
  0x3d,0xc0,0x1e,0x1e,0x1f,0x80,0x0e,0x00,0x0f,0x00,0x07,0x00,0x00,0x00,0x07,0x80,0x00,0xc0,0x03,0xe0,0x03,0x80,0x01,0xfc,
  0x1f,0x00,0x00,0x7f,0xfc,0x00,0x00,0x0f,0xf0,0x00,0x00,0x0c,0x00,0x00,0x00,0x0e,0x00,0x00,0x00,0x1e,0x00,0x00,0x00,0x1f,
  0x00,0x00,0x00,0x1f,0x00,0x00,0x00,0x3f,0x00,0x00,0x00,0x3f,0x80,0x00,0x00,0x37,0x80,0x00,0x00,0x77,0x80,0x00,0x00,0x77,
  0xc0,0x00,0x00,0x67,0xc0,0x00,0x00,0xe3,0xe0,0x00,0x00,0xe3,0xe0,0x00,0x01,0xc3,0xe0,0x00,0x01,0xc1,0xf0,0x00,0x01,0xc1,
  0xf0,0x00,0x03,0x81,0xf8,0x00,0x03,0x81,0xf8,0x00,0x03,0xff,0xf8,0x00,0x07,0xff,0xfc,0x00,0x07,0x00,0x7c,0x00,0x07,0x00,
  0x7c,0x00,0x0e,0x00,0x3e,0x00,0x0e,0x00,0x3e,0x00,0x1e,0x00,0x3e,0x00,0x3c,0x00,0x7f,0x00,0x7f,0x80,0xff,0xc0,0x7f,0x80,
  0xff,0xc0,0x7f,0xff,0x00,0x00,0x7f,0xff,0xc0,0x00,0x3f,0xc7,0xe0,0x00,0x0f,0x81,0xf0,0x00,0x0f,0x80,0xf8,0x00,0x0f,0x80,
  0xf8,0x00,0x0f,0x80,0xf8,0x00,0x0f,0x80,0xf8,0x00,0x0f,0x80,0xf8,0x00,0x0f,0x81,0xf0,0x00,0x0f,0x81,0xe0,0x00,0x0f,0x83,
  0xc0,0x00,0x0f,0xff,0x00,0x00,0x0f,0xff,0xe0,0x00,0x0f,0x83,0xf8,0x00,0x0f,0x80,0xfc,0x00,0x0f,0x80,0x7c,0x00,0x0f,0x80,
  0x3e,0x00,0x0f,0x80,0x3e,0x00,0x0f,0x80,0x3e,0x00,0x0f,0x80,0x3e,0x00,0x0f,0x80,0x3e,0x00,0x0f,0x80,0x7c,0x00,0x0f,0x80,
  0xfc,0x00,0x1f,0x83,0xf8,0x00,0x7f,0xff,0xf0,0x00,0x7f,0xff,0x80,0x00,0x00,0x00,0x00,0x00,0x00,0x7f,0xe7,0x00,0x01,0xff,
  0xff,0x00,0x03,0xf0,0x7f,0x00,0x07,0xc0,0x1f,0x00,0x0f,0x80,0x0f,0x00,0x1f,0x00,0x0f,0x00,0x1f,0x00,0x07,0x00,0x3e,0x00,
  0x07,0x00,0x3e,0x00,0x07,0x00,0x3c,0x00,0x00,0x00,0x7c,0x00,0x00,0x00,0x7c,0x00,0x00,0x00,0x7c,0x00,0x00,0x00,0x7c,0x00,
  0x00,0x00,0x7c,0x00,0x00,0x00,0x7c,0x00,0x00,0x00,0x7c,0x00,0x00,0x00,0x7c,0x00,0x00,0x00,0x3e,0x00,0x00,0x00,0x3e,0x00,
  0x00,0x00,0x1f,0x00,0x00,0x00,0x1f,0x00,0x01,0x80,0x0f,0x80,0x03,0x80,0x07,0xc0,0x0f,0x00,0x03,0xf0,0x3e,0x00,0x01,0xff,
  0xf8,0x00,0x00,0x7f,0xe0,0x00,0x00,0x00,0x00,0x00,0x7f,0xff,0x00,0x00,0x7f,0xff,0xe0,0x00,0x3f,0xe3,0xf8,0x00,0x0f,0x80,
  0xfc,0x00,0x0f,0x80,0x3e,0x00,0x0f,0x80,0x1f,0x00,0x0f,0x80,0x1f,0x00,0x0f,0x80,0x0f,0x80,0x0f,0x80,0x0f,0x80,0x0f,0x80,
  0x07,0x80,0x0f,0x80,0x07,0xc0,0x0f,0x80,0x07,0xc0,0x0f,0x80,0x07,0xc0,0x0f,0x80,0x07,0xc0,0x0f,0x80,0x07,0xc0,0x0f,0x80,
  0x07,0xc0,0x0f,0x80,0x07,0xc0,0x0f,0x80,0x07,0x80,0x0f,0x80,0x0f,0x80,0x0f,0x80,0x0f,0x80,0x0f,0x80,0x1f,0x00,0x0f,0x80,
  0x1e,0x00,0x0f,0x80,0x3e,0x00,0x0f,0x80,0x7c,0x00,0x1f,0x83,0xf8,0x00,0x7f,0xff,0xe0,0x00,0x7f,0xff,0x00,0x00,0x7f,0xff,
  0xf0,0x7f,0xff,0xf0,0x3f,0xc1,0xf0,0x0f,0x80,0x70,0x0f,0x80,0x30,0x0f,0x80,0x30,0x0f,0x80,0x30,0x0f,0x80,0x00,0x0f,0x83,
  0x00,0x0f,0x83,0x00,0x0f,0x83,0x00,0x0f,0x83,0x00,0x0f,0xff,0x00,0x0f,0xff,0x00,0x0f,0x87,0x00,0x0f,0x83,0x00,0x0f,0x83,
  0x00,0x0f,0x80,0x00,0x0f,0x80,0x18,0x0f,0x80,0x18,0x0f,0x80,0x18,0x0f,0x80,0x18,0x0f,0x80,0x38,0x0f,0x80,0x78,0x1f,0x81,
  0xf8,0x7f,0xff,0xf8,0x7f,0xff,0xf8,0x3f,0xff,0xf8,0x3f,0xff,0xf8,0x3f,0xe0,0xf8,0x07,0xc0,0x38,0x07,0xc0,0x38,0x07,0xc0,
  0x18,0x07,0xc0,0x18,0x07,0xc0,0x00,0x07,0xc0,0x00,0x07,0xc3,0x00,0x07,0xc3,0x00,0x07,0xc3,0x00,0x07,0xc3,0x00,0x07,0xff,
  0x00,0x07,0xff,0x00,0x07,0xc7,0x00,0x07,0xc3,0x00,0x07,0xc3,0x00,0x07,0xc0,0x00,0x07,0xc0,0x00,0x07,0xc0,0x00,0x07,0xc0,
  0x00,0x07,0xc0,0x00,0x07,0xc0,0x00,0x0f,0xc0,0x00,0x3f,0xf8,0x00,0x3f,0xf8,0x00,0x00,0x00,0x00,0x00,0x00,0x3f,0xf9,0x80,
  0x00,0xff,0xff,0x80,0x01,0xf8,0x1f,0x80,0x03,0xe0,0x0f,0x80,0x07,0xc0,0x07,0x80,0x0f,0x80,0x03,0x80,0x0f,0x80,0x01,0x80,
  0x1f,0x00,0x01,0x80,0x1f,0x00,0x01,0x80,0x1e,0x00,0x00,0x00,0x3e,0x00,0x00,0x00,0x3e,0x00,0x00,0x00,0x3e,0x00,0x00,0x00,
  0x3e,0x00,0x00,0x00,0x3e,0x00,0x1f,0xf8,0x3e,0x00,0x1f,0xf8,0x3e,0x00,0x03,0xe0,0x3f,0x00,0x03,0xc0,0x1f,0x00,0x03,0xc0,
  0x1f,0x00,0x03,0xc0,0x1f,0x80,0x03,0xc0,0x0f,0x80,0x03,0xc0,0x07,0xc0,0x03,0xc0,0x07,0xe0,0x03,0xc0,0x03,0xf8,0x0f,0xc0,
  0x00,0xff,0xff,0xc0,0x00,0x3f,0xf8,0x00,0x00,0x00,0x00,0x00,0x3f,0xf0,0x3f,0xf0,0x3f,0xf0,0x3f,0xf0,0x27,0xe0,0x27,0xe0,
  0x07,0xc0,0x07,0xc0,0x07,0xc0,0x07,0xc0,0x07,0xc0,0x07,0xc0,0x07,0xc0,0x07,0xc0,0x07,0xc0,0x07,0xc0,0x07,0xc0,0x07,0xc0,
  0x07,0xc0,0x07,0xc0,0x07,0xc0,0x07,0xc0,0x07,0xc0,0x07,0xc0,0x07,0xff,0xff,0xc0,0x07,0xff,0xff,0xc0,0x07,0xc0,0x07,0xc0,
  0x07,0xc0,0x07,0xc0,0x07,0xc0,0x07,0xc0,0x07,0xc0,0x07,0xc0,0x07,0xc0,0x07,0xc0,0x07,0xc0,0x07,0xc0,0x07,0xc0,0x07,0xc0,
  0x07,0xc0,0x07,0xc0,0x07,0xc0,0x07,0xc0,0x07,0xc0,0x07,0xc0,0x0f,0xc0,0x0f,0xc0,0x3f,0xf0,0x3f,0xf0,0x3f,0xf0,0x3f,0xf0,
  0x3f,0xf0,0x3f,0xf0,0x27,0xe0,0x07,0xc0,0x07,0xc0,0x07,0xc0,0x07,0xc0,0x07,0xc0,0x07,0xc0,0x07,0xc0,0x07,0xc0,0x07,0xc0,
  0x07,0xc0,0x07,0xc0,0x07,0xc0,0x07,0xc0,0x07,0xc0,0x07,0xc0,0x07,0xc0,0x07,0xc0,0x07,0xc0,0x07,0xc0,0x07,0xc0,0x07,0xc0,
  0x0f,0xc0,0x3f,0xf0,0x3f,0xf0,0x0f,0xfe,0x0f,0xfe,0x0f,0xf8,0x01,0xf0,0x01,0xf0,0x01,0xf0,0x01,0xf0,0x01,0xf0,0x01,0xf0,
  0x01,0xf0,0x01,0xf0,0x01,0xf0,0x01,0xf0,0x01,0xf0,0x01,0xf0,0x01,0xf0,0x01,0xf0,0x01,0xf0,0x01,0xf0,0x01,0xf0,0x01,0xf0,
  0x71,0xf0,0xf9,0xe0,0xf9,0xe0,0xf3,0xe0,0x7f,0xc0,0x3f,0x80,0x00,0x00,0x3f,0xf0,0xff,0x80,0x3f,0xf0,0xff,0x80,0x27,0xe0,
  0x3e,0x00,0x07,0xc0,0x78,0x00,0x07,0xc0,0x70,0x00,0x07,0xc0,0xe0,0x00,0x07,0xc0,0xc0,0x00,0x07,0xc1,0xc0,0x00,0x07,0xc3,
  0x80,0x00,0x07,0xc3,0x80,0x00,0x07,0xc7,0x00,0x00,0x07,0xce,0x00,0x00,0x07,0xfe,0x00,0x00,0x07,0xff,0x00,0x00,0x07,0xdf,
  0x80,0x00,0x07,0xcf,0xc0,0x00,0x07,0xc7,0xc0,0x00,0x07,0xc3,0xe0,0x00,0x07,0xc3,0xf0,0x00,0x07,0xc1,0xf8,0x00,0x07,0xc0,
  0xf8,0x00,0x07,0xc0,0xfc,0x00,0x07,0xc0,0x7e,0x00,0x07,0xc0,0x3f,0x00,0x1f,0xc0,0x1f,0xc0,0x3f,0xf0,0x1f,0xe0,0x3f,0xf0,
  0x0f,0xe0,0x3f,0xf0,0x00,0x3f,0xf0,0x00,0x27,0xe0,0x00,0x07,0xc0,0x00,0x07,0xc0,0x00,0x07,0xc0,0x00,0x07,0xc0,0x00,0x07,
  0xc0,0x00,0x07,0xc0,0x00,0x07,0xc0,0x00,0x07,0xc0,0x00,0x07,0xc0,0x00,0x07,0xc0,0x00,0x07,0xc0,0x00,0x07,0xc0,0x00,0x07,
  0xc0,0x00,0x07,0xc0,0x00,0x07,0xc0,0x00,0x07,0xc0,0x0c,0x07,0xc0,0x0c,0x07,0xc0,0x0c,0x07,0xc0,0x0c,0x07,0xc0,0x1c,0x07,
  0xc0,0x3c,0x0f,0xc0,0xfc,0x3f,0xff,0xfc,0x3f,0xff,0xfc,0x3f,0xc0,0x00,0x1f,0xc0,0x3f,0xc0,0x00,0x3f,0xc0,0x07,0xe0,0x00,
  0x3f,0x80,0x07,0xe0,0x00,0x7f,0x00,0x07,0xf0,0x00,0x7f,0x00,0x07,0xf0,0x00,0x7f,0x00,0x07,0xf0,0x00,0xff,0x00,0x07,0xf8,
  0x00,0xef,0x00,0x07,0x78,0x01,0xcf,0x00,0x07,0x7c,0x01,0xcf,0x00,0x07,0x7c,0x01,0x8f,0x00,0x07,0x3c,0x03,0x8f,0x00,0x07,
  0x3e,0x03,0x8f,0x00,0x07,0x3e,0x07,0x0f,0x00,0x07,0x1f,0x07,0x0f,0x00,0x07,0x1f,0x06,0x0f,0x00,0x07,0x0f,0x0e,0x0f,0x00,
  0x07,0x0f,0x8e,0x0f,0x00,0x07,0x0f,0x9c,0x0f,0x00,0x07,0x07,0x9c,0x0f,0x00,0x07,0x07,0xd8,0x0f,0x00,0x07,0x03,0xf8,0x0f,
  0x00,0x07,0x03,0xf0,0x0f,0x00,0x07,0x03,0xf0,0x0f,0x00,0x0f,0x01,0xf0,0x1f,0x80,0x3f,0xc1,0xe0,0x7f,0xe0,0x3f,0xc0,0xe0,
  0x7f,0xe0,0x3e,0x00,0x0f,0xf0,0x3f,0x00,0x0f,0xf0,0x0f,0x80,0x0b,0xc0,0x0f,0xc0,0x03,0x80,0x0f,0xc0,0x03,0x80,0x0f,0xe0,
  0x03,0x80,0x0f,0xf0,0x03,0x80,0x0f,0xf8,0x03,0x80,0x0e,0xfc,0x03,0x80,0x0e,0xfc,0x03,0x80,0x0e,0x7e,0x03,0x80,0x0e,0x3f,
  0x03,0x80,0x0e,0x1f,0x83,0x80,0x0e,0x0f,0x83,0x80,0x0e,0x0f,0xc3,0x80,0x0e,0x07,0xe3,0x80,0x0e,0x03,0xf3,0x80,0x0e,0x01,
  0xf3,0x80,0x0e,0x01,0xfb,0x80,0x0e,0x00,0xff,0x80,0x0e,0x00,0x7f,0x80,0x0e,0x00,0x3f,0x80,0x0e,0x00,0x1f,0x80,0x0e,0x00,
  0x1f,0x80,0x1e,0x00,0x0f,0x80,0x3f,0xc0,0x07,0x80,0x3f,0xc0,0x03,0x80,0x00,0x00,0x00,0x00,0x00,0x7f,0xe0,0x00,0x01,0xff,
  0xf8,0x00,0x03,0xe0,0x7c,0x00,0x07,0x80,0x3e,0x00,0x0f,0x00,0x1f,0x00,0x1f,0x00,0x0f,0x80,0x1e,0x00,0x0f,0x80,0x3e,0x00,
  0x07,0xc0,0x3e,0x00,0x07,0xc0,0x3c,0x00,0x07,0xc0,0x7c,0x00,0x03,0xe0,0x7c,0x00,0x03,0xe0,0x7c,0x00,0x03,0xe0,0x7c,0x00,
  0x03,0xe0,0x7c,0x00,0x03,0xe0,0x7c,0x00,0x03,0xe0,0x7c,0x00,0x03,0xe0,0x7e,0x00,0x03,0xc0,0x3e,0x00,0x07,0xc0,0x3e,0x00,
  0x07,0xc0,0x3f,0x00,0x07,0x80,0x1f,0x00,0x0f,0x80,0x0f,0x80,0x0f,0x00,0x0f,0xc0,0x1e,0x00,0x07,0xe0,0x7c,0x00,0x01,0xff,
  0xf8,0x00,0x00,0x7f,0xe0,0x00,0x00,0x00,0x00,0x00,0x3f,0xff,0x00,0x3f,0xff,0xe0,0x3f,0xe3,0xf8,0x07,0xc0,0xfc,0x07,0xc0,
  0x7c,0x07,0xc0,0x3e,0x07,0xc0,0x3e,0x07,0xc0,0x3e,0x07,0xc0,0x3e,0x07,0xc0,0x3e,0x07,0xc0,0x3e,0x07,0xc0,0x7c,0x07,0xc0,
  0x7c,0x07,0xc0,0xf8,0x07,0xc7,0xf0,0x07,0xff,0xe0,0x07,0xff,0x00,0x07,0xc0,0x00,0x07,0xc0,0x00,0x07,0xc0,0x00,0x07,0xc0,
  0x00,0x07,0xc0,0x00,0x07,0xc0,0x00,0x07,0xc0,0x00,0x0f,0xc0,0x00,0x3f,0xf8,0x00,0x3f,0xf8,0x00,0x00,0x00,0x00,0x00,0x00,
  0x7f,0xe0,0x00,0x01,0xff,0xf8,0x00,0x03,0xe0,0x7c,0x00,0x07,0x80,0x3e,0x00,0x0f,0x00,0x1f,0x00,0x1f,0x00,0x0f,0x80,0x1e,
  0x00,0x0f,0x80,0x3e,0x00,0x07,0xc0,0x3e,0x00,0x07,0xc0,0x3c,0x00,0x07,0xc0,0x7c,0x00,0x03,0xe0,0x7c,0x00,0x03,0xe0,0x7c,
  0x00,0x03,0xe0,0x7c,0x00,0x03,0xe0,0x7c,0x00,0x03,0xe0,0x7c,0x00,0x03,0xe0,0x7c,0x00,0x03,0xe0,0x3e,0x00,0x03,0xc0,0x3e,
  0x00,0x07,0xc0,0x3e,0x00,0x07,0xc0,0x1f,0x00,0x07,0x80,0x1f,0x00,0x0f,0x80,0x0f,0x80,0x0f,0x00,0x0f,0xc0,0x1e,0x00,0x07,
  0xe0,0x7c,0x00,0x01,0xff,0xf8,0x00,0x00,0x7f,0xe0,0x00,0x00,0x03,0xfc,0x00,0x00,0x00,0x7e,0x00,0x00,0x00,0x3f,0x00,0x00,
  0x00,0x1f,0x80,0x00,0x00,0x0f,0xc0,0x00,0x00,0x07,0xf0,0x00,0x00,0x03,0xfc,0x00,0x00,0x01,0xfc,0x00,0x00,0x00,0x00,0x3f,
  0xff,0x80,0x00,0x3f,0xff,0xf0,0x00,0x3f,0xe3,0xf8,0x00,0x07,0xc0,0xfc,0x00,0x07,0xc0,0x7c,0x00,0x07,0xc0,0x3e,0x00,0x07,
  0xc0,0x3e,0x00,0x07,0xc0,0x3e,0x00,0x07,0xc0,0x3e,0x00,0x07,0xc0,0x3e,0x00,0x07,0xc0,0x3c,0x00,0x07,0xc0,0x7c,0x00,0x07,
  0xc0,0xf8,0x00,0x07,0xc3,0xf0,0x00,0x07,0xff,0xc0,0x00,0x07,0xff,0x00,0x00,0x07,0xcf,0x80,0x00,0x07,0xc7,0xc0,0x00,0x07,
  0xc7,0xe0,0x00,0x07,0xc3,0xf0,0x00,0x07,0xc1,0xf0,0x00,0x07,0xc1,0xf8,0x00,0x07,0xc0,0xfc,0x00,0x07,0xc0,0x7c,0x00,0x1f,
  0xc0,0x7f,0x00,0x3f,0xf0,0x3f,0x80,0x3f,0xf0,0x1f,0x80,0x00,0x00,0x00,0x03,0xfe,0xe0,0x0f,0xff,0xe0,0x1f,0x07,0xe0,0x1e,
  0x03,0xe0,0x3c,0x01,0xe0,0x3c,0x00,0xe0,0x3c,0x00,0xe0,0x3e,0x00,0x60,0x3e,0x00,0x60,0x1f,0x80,0x00,0x1f,0xe0,0x00,0x0f,
  0xf8,0x00,0x07,0xfe,0x00,0x03,0xff,0x80,0x00,0xff,0xc0,0x00,0x3f,0xe0,0x00,0x0f,0xf0,0x00,0x03,0xf8,0x38,0x01,0xf8,0x38,
  0x00,0xf8,0x38,0x00,0xf8,0x3c,0x00,0xf8,0x3c,0x00,0xf8,0x3e,0x01,0xf0,0x3f,0x03,0xe0,0x3f,0xff,0xc0,0x39,0xff,0x80,0x00,
  0x00,0x00,0x7f,0xff,0xff,0x00,0x7f,0xff,0xff,0x00,0x7c,0x3e,0x1f,0x00,0x78,0x3e,0x0f,0x00,0x70,0x3e,0x07,0x00,0x60,0x3e,
  0x03,0x00,0x60,0x3e,0x03,0x00,0x60,0x3e,0x03,0x00,0x60,0x3e,0x03,0x00,0x00,0x3e,0x00,0x00,0x00,0x3e,0x00,0x00,0x00,0x3e,
  0x00,0x00,0x00,0x3e,0x00,0x00,0x00,0x3e,0x00,0x00,0x00,0x3e,0x00,0x00,0x00,0x3e,0x00,0x00,0x00,0x3e,0x00,0x00,0x00,0x3e,
  0x00,0x00,0x00,0x3e,0x00,0x00,0x00,0x3e,0x00,0x00,0x00,0x3e,0x00,0x00,0x00,0x3e,0x00,0x00,0x00,0x3e,0x00,0x00,0x00,0x3e,
  0x00,0x00,0x00,0x7e,0x00,0x00,0x00,0xff,0xc0,0x00,0x00,0xff,0xc0,0x00,0x7f,0xe0,0x0f,0xf0,0x7f,0xe0,0x0f,0xf0,0x4f,0xc0,
  0x03,0xc0,0x0f,0x80,0x03,0x80,0x0f,0x80,0x03,0x80,0x0f,0x80,0x03,0x80,0x0f,0x80,0x03,0x80,0x0f,0x80,0x03,0x80,0x0f,0x80,
  0x03,0x80,0x0f,0x80,0x03,0x80,0x0f,0x80,0x03,0x80,0x0f,0x80,0x03,0x80,0x0f,0x80,0x03,0x80,0x0f,0x80,0x03,0x80,0x0f,0x80,
  0x03,0x80,0x0f,0x80,0x03,0x80,0x0f,0x80,0x03,0x80,0x0f,0x80,0x03,0x80,0x0f,0x80,0x03,0x80,0x0f,0x80,0x03,0x80,0x07,0xc0,
  0x03,0x00,0x07,0xc0,0x07,0x00,0x07,0xc0,0x07,0x00,0x03,0xe0,0x0e,0x00,0x01,0xf8,0x3c,0x00,0x00,0xff,0xf8,0x00,0x00,0x7f,
  0xe0,0x00,0x00,0x00,0x00,0x00,0x7f,0xe0,0x1f,0xe0,0x7f,0xe0,0x1f,0xe0,0x5f,0xc0,0x17,0xc0,0x1f,0x80,0x07,0x00,0x1f,0x80,
  0x07,0x00,0x0f,0x80,0x0e,0x00,0x0f,0x80,0x0e,0x00,0x07,0xc0,0x0c,0x00,0x07,0xc0,0x1c,0x00,0x07,0xe0,0x1c,0x00,0x03,0xe0,
  0x18,0x00,0x03,0xe0,0x38,0x00,0x01,0xf0,0x38,0x00,0x01,0xf0,0x30,0x00,0x01,0xf8,0x70,0x00,0x00,0xf8,0x60,0x00,0x00,0xf8,
  0xe0,0x00,0x00,0x7c,0xe0,0x00,0x00,0x7c,0xc0,0x00,0x00,0x3f,0xc0,0x00,0x00,0x3f,0xc0,0x00,0x00,0x3f,0x80,0x00,0x00,0x1f,
  0x80,0x00,0x00,0x1f,0x80,0x00,0x00,0x0f,0x00,0x00,0x00,0x0f,0x00,0x00,0x00,0x06,0x00,0x00,0x7f,0xf0,0x0c,0x01,0xfe,0x7f,
  0xf0,0x1e,0x01,0xfe,0x5f,0xc0,0x1e,0x01,0x7c,0x0f,0x80,0x1e,0x00,0x70,0x0f,0x80,0x3f,0x00,0x70,0x0f,0xc0,0x3f,0x00,0x60,
  0x0f,0xc0,0x3f,0x00,0xe0,0x07,0xc0,0x7f,0x80,0xe0,0x07,0xe0,0x7f,0x80,0xc0,0x07,0xe0,0x6f,0x81,0xc0,0x03,0xe0,0xe7,0xc1,
  0xc0,0x03,0xe0,0xe7,0xc1,0x80,0x03,0xf0,0xe7,0xc1,0x80,0x01,0xf0,0xc3,0xc3,0x80,0x01,0xf1,0xc3,0xe3,0x80,0x00,0xf9,0xc3,
  0xe3,0x00,0x00,0xf9,0x81,0xe7,0x00,0x00,0xfb,0x81,0xf7,0x00,0x00,0x7b,0x81,0xf6,0x00,0x00,0x7f,0x00,0xfe,0x00,0x00,0x7f,
  0x00,0xfe,0x00,0x00,0x3f,0x00,0xfc,0x00,0x00,0x3e,0x00,0x7c,0x00,0x00,0x3e,0x00,0x7c,0x00,0x00,0x1e,0x00,0x78,0x00,0x00,
  0x1e,0x00,0x38,0x00,0x00,0x1c,0x00,0x38,0x00,0x7f,0xf0,0x7f,0x80,0x7f,0xf0,0x7f,0x80,0x1f,0xc0,0x1f,0x00,0x0f,0x80,0x1c,
  0x00,0x0f,0xc0,0x38,0x00,0x07,0xc0,0x78,0x00,0x03,0xe0,0x70,0x00,0x03,0xf0,0xe0,0x00,0x01,0xf9,0xc0,0x00,0x00,0xff,0xc0,
  0x00,0x00,0x7f,0x80,0x00,0x00,0x7f,0x00,0x00,0x00,0x3f,0x00,0x00,0x00,0x1f,0x80,0x00,0x00,0x1f,0x80,0x00,0x00,0x3f,0xc0,
  0x00,0x00,0x3f,0xe0,0x00,0x00,0x73,0xf0,0x00,0x00,0xe3,0xf8,0x00,0x00,0xe1,0xf8,0x00,0x01,0xc0,0xfc,0x00,0x03,0x80,0x7e,
  0x00,0x07,0x80,0x3f,0x00,0x0f,0x00,0x3f,0x00,0x1f,0x00,0x3f,0x80,0x3f,0xc0,0xff,0xe0,0x3f,0xc0,0xff,0xe0,0xff,0xe0,0x7f,
  0x80,0xff,0xe0,0x7f,0x80,0xbf,0x80,0x5f,0x00,0x3f,0x00,0x1c,0x00,0x1f,0x00,0x38,0x00,0x1f,0x80,0x38,0x00,0x0f,0x80,0x70,
  0x00,0x0f,0xc0,0x70,0x00,0x07,0xe0,0xe0,0x00,0x07,0xe0,0xc0,0x00,0x03,0xf1,0xc0,0x00,0x01,0xf1,0x80,0x00,0x01,0xfb,0x80,
  0x00,0x00,0xfb,0x00,0x00,0x00,0xff,0x00,0x00,0x00,0x7e,0x00,0x00,0x00,0x7e,0x00,0x00,0x00,0x3e,0x00,0x00,0x00,0x3e,0x00,
  0x00,0x00,0x3e,0x00,0x00,0x00,0x3e,0x00,0x00,0x00,0x3e,0x00,0x00,0x00,0x3e,0x00,0x00,0x00,0x3e,0x00,0x00,0x00,0x7e,0x00,
  0x00,0x00,0xff,0xc0,0x00,0x00,0xff,0xc0,0x00,0x3f,0xff,0xf8,0x3f,0xff,0xf8,0x3e,0x00,0xf8,0x3c,0x01,0xf0,0x38,0x03,0xf0,
  0x30,0x03,0xe0,0x30,0x07,0xc0,0x30,0x07,0xc0,0x00,0x0f,0x80,0x00,0x1f,0x00,0x00,0x1f,0x00,0x00,0x3e,0x00,0x00,0x7e,0x00,
  0x00,0x7c,0x00,0x00,0xf8,0x00,0x01,0xf8,0x00,0x01,0xf0,0x00,0x03,0xe0,0x00,0x07,0xe0,0x00,0x07,0xc0,0x18,0x0f,0x80,0x18,
  0x1f,0x80,0x18,0x1f,0x00,0x38,0x3e,0x00,0x78,0x3e,0x00,0xf8,0x7f,0xff,0xf8,0x7f,0xff,0xf8,0x1f,0xfe,0x1f,0xfe,0x1e,0x00,
  0x1e,0x00,0x1e,0x00,0x1e,0x00,0x1e,0x00,0x1e,0x00,0x1e,0x00,0x1e,0x00,0x1e,0x00,0x1e,0x00,0x1e,0x00,0x1e,0x00,0x1e,0x00,
  0x1e,0x00,0x1e,0x00,0x1e,0x00,0x1e,0x00,0x1e,0x00,0x1e,0x00,0x1e,0x00,0x1e,0x00,0x1e,0x00,0x1e,0x00,0x1e,0x00,0x1e,0x00,
  0x1e,0x00,0x1e,0x00,0x1e,0x00,0x1e,0x00,0x1e,0x00,0x1e,0x00,0x1e,0x00,0x1e,0x00,0x1e,0x00,0x1e,0x00,0x1f,0xfe,0x1f,0xfe,
  0x00,0x00,0x00,0x00,0x18,0x00,0x00,0x00,0x78,0x00,0x00,0x00,0x7c,0x00,0x00,0x00,0x3c,0x00,0x00,0x00,0x1e,0x00,0x00,0x00,
  0x1e,0x00,0x00,0x00,0x0f,0x00,0x00,0x00,0x0f,0x00,0x00,0x00,0x07,0x80,0x00,0x00,0x07,0xc0,0x00,0x00,0x03,0xc0,0x00,0x00,
  0x01,0xe0,0x00,0x00,0x01,0xe0,0x00,0x00,0x00,0xf0,0x00,0x00,0x00,0xf0,0x00,0x00,0x00,0x78,0x00,0x00,0x00,0x7c,0x00,0x00,
  0x00,0x3c,0x00,0x00,0x00,0x1e,0x00,0x00,0x00,0x1e,0x00,0x00,0x00,0x0f,0x00,0x00,0x00,0x0f,0x00,0x00,0x00,0x07,0x80,0x00,
  0x00,0x03,0xc0,0x00,0x00,0x03,0xc0,0x00,0x00,0x01,0xe0,0x00,0x00,0x01,0xe0,0x00,0x00,0x00,0xf0,0x00,0x00,0x00,0xf0,0x00,
  0x00,0x00,0x78,0x00,0x00,0x00,0x38,0x00,0x00,0x00,0x3c,0x00,0x00,0x00,0x1e,0x00,0x00,0x00,0x1e,0x00,0x00,0x00,0x0f,0x00,
  0x00,0x00,0x07,0x00,0x00,0x00,0x07,0x80,0x00,0x00,0x03,0x80,0x00,0x00,0x03,0x00,0x00,0x00,0x00,0x00,0xff,0xf0,0xff,0xf0,
  0x00,0xf0,0x00,0xf0,0x00,0xf0,0x00,0xf0,0x00,0xf0,0x00,0xf0,0x00,0xf0,0x00,0xf0,0x00,0xf0,0x00,0xf0,0x00,0xf0,0x00,0xf0,
  0x00,0xf0,0x00,0xf0,0x00,0xf0,0x00,0xf0,0x00,0xf0,0x00,0xf0,0x00,0xf0,0x00,0xf0,0x00,0xf0,0x00,0xf0,0x00,0xf0,0x00,0xf0,
  0x00,0xf0,0x00,0xf0,0x00,0xf0,0x00,0xf0,0x00,0xf0,0x00,0xf0,0x00,0xf0,0x00,0xf0,0x00,0xf0,0x00,0xf0,0x00,0xf0,0xff,0xf0,
  0xff,0xf0,0x00,0x03,0x80,0x00,0x00,0x07,0xc0,0x00,0x00,0x0f,0xf0,0x00,0x00,0x1e,0xf8,0x00,0x00,0x3c,0x7c,0x00,0x00,0xf8,
  0x3e,0x00,0x01,0xf0,0x0f,0x00,0x03,0xc0,0x07,0x80,0x07,0x80,0x03,0xc0,0x0f,0x00,0x01,0xe0,0x1e,0x00,0x00,0xf0,0x00,0x00,
  0x00,0x00,0x00,0x00,0x00,0x00,0x00,0x00,0x00,0x00,0x00,0x00,0x00,0x00,0x00,0x00,0x00,0x00,0x00,0x00,0x00,0x00,0x00,0x00,
  0x00,0x00,0x00,0x00,0x00,0x00,0x00,0x00,0x00,0x00,0x00,0x00,0x00,0x00,0x00,0x00,0x00,0x00,0x00,0x00,0x00,0x00,0x00,0x00,
  0x00,0x00,0x00,0x00,0x00,0x00,0x00,0x00,0x00,0x00,0x00,0x00,0x00,0x00,0x00,0x00,0x00,0x00,0x00,0x00,0x00,0x00,0x00,0x00,
  0x00,0x00,0x1f,0xff,0xff,0xc0,0x1f,0xff,0xff,0xc0,0x1f,0xff,0xff,0xc0,0x07,0x00,0x07,0x00,0x07,0x80,0x07,0xc0,0x03,0xc0,
  0x01,0xe0,0x00,0xe0,0x00,0x40,0x00,0x00,0x00,0x00,0x00,0x00,0x00,0x00,0x00,0x00,0x00,0x00,0x00,0x00,0x00,0x00,0x00,0x00,
  0x00,0x00,0x00,0x00,0x00,0x00,0x00,0x00,0x00,0x00,0x00,0x00,0x00,0x00,0x00,0x00,0x00,0x00,0x00,0x00,0x00,0x00,0x00,0x00,
  0x00,0x00,0x00,0x00,0x00,0x07,0xfc,0x00,0x1f,0xfe,0x00,0x1e,0x1f,0x00,0x3c,0x0f,0x80,0x3c,0x0f,0x80,0x3c,0x0f,0x80,0x00,
  0x0f,0x80,0x00,0x0f,0x80,0x01,0xff,0x80,0x0f,0xff,0x80,0x1f,0x8f,0x80,0x3e,0x0f,0x80,0x7e,0x0f,0x80,0x7c,0x0f,0x80,0x7c,
  0x0f,0x80,0x7c,0x1f,0x80,0x7f,0x7f,0x80,0x3f,0xff,0xe0,0x1f,0xcf,0xe0,0x00,0x00,0x00,0x07,0x00,0x00,0x7f,0x00,0x00,0xff,
  0x00,0x00,0x7f,0x00,0x00,0x1f,0x00,0x00,0x1f,0x00,0x00,0x1f,0x00,0x00,0x1f,0x00,0x00,0x1f,0x00,0x00,0x1f,0x00,0x00,0x1f,
  0x3f,0x80,0x1f,0xff,0xc0,0x1f,0xff,0xe0,0x1f,0x83,0xf0,0x1f,0x01,0xf0,0x1f,0x01,0xf0,0x1f,0x00,0xf8,0x1f,0x00,0xf8,0x1f,
  0x00,0xf8,0x1f,0x00,0xf8,0x1f,0x00,0xf8,0x1f,0x00,0xf8,0x1f,0x00,0xf8,0x1f,0x01,0xf0,0x1f,0x01,0xf0,0x1f,0x03,0xe0,0x1f,
  0x87,0xc0,0x1f,0xff,0x80,0x18,0xff,0x00,0x00,0x00,0x00,0x00,0x00,0x00,0x01,0xfe,0x00,0x07,0xff,0x80,0x0f,0x07,0x80,0x1e,
  0x07,0xc0,0x3e,0x07,0xc0,0x3c,0x07,0xc0,0x3c,0x03,0x80,0x7c,0x00,0x00,0x7c,0x00,0x00,0x7c,0x00,0x00,0x7c,0x00,0x00,0x7c,
  0x00,0x00,0x7e,0x00,0x00,0x3e,0x00,0x00,0x3f,0x00,0xc0,0x1f,0x01,0xc0,0x1f,0xff,0x80,0x0f,0xff,0x00,0x03,0xfe,0x00,0x00,
  0x00,0x00,0x00,0x00,0x60,0x00,0x0f,0xe0,0x00,0x0f,0xe0,0x00,0x0f,0xe0,0x00,0x03,0xe0,0x00,0x03,0xe0,0x00,0x03,0xe0,0x00,
  0x03,0xe0,0x00,0x03,0xe0,0x00,0x03,0xe0,0x03,0xff,0xe0,0x07,0xff,0xe0,0x0f,0x83,0xe0,0x1f,0x03,0xe0,0x3e,0x03,0xe0,0x3e,
  0x03,0xe0,0x7c,0x03,0xe0,0x7c,0x03,0xe0,0x7c,0x03,0xe0,0x7c,0x03,0xe0,0x7c,0x03,0xe0,0x7c,0x03,0xe0,0x7c,0x03,0xe0,0x7e,
  0x03,0xe0,0x3e,0x03,0xe0,0x3f,0x07,0xe0,0x1f,0x9f,0xe0,0x0f,0xff,0xfc,0x07,0xf3,0xfc,0x00,0x00,0x00,0x00,0x00,0x00,0x03,
  0xfe,0x00,0x07,0xff,0x00,0x0f,0x07,0x80,0x1e,0x07,0xc0,0x3e,0x03,0xc0,0x3c,0x03,0xe0,0x7f,0xff,0xe0,0x7f,0xff,0xe0,0x7c,
  0x00,0x00,0x7c,0x00,0x00,0x7c,0x00,0x00,0x7c,0x00,0x00,0x7e,0x00,0x00,0x3e,0x00,0x00,0x3f,0x00,0x60,0x1f,0x01,0xe0,0x1f,
  0xef,0xc0,0x07,0xff,0x80,0x03,0xfe,0x00,0x00,0x00,0x00,0x00,0xfc,0x01,0xfe,0x03,0xcf,0x07,0x8f,0x07,0x8f,0x0f,0x86,0x0f,
  0x80,0x0f,0x80,0x0f,0x80,0x0f,0x80,0x7f,0xf8,0x7f,0xf8,0x0f,0x80,0x0f,0x80,0x0f,0x80,0x0f,0x80,0x0f,0x80,0x0f,0x80,0x0f,
  0x80,0x0f,0x80,0x0f,0x80,0x0f,0x80,0x0f,0x80,0x0f,0x80,0x0f,0x80,0x0f,0x80,0x1f,0x80,0x3f,0xe0,0x3f,0xe0,0x00,0x00,0x38,
  0x00,0x00,0xfc,0x00,0x00,0xfc,0x00,0x01,0xf8,0x03,0xff,0x80,0x07,0xff,0x00,0x0f,0x8f,0x00,0x1f,0x07,0xc0,0x3e,0x03,0xc0,
  0x3e,0x03,0xe0,0x3e,0x03,0xe0,0x3e,0x03,0xe0,0x3e,0x03,0xe0,0x1f,0x03,0xc0,0x1f,0x07,0xc0,0x0f,0xdf,0x80,0x07,0xff,0x00,
  0x0f,0xf8,0x00,0x1e,0x00,0x00,0x3c,0x00,0x00,0x3e,0x00,0x00,0x3f,0xff,0x00,0x3f,0xff,0xc0,0x1f,0xff,0xe0,0x0f,0xff,0xf0,
  0x3c,0x03,0xf0,0x38,0x00,0xf0,0x78,0x00,0xf0,0x78,0x00,0xf0,0x7c,0x01,0xe0,0x3e,0x03,0xc0,0x3f,0xff,0x80,0x0f,0xfe,0x00,
  0x00,0x00,0x00,0x03,0x00,0x00,0x7f,0x00,0x00,0xff,0x00,0x00,0x7f,0x00,0x00,0x1f,0x00,0x00,0x1f,0x00,0x00,0x1f,0x00,0x00,
  0x1f,0x00,0x00,0x1f,0x00,0x00,0x1f,0x00,0x00,0x1f,0x3f,0x80,0x1f,0xff,0xc0,0x1f,0xff,0xe0,0x1f,0x83,0xe0,0x1f,0x03,0xf0,
  0x1f,0x01,0xf0,0x1f,0x01,0xf0,0x1f,0x01,0xf0,0x1f,0x01,0xf0,0x1f,0x01,0xf0,0x1f,0x01,0xf0,0x1f,0x01,0xf0,0x1f,0x01,0xf0,
  0x1f,0x01,0xf0,0x1f,0x01,0xf0,0x1f,0x01,0xf0,0x3f,0x03,0xf0,0x7f,0xc7,0xfc,0x7f,0xc7,0xfc,0x07,0x00,0x0f,0x80,0x0f,0x80,
  0x0f,0x80,0x0f,0x80,0x07,0x00,0x00,0x00,0x00,0x00,0x00,0x00,0x00,0x00,0x07,0x80,0x7f,0x80,0x7f,0x80,0x0f,0x80,0x0f,0x80,
  0x0f,0x80,0x0f,0x80,0x0f,0x80,0x0f,0x80,0x0f,0x80,0x0f,0x80,0x0f,0x80,0x0f,0x80,0x0f,0x80,0x0f,0x80,0x0f,0x80,0x1f,0x80,
  0x3f,0xe0,0x3f,0xe0,0x01,0xc0,0x03,0xe0,0x03,0xe0,0x03,0xe0,0x03,0xe0,0x01,0xc0,0x00,0x00,0x00,0x00,0x00,0x00,0x00,0x00,
  0x01,0xe0,0x0f,0xe0,0x0f,0xe0,0x03,0xe0,0x03,0xe0,0x03,0xe0,0x03,0xe0,0x03,0xe0,0x03,0xe0,0x03,0xe0,0x03,0xe0,0x03,0xe0,
  0x03,0xe0,0x03,0xe0,0x03,0xe0,0x03,0xe0,0x03,0xe0,0x03,0xe0,0x03,0xe0,0x03,0xe0,0x03,0xe0,0x03,0xe0,0x03,0xe0,0x03,0xe0,
  0x63,0xc0,0xf3,0xc0,0xf7,0x80,0xff,0x00,0x7e,0x00,0x00,0x00,0x07,0x00,0x00,0x7f,0x00,0x00,0xff,0x00,0x00,0x7f,0x00,0x00,
  0x1f,0x00,0x00,0x1f,0x00,0x00,0x1f,0x00,0x00,0x1f,0x00,0x00,0x1f,0x00,0x00,0x1f,0x00,0x00,0x1f,0x07,0xf8,0x1f,0x07,0xf8,
  0x1f,0x01,0xe0,0x1f,0x03,0x80,0x1f,0x07,0x00,0x1f,0x0e,0x00,0x1f,0x1c,0x00,0x1f,0x38,0x00,0x1f,0xf8,0x00,0x1f,0xfe,0x00,
  0x1f,0x7e,0x00,0x1f,0x3f,0x00,0x1f,0x1f,0x80,0x1f,0x0f,0xc0,0x1f,0x0f,0xc0,0x1f,0x07,0xe0,0x3f,0x03,0xf8,0x7f,0xc1,0xfc,
  0x7f,0xc0,0xfc,0x03,0x00,0x7f,0x00,0xff,0x00,0x7f,0x00,0x1f,0x00,0x1f,0x00,0x1f,0x00,0x1f,0x00,0x1f,0x00,0x1f,0x00,0x1f,
  0x00,0x1f,0x00,0x1f,0x00,0x1f,0x00,0x1f,0x00,0x1f,0x00,0x1f,0x00,0x1f,0x00,0x1f,0x00,0x1f,0x00,0x1f,0x00,0x1f,0x00,0x1f,
  0x00,0x1f,0x00,0x1f,0x00,0x1f,0x00,0x3f,0x00,0x7f,0xc0,0x7f,0xc0,0x00,0x00,0x00,0x00,0x00,0x0f,0x3f,0xc7,0xf8,0x00,0x7f,
  0xff,0xef,0xfc,0x00,0x7f,0xff,0xff,0xfc,0x00,0x1f,0x83,0xf0,0x7e,0x00,0x1f,0x01,0xf0,0x3e,0x00,0x1f,0x01,0xf0,0x3e,0x00,
  0x1f,0x01,0xf0,0x3e,0x00,0x1f,0x01,0xf0,0x3e,0x00,0x1f,0x01,0xf0,0x3e,0x00,0x1f,0x01,0xf0,0x3e,0x00,0x1f,0x01,0xf0,0x3e,
  0x00,0x1f,0x01,0xf0,0x3e,0x00,0x1f,0x01,0xf0,0x3e,0x00,0x1f,0x01,0xf0,0x3e,0x00,0x1f,0x01,0xf0,0x3e,0x00,0x1f,0x01,0xf0,
  0x3e,0x00,0x3f,0x03,0xf0,0x7e,0x00,0x7f,0xc7,0xfc,0xff,0x80,0x7f,0xc7,0xfc,0xff,0x80,0x00,0x00,0x00,0x07,0x9f,0xc0,0x7f,
  0xff,0xe0,0x7f,0xff,0xf0,0x0f,0xc1,0xf0,0x0f,0x80,0xf8,0x0f,0x80,0xf8,0x0f,0x80,0xf8,0x0f,0x80,0xf8,0x0f,0x80,0xf8,0x0f,
  0x80,0xf8,0x0f,0x80,0xf8,0x0f,0x80,0xf8,0x0f,0x80,0xf8,0x0f,0x80,0xf8,0x0f,0x80,0xf8,0x0f,0x80,0xf8,0x1f,0x81,0xf8,0x3f,
  0xe3,0xfe,0x3f,0xe3,0xfe,0x00,0x00,0x00,0x03,0xfe,0x00,0x07,0xff,0x00,0x0f,0x0f,0xc0,0x1e,0x07,0xc0,0x3e,0x03,0xe0,0x3c,
  0x03,0xe0,0x7c,0x01,0xf0,0x7c,0x01,0xf0,0x7c,0x01,0xf0,0x7c,0x01,0xf0,0x7c,0x01,0xf0,0x7c,0x01,0xf0,0x7c,0x01,0xf0,0x3e,
  0x01,0xe0,0x3e,0x03,0xe0,0x1f,0x03,0xc0,0x1f,0x87,0x80,0x07,0xff,0x00,0x03,0xfe,0x00,0x00,0x00,0x00,0x00,0x00,0x00,0x0f,
  0x3f,0x80,0x7f,0xff,0xc0,0x7f,0xff,0xe0,0x1f,0x83,0xf0,0x1f,0x01,0xf0,0x1f,0x01,0xf8,0x1f,0x00,0xf8,0x1f,0x00,0xf8,0x1f,
  0x00,0xf8,0x1f,0x00,0xf8,0x1f,0x00,0xf8,0x1f,0x00,0xf8,0x1f,0x00,0xf8,0x1f,0x01,0xf0,0x1f,0x01,0xf0,0x1f,0x03,0xe0,0x1f,
  0x83,0xc0,0x1f,0xff,0x80,0x1f,0xff,0x00,0x1f,0x00,0x00,0x1f,0x00,0x00,0x1f,0x00,0x00,0x1f,0x00,0x00,0x1f,0x00,0x00,0x1f,
  0x00,0x00,0x1f,0x00,0x00,0x3f,0x00,0x00,0x7f,0xc0,0x00,0x7f,0xc0,0x00,0x00,0x00,0x00,0x03,0xff,0xe0,0x07,0xff,0xe0,0x0f,
  0x87,0xe0,0x1f,0x03,0xe0,0x3e,0x03,0xe0,0x3e,0x03,0xe0,0x7c,0x03,0xe0,0x7c,0x03,0xe0,0x7c,0x03,0xe0,0x7c,0x03,0xe0,0x7c,
  0x03,0xe0,0x7c,0x03,0xe0,0x7c,0x03,0xe0,0x3e,0x03,0xe0,0x3e,0x03,0xe0,0x3f,0x07,0xe0,0x1f,0xdf,0xe0,0x0f,0xff,0xe0,0x07,
  0xf3,0xe0,0x00,0x03,0xe0,0x00,0x03,0xe0,0x00,0x03,0xe0,0x00,0x03,0xe0,0x00,0x03,0xe0,0x00,0x03,0xe0,0x00,0x03,0xe0,0x00,
  0x07,0xe0,0x00,0x0f,0xf8,0x00,0x0f,0xf8,0x00,0x00,0x00,0x0f,0x1f,0x00,0x7f,0x7f,0x80,0x7f,0xff,0x80,0x1f,0xcf,0x80,0x1f,
  0x80,0x00,0x1f,0x00,0x00,0x1f,0x00,0x00,0x1f,0x00,0x00,0x1f,0x00,0x00,0x1f,0x00,0x00,0x1f,0x00,0x00,0x1f,0x00,0x00,0x1f,
  0x00,0x00,0x1f,0x00,0x00,0x1f,0x00,0x00,0x1f,0x00,0x00,0x3f,0x00,0x00,0x7f,0xc0,0x00,0x7f,0xc0,0x00,0x00,0x03,0x00,0x07,
  0xfb,0x00,0x0f,0xff,0x00,0x1e,0x0f,0x00,0x3c,0x07,0x00,0x3c,0x03,0x00,0x3e,0x03,0x00,0x3f,0x01,0x00,0x3f,0xe0,0x00,0x1f,
  0xf8,0x00,0x0f,0xfe,0x00,0x03,0xff,0x00,0x00,0xff,0x00,0x30,0x1f,0x80,0x30,0x0f,0x80,0x38,0x07,0x80,0x3c,0x07,0x80,0x3e,
  0x0f,0x00,0x3f,0xff,0x00,0x3b,0xfc,0x00,0x00,0x00,0x00,0x03,0x80,0x00,0x03,0x80,0x00,0x03,0x80,0x00,0x07,0x80,0x00,0x0f,
  0x80,0x00,0x1f,0x80,0x00,0x7f,0xfc,0x00,0x7f,0xfc,0x00,0x0f,0x80,0x00,0x0f,0x80,0x00,0x0f,0x80,0x00,0x0f,0x80,0x00,0x0f,
  0x80,0x00,0x0f,0x80,0x00,0x0f,0x80,0x00,0x0f,0x80,0x00,0x0f,0x80,0x00,0x0f,0x80,0x00,0x0f,0x80,0x00,0x0f,0x80,0x00,0x0f,
  0x82,0x00,0x0f,0xc7,0x00,0x07,0xfe,0x00,0x07,0xfc,0x00,0x03,0xf8,0x00,0x00,0x00,0x00,0xff,0x07,0xf0,0xff,0x07,0xf0,0x1f,
  0x01,0xf0,0x1f,0x01,0xf0,0x1f,0x01,0xf0,0x1f,0x01,0xf0,0x1f,0x01,0xf0,0x1f,0x01,0xf0,0x1f,0x01,0xf0,0x1f,0x01,0xf0,0x1f,
  0x01,0xf0,0x1f,0x01,0xf0,0x1f,0x01,0xf0,0x1f,0x01,0xf0,0x1f,0x01,0xf0,0x0f,0x83,0xf0,0x0f,0xcf,0xf0,0x0f,0xfd,0xfc,0x03,
  0xf9,0xfc,0x00,0x00,0x00,0x7f,0x83,0xf8,0x7f,0x83,0xf8,0x3f,0x00,0xf0,0x1f,0x00,0xe0,0x1f,0x01,0xc0,0x1f,0x01,0xc0,0x0f,
  0x81,0x80,0x0f,0x83,0x80,0x07,0x83,0x80,0x07,0xc7,0x00,0x07,0xc7,0x00,0x03,0xe6,0x00,0x03,0xee,0x00,0x01,0xfc,0x00,0x01,
  0xfc,0x00,0x00,0xfc,0x00,0x00,0xf8,0x00,0x00,0x78,0x00,0x00,0x70,0x00,0x7f,0xc1,0xc0,0xfe,0x7f,0xc1,0xe0,0xfe,0x3f,0x83,
  0xe0,0x3c,0x1f,0x03,0xe0,0x38,0x1f,0x83,0xf0,0x70,0x0f,0x87,0xf0,0x70,0x0f,0x87,0xf0,0x60,0x0f,0x86,0xf0,0xe0,0x07,0xce,
  0xf8,0xe0,0x07,0xce,0x78,0xc0,0x07,0xcc,0x79,0xc0,0x03,0xcc,0x7d,0x80,0x03,0xfc,0x3d,0x80,0x01,0xf8,0x3f,0x80,0x01,0xf8,
  0x3f,0x00,0x01,0xf8,0x1f,0x00,0x00,0xf0,0x1f,0x00,0x00,0xf0,0x1e,0x00,0x00,0xf0,0x0e,0x00,0x7f,0x8f,0xe0,0x7f,0x8f,0xe0,
  0x3f,0x03,0xc0,0x1f,0x07,0x80,0x0f,0x87,0x00,0x07,0xce,0x00,0x07,0xfc,0x00,0x03,0xf8,0x00,0x01,0xf0,0x00,0x00,0xf8,0x00,
  0x00,0xfc,0x00,0x01,0xfc,0x00,0x03,0xbe,0x00,0x03,0x1f,0x00,0x07,0x0f,0x80,0x0e,0x07,0xc0,0x1e,0x07,0xe0,0x3f,0x0f,0xf0,
  0x3f,0x0f,0xf0,0x7f,0xc1,0xfc,0x7f,0xc1,0xfc,0x1f,0x80,0x78,0x1f,0x00,0x70,0x0f,0x00,0xe0,0x0f,0x80,0xe0,0x0f,0x80,0xe0,
  0x07,0xc1,0xc0,0x07,0xc1,0xc0,0x03,0xe1,0x80,0x03,0xe3,0x80,0x01,0xf3,0x80,0x01,0xf3,0x00,0x00,0xf7,0x00,0x00,0xff,0x00,
  0x00,0x7e,0x00,0x00,0x7e,0x00,0x00,0x7e,0x00,0x00,0x3c,0x00,0x00,0x3c,0x00,0x00,0x18,0x00,0x00,0x38,0x00,0x00,0x38,0x00,
  0x00,0x30,0x00,0x00,0x70,0x00,0x1e,0x60,0x00,0x1e,0xe0,0x00,0x1f,0xc0,0x00,0x0f,0x80,0x00,0x00,0x00,0x00,0x3f,0xff,0xc0,
  0x3f,0xff,0xc0,0x3c,0x0f,0xc0,0x38,0x0f,0x80,0x30,0x1f,0x00,0x30,0x3e,0x00,0x30,0x3e,0x00,0x00,0x7c,0x00,0x00,0xf8,0x00,
  0x01,0xf0,0x00,0x03,0xf0,0x00,0x03,0xe0,0x00,0x07,0xc0,0xc0,0x0f,0x80,0xc0,0x1f,0x00,0xc0,0x3f,0x01,0xc0,0x3e,0x03,0xc0,
  0x7f,0xff,0xc0,0x7f,0xff,0xc0,0x00,0x78,0x03,0xf8,0x07,0xe0,0x07,0xc0,0x0f,0x80,0x0f,0x80,0x0f,0x80,0x0f,0x80,0x0f,0x80,
  0x0f,0x80,0x0f,0x00,0x1f,0x00,0x1f,0x00,0x1f,0x00,0x1f,0x00,0x1e,0x00,0x1e,0x00,0x3c,0x00,0xf0,0x00,0xf8,0x00,0x3c,0x00,
  0x1e,0x00,0x1e,0x00,0x1f,0x00,0x1f,0x00,0x1f,0x00,0x1f,0x00,0x0f,0x00,0x0f,0x80,0x0f,0x80,0x0f,0x80,0x0f,0x80,0x0f,0x80,
  0x0f,0x80,0x0f,0x80,0x07,0xc0,0x07,0xc0,0x03,0xf8,0x01,0xf8,0x00,0x08,0x1e,0x00,0x1e,0x00,0x1e,0x00,0x1e,0x00,0x1e,0x00,
  0x1e,0x00,0x1e,0x00,0x1e,0x00,0x1e,0x00,0x1e,0x00,0x1e,0x00,0x1e,0x00,0x1e,0x00,0x1e,0x00,0x1e,0x00,0x1e,0x00,0x1e,0x00,
  0x1e,0x00,0x1e,0x00,0x1e,0x00,0x1e,0x00,0x1e,0x00,0x1e,0x00,0x1e,0x00,0x1e,0x00,0x1e,0x00,0x1e,0x00,0x1e,0x00,0x1e,0x00,
  0x1e,0x00,0x1e,0x00,0x1e,0x00,0x1e,0x00,0x1e,0x00,0x1e,0x00,0x1e,0x00,0x1e,0x00,0x1e,0x00,0x1e,0x00,0x1e,0x00,0x7c,0x00,
  0x7f,0x00,0x1f,0x80,0x07,0x80,0x03,0xc0,0x03,0xc0,0x03,0xc0,0x03,0xc0,0x03,0xc0,0x03,0xc0,0x07,0xc0,0x07,0xc0,0x07,0xc0,
  0x07,0xc0,0x07,0xc0,0x03,0xc0,0x03,0xc0,0x01,0xf0,0x00,0x7c,0x00,0x7c,0x01,0xe0,0x03,0xc0,0x03,0xc0,0x07,0xc0,0x07,0xc0,
  0x07,0xc0,0x07,0xc0,0x07,0xc0,0x07,0xc0,0x03,0xc0,0x03,0xc0,0x03,0xc0,0x03,0xc0,0x03,0xc0,0x03,0xc0,0x07,0x80,0x0f,0x80,
  0x7f,0x00,0x7e,0x00,0x40,0x00,0x0f,0x80,0x00,0x1f,0xe0,0x20,0x3f,0xf8,0x60,0x3f,0xff,0xe0,0x30,0x7f,0xe0,0x20,0x3f,0xc0,
  0x00,0x0f,0x80,0x00,0x00,0x00,0x00,0x00,0x00,0x00,0x00,0x00,0x00,0x00,0x00,0x00,0x00,0x00,0x00,0x00,0x00,0x00,0x00,0x00,
  0x00,0x00,0x00,0x00,0x00,0x0f,0xc0,0x1f,0xe0,0x3c,0x70,0x78,0x78,0x70,0x38,0x70,0x38,0x70,0x38,0x70,0x38,0x38,0x70,0x3c,
  0xf0,0x1f,0xe0,0x07,0x80,0x00,0x00,0x00,0x00,0x00,0x00,0x00,0x00,0x00,0x00,0x00,0x00,0x00,0x00,0x00,0x00,0x00,0x00,0x00,
  0x00,0x00,0x00,0x00,0x00,0x00,0x00,0x00,0x00,0x00,0x00,0x1c,0x00,0x3e,0x00,0x3e,0x00,0x3e,0x00,0x3e,0x00,0x1c,0x00,0x00,
  0x00,0x00,0x00,0x00,0x00,0x00,0x00,0x00,0x00,0x00,0x00,0x00,0x00,0x00,0x00,0x00,0x00,0x00,0x00,0x00,0x00,0x00,0x04,0x01,
  0x00,0x0e,0x03,0x80,0x0f,0x07,0x00,0x07,0x8e,0x00,0x03,0xdc,0x00,0x01,0xf8,0x00,0x00,0xf0,0x00,0x00,0xf0,0x00,0x01,0xf8,
  0x00,0x03,0x9c,0x00,0x07,0x8e,0x00,0x0f,0x07,0x00,0x1e,0x03,0x80,0x0c,0x01,0x00,0x00,0x00,0x00,0x00,0x00,0x00,0x00,0x00,
  0x00,0x00,0x00,0x00,0x00,0x00,0x00,0x00,0x00,0x00,0x00,0x00,0x00,0x00,0x18,0x00,0x00,0x3c,0x00,0x00,0x7c,0x00,0x00,0x78,
  0x00,0x00,0xf0,0x00,0x00,0xe0,0x00,0x01,0xc0,0x00,0x00,0x80,0x00,0x00,0x00,0x00,0x00,0x00,0x00,0x00,0x00,0x00,0x03,0xfe,
  0x00,0x07,0xff,0x00,0x0f,0x07,0x80,0x1e,0x07,0xc0,0x3e,0x03,0xc0,0x3c,0x03,0xe0,0x7f,0xff,0xe0,0x7f,0xff,0xe0,0x7c,0x00,
  0x00,0x7c,0x00,0x00,0x7c,0x00,0x00,0x7c,0x00,0x00,0x7e,0x00,0x00,0x3e,0x00,0x00,0x3f,0x00,0x60,0x1f,0x81,0xe0,0x1f,0xef,
  0xc0,0x07,0xff,0x80,0x03,0xfe,0x00,0x00,0x00,0x00,0x3f,0xff,0xe0,0x3f,0xff,0xe0,0x3f,0xff,0xe0,0x3f,0xff,0xe0,0x00,0x00,
  0x00,0x00,0x00,0x00,0x00,0x00,0x00,0x00,0x00,0x00,0x00,0x00,0x00,0x00,0x00,0x00,0x00,0x00,0x00,0x00,0x00,0x00,0x00,0x00,
  0x00,0x00,0x00,0x00,0x3f,0xff,0xff,0xfc,0x3f,0xff,0xff,0xfc,0x3f,0xff,0xff,0xfc,0x3f,0xff,0xff,0xfc,0x00,0x00,0x00,0x00,
  0x00,0x00,0x00,0x00,0x00,0x00,0x00,0x00,0x00,0x00,0x00,0x00,0x00,0x00,0x00,0x00,0x00,0x00,0x00,0x00,0x00,0x00,0x00,0x00,
  0x00,0x00,0x00,0x00,0x00,0x00,0x00,0x00,0x00,0x00,0x00,0x00,0x08,0x18,0x18,0x30,0x30,0x70,0x70,0x7c,0x7e,0x7e,0x3e,0x1c,
  0x00,0x00,0x00,0x00,0x00,0x00,0x00,0x00,0x00,0x00,0x00,0x00,0x00,0x00,0x00,0x00,0x00,0x38,0x7c,0x7e,0x7e,0x3e,0x0e,0x0e,
  0x0c,0x1c,0x18,0x18,0x10,0x00,0x00,0x00,0x00,0x00,0x00,0x00,0x00,0x00,0x00,0x00,0x00,0x00,0x00,0x00,0x00,0x00,0x08,0x10,
  0x18,0x30,0x18,0x30,0x30,0x60,0x30,0x60,0x70,0xe0,0x70,0xe0,0x7c,0xf8,0x7e,0xfc,0x7e,0xfc,0x3e,0x7c,0x1c,0x38,0x00,0x00,
  0x00,0x00,0x00,0x00,0x00,0x00,0x00,0x00,0x00,0x00,0x00,0x00,0x00,0x00,0x00,0x00,0x00,0x00,0x00,0x00,0x00,0x00,0x00,0x00,
  0x00,0x00,0x00,0x00,0x00,0x00,0x00,0x00,0x38,0x70,0x7c,0xf8,0x7e,0xfc,0x7e,0xfc,0x3e,0x7c,0x0e,0x1c,0x0e,0x1c,0x0c,0x18,
  0x1c,0x18,0x18,0x30,0x18,0x30,0x10,0x20,0x00,0x00,0x00,0x00,0x00,0x00,0x00,0x00,0x00,0x00,0x00,0x00,0x00,0x00,0x00,0x00,
  0x00,0x00,0x00,0x00,0x00,0x00,0x00,0x00,0x00,0x00,0x00,0x00,0x00,0x00,0x00,0x00,0x00,0x00,0x00,0x00,0x0f,0xc0,0x1f,0xe0,
  0x3f,0xf0,0x7f,0xf8,0x7f,0xf8,0x7f,0xf8,0x7f,0xf8,0x7f,0xf8,0x3f,0xf0,0x1f,0xe0,0x0f,0xc0,0x00,0x00,0x00,0x00,0x00,0x00,
  0x00,0x00,0x00,0x00,0x00,0x00,0x00,0x00,0x00,0x00,0x00,0x00,0x00,0x00,0x1c,0x07,0x01,0xc0,0x3e,0x0f,0x83,0xe0,0x3e,0x0f,
  0x83,0xe0,0x3e,0x0f,0x83,0xe0,0x1c,0x07,0x01,0xc0,0x00,0x00,0x00,0x00,0x3f,0xff,0xc0,0x3f,0xff,0xc0,0x3c,0x03,0xc0,0x3c,
  0x03,0xc0,0x3c,0x03,0xc0,0x3c,0x03,0xc0,0x3c,0x03,0xc0,0x3c,0x03,0xc0,0x3c,0x03,0xc0,0x3c,0x03,0xc0,0x3c,0x03,0xc0,0x3c,
  0x03,0xc0,0x3c,0x03,0xc0,0x3c,0x03,0xc0,0x3c,0x03,0xc0,0x3c,0x03,0xc0,0x3c,0x03,0xc0,0x3f,0xff,0xc0,0x3f,0xff,0xc0,0x3f,
  0xff,0xc0,0x3f,0xff,0xc0,0x3c,0x03,0xc0,0x3c,0x03,0xc0,0x3c,0x03,0xc0,0x3c,0x03,0xc0,0x3c,0x03,0xc0,0x3c,0x03,0xc0,0x3c,
  0x03,0xc0,0x3c,0x03,0xc0,0x3c,0x03,0xc0,0x3c,0x03,0xc0,0x3c,0x03,0xc0,0x3c,0x03,0xc0,0x3c,0x03,0xc0,0x3c,0x03,0xc0,0x3c,
  0x03,0xc0,0x3f,0xff,0xc0,0x3f,0xff,0xc0,0x00,0x00,0x00,0x3f,0xff,0xe0,0x3f,0xff,0xe0,0x00,0x00,0x00,0x00,0x00,0x00,0x00,
  0x00,0x00,0x00,0x00,0x00,0x00,0x00,0x00,0x00,0x00,0x00,0x00,0x00,0x00,0x00,0x00,0x00,0x00,0x00,0x00,0x00,0x00,0x00,0x00,
  0x00,0x00,0x00,0x00,0x00,0x00,0x00,0x00
};

static const Glyph F_TITLE_glyphs[] = {
  {0x0020,0,10,0,10,0,0},
  {0x0021,0,10,29,10,0,-28},
  {0x0022,58,13,28,13,0,-28},
  {0x0023,114,33,29,33,0,-28},
  {0x0024,259,22,39,22,0,-33},
  {0x0025,376,34,29,34,0,-28},
  {0x0026,521,26,29,26,0,-28},
  {0x0027,637,7,28,7,0,-28},
  {0x0028,665,12,41,11,0,-30},
  {0x0029,747,12,41,11,0,-30},
  {0x002a,829,20,28,20,0,-28},
  {0x002b,913,20,23,20,0,-23},
  {0x002c,982,10,12,10,0,-5},
  {0x002d,1006,18,14,18,0,-14},
  {0x002e,1048,9,7,9,0,-6},
  {0x002f,1062,26,41,26,0,-30},
  {0x0030,1226,24,29,24,0,-28},
  {0x0031,1313,15,28,15,0,-28},
  {0x0032,1369,20,28,20,0,-28},
  {0x0033,1453,21,29,21,0,-28},
  {0x0034,1540,21,28,21,0,-28},
  {0x0035,1624,21,31,21,0,-30},
  {0x0036,1717,22,29,22,0,-28},
  {0x0037,1804,18,28,18,0,-27},
  {0x0038,1888,22,29,22,0,-28},
  {0x0039,1975,22,29,22,0,-28},
  {0x003a,2062,10,22,10,0,-21},
  {0x003b,2106,10,28,10,0,-21},
  {0x003c,2162,20,22,20,0,-22},
  {0x003d,2228,20,19,20,0,-19},
  {0x003e,2285,20,22,20,0,-22},
  {0x003f,2351,19,29,19,0,-28},
  {0x0040,2438,30,29,30,0,-25},
  {0x0041,2554,26,28,25,0,-28},
  {0x0042,2666,25,27,25,0,-27},
  {0x0043,2774,26,29,26,0,-28},
  {0x0044,2890,29,27,29,0,-27},
  {0x0045,2998,24,27,24,0,-27},
  {0x0046,3079,21,27,21,0,-27},
  {0x0047,3160,29,29,29,0,-28},
  {0x0048,3276,30,27,30,0,-27},
  {0x0049,3384,14,27,14,0,-27},
  {0x004a,3438,16,28,16,0,-27},
  {0x004b,3494,27,27,27,0,-27},
  {0x004c,3602,23,27,23,0,-27},
  {0x004d,3683,36,27,36,0,-27},
  {0x004e,3818,29,27,29,0,-27},
  {0x004f,3926,30,29,30,0,-28},
  {0x0050,4042,24,27,24,0,-27},
  {0x0051,4123,30,37,30,0,-28},
  {0x0052,4271,25,27,25,0,-27},
  {0x0053,4379,22,29,22,0,-28},
  {0x0054,4466,25,27,25,0,-27},
  {0x0055,4574,29,28,29,0,-27},
  {0x0056,4686,27,27,26,0,-27},
  {0x0057,4794,39,27,38,0,-27},
  {0x0058,4929,27,27,26,0,-27},
  {0x0059,5037,25,27,25,0,-27},
  {0x005a,5145,23,27,23,0,-27},
  {0x005b,5226,15,39,14,0,-29},
  {0x005c,5304,26,41,26,0,-30},
  {0x005d,5468,14,39,14,0,-29},
  {0x005e,5546,31,28,31,0,-28},
  {0x005f,5658,30,5,30,0,0},
  {0x0060,5678,16,30,16,0,-30},
  {0x0061,5738,20,21,20,0,-20},
  {0x0062,5801,22,30,22,0,-29},
  {0x0063,5891,20,21,20,0,-20},
  {0x0064,5954,23,30,23,0,-29},
  {0x0065,6044,20,21,20,0,-20},
  {0x0066,6107,16,29,14,0,-29},
  {0x0067,6165,22,34,21,0,-23},
  {0x0068,6267,23,29,23,0,-29},
  {0x0069,6354,12,29,12,0,-29},
  {0x006a,6412,14,40,11,-3,-29},
  {0x006b,6492,22,29,22,0,-29},
  {0x006c,6579,11,29,11,0,-29},
  {0x006d,6637,35,20,35,0,-20},
  {0x006e,6737,24,20,24,0,-20},
  {0x006f,6797,22,21,22,0,-20},
  {0x0070,6860,23,30,23,0,-20},
  {0x0071,6950,22,30,22,0,-20},
  {0x0072,7040,18,20,18,0,-20},
  {0x0073,7100,18,21,18,0,-20},
  {0x0074,7163,17,26,15,0,-25},
  {0x0075,7241,23,20,23,0,-19},
  {0x0076,7301,21,19,20,0,-19},
  {0x0077,7358,31,19,31,0,-19},
  {0x0078,7434,21,19,21,0,-19},
  {0x0079,7491,22,30,21,0,-19},
  {0x007a,7581,20,19,20,0,-19},
  {0x007b,7638,14,40,14,0,-29},
  {0x007c,7718,10,40,10,0,-29},
  {0x007d,7798,14,40,14,0,-29},
  {0x007e,7878,20,15,20,0,-15},
  {0x00b0,7923,15,28,15,0,-28},
  {0x00b7,7979,9,16,9,0,-16},
  {0x00d7,8011,20,22,20,0,-22},
  {0x00e9,8077,20,31,20,0,-30},
  {0x2013,8170,22,14,22,0,-14},
  {0x2014,8212,32,14,32,0,-14},
  {0x2018,8268,8,29,8,0,-29},
  {0x2019,8297,8,29,8,0,-29},
  {0x201c,8326,16,29,16,0,-29},
  {0x201d,8384,15,29,15,0,-29},
  {0x2022,8442,15,20,15,0,-20},
  {0x2026,8482,30,7,30,0,-6},
  {0x2190,8510,20,19,20,0,-19},
  {0x2192,8567,20,19,20,0,-19},
  {0x2212,8624,20,16,20,0,-16}
};
const Font F_TITLE = {F_TITLE_bits, F_TITLE_glyphs, 110, 39, 11, 50};

static const uint8_t F_HUGE_bits[] = {
  0x00,0x3e,0x00,0x00,0x00,0xff,0x00,0x00,0x00,0xff,0x80,0x00,0x01,0xff,0xc0,0x00,0x03,0xff,0xc0,0x00,0x03,0xff,0xc0,0x00,
  0x03,0xff,0xe0,0x00,0x03,0xff,0xe0,0x00,0x03,0xff,0xe0,0x00,0x03,0xff,0xe0,0x00,0x03,0xff,0xc0,0x00,0x03,0xff,0xc0,0x00,
  0x03,0xff,0xc0,0x00,0x03,0xff,0xc0,0x00,0x01,0xff,0xc0,0x00,0x01,0xff,0xc0,0x00,0x01,0xff,0xc0,0x00,0x01,0xff,0xc0,0x00,
  0x01,0xff,0xc0,0x00,0x01,0xff,0xc0,0x00,0x01,0xff,0xc0,0x00,0x01,0xff,0x80,0x00,0x01,0xff,0x80,0x00,0x01,0xff,0x80,0x00,
  0x01,0xff,0x80,0x00,0x00,0xff,0x80,0x00,0x00,0xff,0x80,0x00,0x00,0xff,0x80,0x00,0x00,0xff,0x80,0x00,0x00,0xff,0x80,0x00,
  0x00,0xff,0x80,0x00,0x00,0xff,0x80,0x00,0x00,0xff,0x00,0x00,0x00,0xff,0x00,0x00,0x00,0xff,0x00,0x00,0x00,0xff,0x00,0x00,
  0x00,0x7f,0x00,0x00,0x00,0x7f,0x00,0x00,0x00,0x7f,0x00,0x00,0x00,0x7f,0x00,0x00,0x00,0x7f,0x00,0x00,0x00,0x7f,0x00,0x00,
  0x00,0x7f,0x00,0x00,0x00,0x7e,0x00,0x00,0x00,0x7e,0x00,0x00,0x00,0x7e,0x00,0x00,0x00,0x7e,0x00,0x00,0x00,0x3e,0x00,0x00,
  0x00,0x00,0x00,0x00,0x00,0x00,0x00,0x00,0x00,0x00,0x00,0x00,0x00,0x00,0x00,0x00,0x00,0x00,0x00,0x00,0x00,0x00,0x00,0x00,
  0x00,0x00,0x00,0x00,0x00,0x00,0x00,0x00,0x00,0x00,0x00,0x00,0x00,0x3e,0x00,0x00,0x00,0x7f,0x00,0x00,0x00,0xff,0x80,0x00,
  0x01,0xff,0xc0,0x00,0x03,0xff,0xc0,0x00,0x03,0xff,0xe0,0x00,0x03,0xff,0xe0,0x00,0x03,0xff,0xe0,0x00,0x03,0xff,0xe0,0x00,
  0x03,0xff,0xc0,0x00,0x01,0xff,0xc0,0x00,0x00,0xff,0x80,0x00,0x00,0xff,0x00,0x00,0x00,0x3e,0x00,0x00,0x07,0xf8,0x1f,0xe0,
  0x07,0xf8,0x1f,0xe0,0x07,0xf8,0x1f,0xe0,0x07,0xf8,0x1f,0xe0,0x07,0xf8,0x1f,0xe0,0x07,0xf8,0x1f,0xe0,0x07,0xf8,0x1f,0xe0,
  0x07,0xf8,0x1f,0xe0,0x07,0xf8,0x1f,0xe0,0x07,0xf8,0x1f,0xe0,0x07,0xf8,0x1f,0xe0,0x07,0xf8,0x1f,0xe0,0x07,0xf8,0x1f,0xe0,
  0x07,0xf8,0x1f,0xe0,0x07,0xf8,0x1f,0xe0,0x07,0xf8,0x1f,0xe0,0x07,0xf8,0x1f,0xe0,0x07,0xf8,0x1f,0xe0,0x07,0xf8,0x1f,0xe0,
  0x07,0xf8,0x1f,0xe0,0x07,0xf8,0x1f,0xe0,0x07,0xf8,0x1f,0xe0,0x00,0x00,0x00,0x00,0x00,0x00,0x00,0x00,0x00,0x00,0x00,0x00,
  0x00,0x00,0x00,0x00,0x00,0x00,0x00,0x00,0x00,0x00,0x00,0x00,0x00,0x00,0x00,0x00,0x00,0x00,0x00,0x00,0x00,0x00,0x00,0x00,
  0x00,0x00,0x00,0x00,0x00,0x00,0x00,0x00,0x00,0x00,0x00,0x00,0x00,0x00,0x00,0x00,0x00,0x00,0x00,0x00,0x00,0x00,0x00,0x00,
  0x00,0x00,0x00,0x00,0x00,0x00,0x00,0x00,0x00,0x00,0x00,0x00,0x00,0x00,0x00,0x00,0x00,0x00,0x00,0x00,0x00,0x00,0x00,0x00,
  0x00,0x00,0x00,0x00,0x00,0x00,0x00,0x00,0x00,0x00,0x00,0x00,0x00,0x00,0x00,0x00,0x00,0x00,0x00,0x00,0x00,0x00,0x00,0x00,
  0x00,0x00,0x00,0x00,0x00,0x00,0x00,0x00,0x00,0x00,0x00,0x00,0x00,0x00,0x00,0x00,0x00,0x00,0x00,0x00,0x00,0x00,0x00,0x00,
  0x00,0x00,0x00,0x00,0x00,0x00,0x00,0x00,0x00,0x00,0x00,0x00,0x00,0x00,0x00,0x00,0x00,0x00,0x00,0x00,0x00,0x00,0x00,0x00,
  0x00,0x00,0x00,0x00,0x00,0x00,0x00,0x00,0x00,0x00,0x00,0x00,0x00,0x00,0x00,0x00,0x00,0x00,0x00,0x00,0x00,0x00,0x00,0x00,
  0x00,0x00,0x00,0x00,0x00,0x00,0x00,0x00,0x00,0x00,0x00,0x00,0x00,0x00,0x00,0x00,0xff,0x00,0x00,0x1f,0xc0,0x00,0x00,0x00,
  0x00,0x00,0x00,0xff,0x00,0x00,0x3f,0xe0,0x00,0x00,0x00,0x00,0x00,0x01,0xff,0x00,0x00,0x3f,0xc0,0x00,0x00,0x00,0x00,0x00,
  0x01,0xff,0x00,0x00,0x3f,0xc0,0x00,0x00,0x00,0x00,0x00,0x01,0xfe,0x00,0x00,0x7f,0xc0,0x00,0x00,0x00,0x00,0x00,0x01,0xfe,
  0x00,0x00,0x7f,0xc0,0x00,0x00,0x00,0x00,0x00,0x03,0xfe,0x00,0x00,0x7f,0x80,0x00,0x00,0x00,0x00,0x00,0x03,0xfe,0x00,0x00,
  0x7f,0x80,0x00,0x00,0x00,0x00,0x00,0x03,0xfe,0x00,0x00,0xff,0x80,0x00,0x00,0x00,0x00,0x00,0x03,0xfc,0x00,0x00,0xff,0x80,
  0x00,0x00,0x00,0x00,0x00,0x07,0xfc,0x00,0x00,0xff,0x80,0x00,0x00,0x00,0x00,0x00,0x07,0xfc,0x00,0x00,0xff,0x00,0x00,0x00,
  0x00,0x00,0x00,0x07,0xfc,0x00,0x01,0xff,0x00,0x00,0x00,0x00,0x00,0x00,0x07,0xf8,0x00,0x01,0xff,0x00,0x00,0x00,0x00,0x00,
  0x00,0x0f,0xf8,0x00,0x01,0xff,0x00,0x00,0x00,0x00,0x00,0x00,0x0f,0xf8,0x00,0x01,0xfe,0x00,0x00,0x00,0x00,0x00,0x00,0x0f,
  0xf8,0x00,0x03,0xfe,0x00,0x00,0x00,0x00,0x00,0x00,0x0f,0xf0,0x00,0x03,0xfe,0x00,0x00,0x00,0x00,0x1f,0xff,0xff,0xff,0xff,
  0xff,0xff,0xff,0xfe,0x00,0x00,0x1f,0xff,0xff,0xff,0xff,0xff,0xff,0xff,0xfe,0x00,0x00,0x1f,0xff,0xff,0xff,0xff,0xff,0xff,
  0xff,0xfc,0x00,0x00,0x1f,0xff,0xff,0xff,0xff,0xff,0xff,0xff,0xfc,0x00,0x00,0x1f,0xff,0xff,0xff,0xff,0xff,0xff,0xff,0xfc,
  0x00,0x00,0x3f,0xff,0xff,0xff,0xff,0xff,0xff,0xff,0xfc,0x00,0x00,0x3f,0xff,0xff,0xff,0xff,0xff,0xff,0xff,0xf8,0x00,0x00,
  0x3f,0xff,0xff,0xff,0xff,0xff,0xff,0xff,0xf8,0x00,0x00,0x00,0x00,0x3f,0xc0,0x00,0x0f,0xf8,0x00,0x00,0x00,0x00,0x00,0x00,
  0x3f,0xc0,0x00,0x0f,0xf8,0x00,0x00,0x00,0x00,0x00,0x00,0x7f,0xc0,0x00,0x0f,0xf8,0x00,0x00,0x00,0x00,0x00,0x00,0x7f,0xc0,
  0x00,0x0f,0xf0,0x00,0x00,0x00,0x00,0x00,0x00,0x7f,0xc0,0x00,0x1f,0xf0,0x00,0x00,0x00,0x00,0x00,0x00,0x7f,0x80,0x00,0x1f,
  0xf0,0x00,0x00,0x00,0x00,0x00,0x00,0xff,0x80,0x00,0x1f,0xf0,0x00,0x00,0x00,0x00,0x00,0x00,0xff,0x80,0x00,0x1f,0xe0,0x00,
  0x00,0x00,0x00,0x00,0x00,0xff,0x80,0x00,0x3f,0xe0,0x00,0x00,0x00,0x00,0x00,0x00,0xff,0x00,0x00,0x3f,0xe0,0x00,0x00,0x00,
  0x00,0x00,0x01,0xff,0x00,0x00,0x3f,0xe0,0x00,0x00,0x00,0x00,0x00,0x01,0xff,0x00,0x00,0x3f,0xc0,0x00,0x00,0x00,0x00,0x00,
  0x01,0xff,0x00,0x00,0x7f,0xc0,0x00,0x00,0x00,0x00,0x00,0x01,0xfe,0x00,0x00,0x7f,0xc0,0x00,0x00,0x00,0x00,0x00,0x03,0xfe,
  0x00,0x00,0x7f,0xc0,0x00,0x00,0x00,0x00,0x00,0x03,0xfe,0x00,0x00,0x7f,0xc0,0x00,0x00,0x00,0x00,0x00,0x03,0xfe,0x00,0x00,
  0xff,0x80,0x00,0x00,0x00,0x00,0x00,0x03,0xfc,0x00,0x00,0xff,0x80,0x00,0x00,0x00,0x00,0x00,0x07,0xfc,0x00,0x00,0xff,0x80,
  0x00,0x00,0x00,0x00,0x00,0x07,0xfc,0x00,0x00,0xff,0x80,0x00,0x00,0x00,0x07,0xff,0xff,0xff,0xff,0xff,0xff,0xff,0xff,0x00,
  0x00,0x07,0xff,0xff,0xff,0xff,0xff,0xff,0xff,0xff,0x00,0x00,0x07,0xff,0xff,0xff,0xff,0xff,0xff,0xff,0xff,0x00,0x00,0x0f,
  0xff,0xff,0xff,0xff,0xff,0xff,0xff,0xff,0x00,0x00,0x0f,0xff,0xff,0xff,0xff,0xff,0xff,0xff,0xfe,0x00,0x00,0x0f,0xff,0xff,
  0xff,0xff,0xff,0xff,0xff,0xfe,0x00,0x00,0x0f,0xff,0xff,0xff,0xff,0xff,0xff,0xff,0xfe,0x00,0x00,0x0f,0xff,0xff,0xff,0xff,
  0xff,0xff,0xff,0xfe,0x00,0x00,0x00,0x00,0x1f,0xf0,0x00,0x03,0xfe,0x00,0x00,0x00,0x00,0x00,0x00,0x1f,0xf0,0x00,0x03,0xfe,
  0x00,0x00,0x00,0x00,0x00,0x00,0x1f,0xf0,0x00,0x07,0xfc,0x00,0x00,0x00,0x00,0x00,0x00,0x1f,0xf0,0x00,0x07,0xfc,0x00,0x00,
  0x00,0x00,0x00,0x00,0x3f,0xe0,0x00,0x07,0xfc,0x00,0x00,0x00,0x00,0x00,0x00,0x3f,0xe0,0x00,0x07,0xfc,0x00,0x00,0x00,0x00,
  0x00,0x00,0x3f,0xe0,0x00,0x0f,0xf8,0x00,0x00,0x00,0x00,0x00,0x00,0x3f,0xe0,0x00,0x0f,0xf8,0x00,0x00,0x00,0x00,0x00,0x00,
  0x7f,0xc0,0x00,0x0f,0xf8,0x00,0x00,0x00,0x00,0x00,0x00,0x7f,0xc0,0x00,0x0f,0xf8,0x00,0x00,0x00,0x00,0x00,0x00,0x7f,0xc0,
  0x00,0x1f,0xf0,0x00,0x00,0x00,0x00,0x00,0x00,0x7f,0xc0,0x00,0x1f,0xf0,0x00,0x00,0x00,0x00,0x00,0x00,0xff,0x80,0x00,0x1f,
  0xf0,0x00,0x00,0x00,0x00,0x00,0x00,0xff,0x80,0x00,0x1f,0xf0,0x00,0x00,0x00,0x00,0x00,0x00,0xff,0x80,0x00,0x3f,0xf0,0x00,
  0x00,0x00,0x00,0x00,0x00,0xff,0x80,0x00,0x3f,0xe0,0x00,0x00,0x00,0x00,0x00,0x01,0xff,0x80,0x00,0x3f,0xe0,0x00,0x00,0x00,
  0x00,0x00,0x00,0x00,0xff,0x00,0x00,0x00,0x00,0x00,0x00,0xff,0x00,0x00,0x00,0x00,0x00,0x00,0xff,0x00,0x00,0x00,0x00,0x00,
  0x00,0xff,0x00,0x00,0x00,0x00,0x00,0x00,0xff,0x00,0x00,0x00,0x00,0x00,0x00,0xff,0x00,0x00,0x00,0x00,0x00,0x00,0xff,0x00,
  0x00,0x00,0x00,0x00,0x00,0xff,0x00,0x00,0x00,0x00,0x00,0x00,0xff,0x00,0x00,0x00,0x00,0x00,0x00,0xff,0x00,0x00,0x00,0x00,
  0x00,0x00,0xff,0x00,0x00,0x00,0x00,0x00,0x00,0xff,0x00,0x00,0x00,0x00,0x00,0x1f,0xff,0x80,0xfe,0x00,0x00,0x00,0xff,0xff,
  0xf0,0xfe,0x00,0x00,0x03,0xff,0xff,0xfc,0xfe,0x00,0x00,0x0f,0xff,0xff,0xff,0xfe,0x00,0x00,0x1f,0xff,0xff,0xff,0xfe,0x00,
  0x00,0x3f,0xff,0xff,0xff,0xfe,0x00,0x00,0x7f,0xfc,0x01,0xff,0xfe,0x00,0x00,0xff,0xf0,0x00,0x3f,0xfe,0x00,0x00,0xff,0xe0,
  0x00,0x1f,0xfe,0x00,0x01,0xff,0xc0,0x00,0x0f,0xfe,0x00,0x03,0xff,0x80,0x00,0x07,0xfe,0x00,0x03,0xff,0x80,0x00,0x03,0xfe,
  0x00,0x03,0xff,0x00,0x00,0x03,0xfe,0x00,0x03,0xff,0x00,0x00,0x01,0xfe,0x00,0x07,0xff,0x00,0x00,0x01,0xfe,0x00,0x07,0xff,
  0x00,0x00,0x00,0xfe,0x00,0x07,0xff,0x00,0x00,0x00,0xfe,0x00,0x07,0xff,0x00,0x00,0x00,0x7e,0x00,0x07,0xff,0x80,0x00,0x00,
  0x7e,0x00,0x07,0xff,0x80,0x00,0x00,0x7e,0x00,0x07,0xff,0x80,0x00,0x00,0x7e,0x00,0x07,0xff,0xc0,0x00,0x00,0x7e,0x00,0x03,
  0xff,0xe0,0x00,0x00,0x00,0x00,0x03,0xff,0xf0,0x00,0x00,0x00,0x00,0x03,0xff,0xfc,0x00,0x00,0x00,0x00,0x03,0xff,0xfe,0x00,
  0x00,0x00,0x00,0x01,0xff,0xff,0x80,0x00,0x00,0x00,0x01,0xff,0xff,0xe0,0x00,0x00,0x00,0x00,0xff,0xff,0xf8,0x00,0x00,0x00,
  0x00,0x7f,0xff,0xfe,0x00,0x00,0x00,0x00,0x3f,0xff,0xff,0x80,0x00,0x00,0x00,0x3f,0xff,0xff,0xe0,0x00,0x00,0x00,0x1f,0xff,
  0xff,0xf8,0x00,0x00,0x00,0x07,0xff,0xff,0xfe,0x00,0x00,0x00,0x03,0xff,0xff,0xff,0x00,0x00,0x00,0x01,0xff,0xff,0xff,0xc0,
  0x00,0x00,0x00,0x7f,0xff,0xff,0xe0,0x00,0x00,0x00,0x3f,0xff,0xff,0xf0,0x00,0x00,0x00,0x0f,0xff,0xff,0xf8,0x00,0x00,0x00,
  0x03,0xff,0xff,0xfc,0x00,0x00,0x00,0x00,0xff,0xff,0xfe,0x00,0x00,0x00,0x00,0x3f,0xff,0xff,0x00,0x00,0x00,0x00,0x07,0xff,
  0xff,0x80,0x00,0x00,0x00,0x01,0xff,0xff,0x80,0x00,0x00,0x00,0x00,0x7f,0xff,0xc0,0x00,0x00,0x00,0x00,0x3f,0xff,0xc0,0x00,
  0x00,0x00,0x00,0x0f,0xff,0xc0,0x00,0x00,0x00,0x00,0x07,0xff,0xe0,0x03,0xe0,0x00,0x00,0x03,0xff,0xe0,0x03,0xf0,0x00,0x00,
  0x01,0xff,0xe0,0x03,0xf0,0x00,0x00,0x01,0xff,0xe0,0x03,0xf0,0x00,0x00,0x00,0xff,0xe0,0x03,0xf0,0x00,0x00,0x00,0xff,0xe0,
  0x03,0xf0,0x00,0x00,0x00,0xff,0xe0,0x03,0xf8,0x00,0x00,0x00,0xff,0xe0,0x03,0xf8,0x00,0x00,0x00,0xff,0xe0,0x03,0xfc,0x00,
  0x00,0x00,0xff,0xc0,0x03,0xfc,0x00,0x00,0x00,0xff,0xc0,0x03,0xfe,0x00,0x00,0x01,0xff,0xc0,0x03,0xff,0x00,0x00,0x01,0xff,
  0x80,0x03,0xff,0x80,0x00,0x03,0xff,0x80,0x03,0xff,0xc0,0x00,0x07,0xff,0x00,0x03,0xff,0xe0,0x00,0x0f,0xff,0x00,0x03,0xff,
  0xf8,0x00,0x1f,0xfe,0x00,0x03,0xff,0xff,0x00,0xff,0xfc,0x00,0x03,0xff,0xff,0xff,0xff,0xf8,0x00,0x03,0xff,0xff,0xff,0xff,
  0xf0,0x00,0x03,0xf1,0xff,0xff,0xff,0xc0,0x00,0x03,0xf8,0x7f,0xff,0xff,0x00,0x00,0x03,0xf8,0x0f,0xff,0xf8,0x00,0x00,0x00,
  0x00,0x00,0x7f,0x80,0x00,0x00,0x00,0x00,0x00,0x7f,0x80,0x00,0x00,0x00,0x00,0x00,0x7f,0x80,0x00,0x00,0x00,0x00,0x00,0x7f,
  0x80,0x00,0x00,0x00,0x00,0x00,0x7f,0x80,0x00,0x00,0x00,0x00,0x00,0x7f,0x80,0x00,0x00,0x00,0x00,0x00,0x7f,0x80,0x00,0x00,
  0x00,0x00,0x00,0x7f,0x80,0x00,0x00,0x00,0x00,0x00,0x7f,0x80,0x00,0x00,0x00,0x00,0x00,0x7f,0x80,0x00,0x00,0x00,0x00,0x00,
  0x7f,0x80,0x00,0x00,0x00,0x00,0x00,0x7f,0x80,0x00,0x00,0x00,0x00,0x00,0x7f,0x80,0x00,0x00,0x00,0x00,0x00,0x7f,0x80,0x00,
  0x00,0x00,0x00,0x1f,0x80,0x00,0x00,0x00,0x00,0x20,0x00,0x00,0x00,0x01,0xff,0xf8,0x00,0x00,0x00,0x00,0x70,0x00,0x00,0x00,
  0x07,0xff,0xfe,0x00,0x00,0x00,0x00,0xf8,0x00,0x00,0x00,0x0f,0xff,0xff,0x80,0x00,0x00,0x00,0xfc,0x00,0x00,0x00,0x3f,0xff,
  0xff,0xc0,0x00,0x00,0x01,0xfe,0x00,0x00,0x00,0x7f,0xff,0xff,0xe0,0x00,0x00,0x03,0xff,0x00,0x00,0x00,0x7f,0xf0,0xff,0xf0,
  0x00,0x00,0x07,0xff,0x00,0x00,0x00,0xff,0xc0,0x7f,0xf8,0x00,0x00,0x0f,0xfe,0x00,0x00,0x01,0xff,0x80,0x3f,0xf8,0x00,0x00,
  0x0f,0xfc,0x00,0x00,0x03,0xff,0x80,0x1f,0xfc,0x00,0x00,0x1f,0xf8,0x00,0x00,0x03,0xff,0x00,0x1f,0xfc,0x00,0x00,0x3f,0xf8,
  0x00,0x00,0x03,0xff,0x00,0x0f,0xfe,0x00,0x00,0x7f,0xf0,0x00,0x00,0x07,0xff,0x00,0x0f,0xfe,0x00,0x00,0xff,0xe0,0x00,0x00,
  0x07,0xfe,0x00,0x0f,0xfe,0x00,0x01,0xff,0xc0,0x00,0x00,0x07,0xfe,0x00,0x07,0xff,0x00,0x01,0xff,0x80,0x00,0x00,0x0f,0xfe,
  0x00,0x07,0xff,0x00,0x03,0xff,0x00,0x00,0x00,0x0f,0xfe,0x00,0x07,0xff,0x00,0x07,0xfe,0x00,0x00,0x00,0x0f,0xfe,0x00,0x07,
  0xff,0x00,0x0f,0xfe,0x00,0x00,0x00,0x0f,0xfe,0x00,0x07,0xff,0x00,0x1f,0xfc,0x00,0x00,0x00,0x0f,0xfe,0x00,0x07,0xff,0x00,
  0x3f,0xf8,0x00,0x00,0x00,0x0f,0xfe,0x00,0x07,0xff,0x00,0x3f,0xf0,0x00,0x00,0x00,0x0f,0xfe,0x00,0x07,0xff,0x00,0x7f,0xe0,
  0x00,0x00,0x00,0x0f,0xfe,0x00,0x07,0xfe,0x00,0xff,0xc0,0x00,0x00,0x00,0x07,0xff,0x00,0x07,0xfe,0x01,0xff,0xc0,0x00,0x00,
  0x00,0x07,0xff,0x00,0x0f,0xfe,0x03,0xff,0x80,0x00,0x00,0x00,0x07,0xff,0x00,0x0f,0xfc,0x07,0xff,0x00,0x00,0x00,0x00,0x03,
  0xff,0x00,0x0f,0xfc,0x07,0xfe,0x00,0x00,0x00,0x00,0x03,0xff,0x80,0x1f,0xf8,0x0f,0xfc,0x00,0x00,0x00,0x00,0x01,0xff,0xc0,
  0x1f,0xf8,0x1f,0xf8,0x00,0x00,0x00,0x00,0x01,0xff,0xc0,0x3f,0xf0,0x3f,0xf8,0x00,0x00,0x00,0x00,0x00,0xff,0xf0,0x7f,0xe0,
  0x7f,0xf0,0x00,0x00,0x00,0x00,0x00,0x7f,0xff,0xff,0xc0,0x7f,0xe0,0x00,0x00,0x00,0x00,0x00,0x3f,0xff,0xff,0x80,0xff,0xc0,
  0x00,0x00,0x00,0x00,0x00,0x1f,0xff,0xff,0x01,0xff,0x80,0x00,0x00,0x00,0x00,0x00,0x07,0xff,0xfe,0x03,0xff,0x00,0x07,0xf0,
  0x00,0x00,0x00,0x01,0xff,0xf8,0x07,0xfe,0x00,0x7f,0xfe,0x00,0x00,0x00,0x00,0x3f,0x80,0x0f,0xfe,0x01,0xff,0xff,0x80,0x00,
  0x00,0x00,0x00,0x00,0x0f,0xfc,0x03,0xff,0xff,0xe0,0x00,0x00,0x00,0x00,0x00,0x1f,0xf8,0x07,0xff,0xff,0xf0,0x00,0x00,0x00,
  0x00,0x00,0x3f,0xf0,0x0f,0xff,0xff,0xf8,0x00,0x00,0x00,0x00,0x00,0x7f,0xe0,0x1f,0xfc,0x3f,0xfc,0x00,0x00,0x00,0x00,0x00,
  0xff,0xc0,0x3f,0xf0,0x0f,0xfe,0x00,0x00,0x00,0x00,0x01,0xff,0xc0,0x7f,0xe0,0x0f,0xfe,0x00,0x00,0x00,0x00,0x01,0xff,0x80,
  0x7f,0xe0,0x07,0xff,0x00,0x00,0x00,0x00,0x03,0xff,0x00,0xff,0xc0,0x07,0xff,0x00,0x00,0x00,0x00,0x07,0xfe,0x00,0xff,0xc0,
  0x03,0xff,0x80,0x00,0x00,0x00,0x0f,0xfc,0x01,0xff,0xc0,0x03,0xff,0x80,0x00,0x00,0x00,0x1f,0xf8,0x01,0xff,0x80,0x03,0xff,
  0x80,0x00,0x00,0x00,0x3f,0xf8,0x01,0xff,0x80,0x01,0xff,0xc0,0x00,0x00,0x00,0x3f,0xf0,0x03,0xff,0x80,0x01,0xff,0xc0,0x00,
  0x00,0x00,0x7f,0xe0,0x03,0xff,0x80,0x01,0xff,0xc0,0x00,0x00,0x00,0xff,0xc0,0x03,0xff,0x80,0x01,0xff,0xc0,0x00,0x00,0x01,
  0xff,0x80,0x03,0xff,0x80,0x01,0xff,0xc0,0x00,0x00,0x03,0xff,0x00,0x03,0xff,0x80,0x01,0xff,0xc0,0x00,0x00,0x03,0xfe,0x00,
  0x03,0xff,0x80,0x01,0xff,0xc0,0x00,0x00,0x07,0xfe,0x00,0x03,0xff,0x80,0x01,0xff,0xc0,0x00,0x00,0x0f,0xfc,0x00,0x03,0xff,
  0x80,0x01,0xff,0x80,0x00,0x00,0x1f,0xf8,0x00,0x01,0xff,0xc0,0x01,0xff,0x80,0x00,0x00,0x3f,0xf0,0x00,0x01,0xff,0xc0,0x03,
  0xff,0x80,0x00,0x00,0x7f,0xe0,0x00,0x01,0xff,0xc0,0x03,0xff,0x00,0x00,0x00,0x7f,0xc0,0x00,0x00,0xff,0xe0,0x03,0xff,0x00,
  0x00,0x00,0xff,0xc0,0x00,0x00,0xff,0xe0,0x07,0xff,0x00,0x00,0x01,0xff,0x80,0x00,0x00,0xff,0xf0,0x07,0xfe,0x00,0x00,0x03,
  0xff,0x00,0x00,0x00,0x7f,0xf0,0x0f,0xfc,0x00,0x00,0x07,0xfe,0x00,0x00,0x00,0x3f,0xfc,0x1f,0xf8,0x00,0x00,0x0f,0xfc,0x00,
  0x00,0x00,0x1f,0xff,0xff,0xf8,0x00,0x00,0x0f,0xf8,0x00,0x00,0x00,0x0f,0xff,0xff,0xf0,0x00,0x00,0x07,0xf8,0x00,0x00,0x00,
  0x07,0xff,0xff,0xc0,0x00,0x00,0x03,0xf0,0x00,0x00,0x00,0x03,0xff,0xff,0x80,0x00,0x00,0x00,0xe0,0x00,0x00,0x00,0x00,0xff,
  0xfe,0x00,0x00,0x00,0x00,0x40,0x00,0x00,0x00,0x00,0x1f,0xf0,0x00,0x00,0x00,0x00,0x00,0x00,0x00,0x00,0x00,0x00,0x00,0x00,
  0x00,0x00,0x00,0x00,0xff,0x80,0x00,0x00,0x00,0x00,0x00,0x00,0x0f,0xff,0xf0,0x00,0x00,0x00,0x00,0x00,0x00,0x3f,0xff,0xfc,
  0x00,0x00,0x00,0x00,0x00,0x00,0x7f,0xff,0xff,0x00,0x00,0x00,0x00,0x00,0x00,0xff,0xff,0xff,0x80,0x00,0x00,0x00,0x00,0x01,
  0xff,0xff,0xff,0xc0,0x00,0x00,0x00,0x00,0x03,0xff,0x81,0xff,0xc0,0x00,0x00,0x00,0x00,0x07,0xff,0x00,0xff,0xe0,0x00,0x00,
  0x00,0x00,0x07,0xfe,0x00,0x7f,0xf0,0x00,0x00,0x00,0x00,0x0f,0xfc,0x00,0x3f,0xf0,0x00,0x00,0x00,0x00,0x0f,0xfc,0x00,0x3f,
  0xf0,0x00,0x00,0x00,0x00,0x1f,0xf8,0x00,0x1f,0xf8,0x00,0x00,0x00,0x00,0x1f,0xf8,0x00,0x1f,0xf8,0x00,0x00,0x00,0x00,0x1f,
  0xf8,0x00,0x1f,0xf8,0x00,0x00,0x00,0x00,0x1f,0xf8,0x00,0x1f,0xf8,0x00,0x00,0x00,0x00,0x1f,0xf8,0x00,0x1f,0xf8,0x00,0x00,
  0x00,0x00,0x1f,0xf8,0x00,0x1f,0xf8,0x00,0x00,0x00,0x00,0x1f,0xf8,0x00,0x1f,0xf8,0x00,0x00,0x00,0x00,0x1f,0xf8,0x00,0x3f,
  0xf0,0x00,0x00,0x00,0x00,0x1f,0xfc,0x00,0x3f,0xf0,0x00,0x00,0x00,0x00,0x1f,0xfc,0x00,0x3f,0xf0,0x00,0x00,0x00,0x00,0x0f,
  0xfc,0x00,0x7f,0xe0,0x00,0x00,0x00,0x00,0x0f,0xfe,0x00,0x7f,0xe0,0x00,0x00,0x00,0x00,0x0f,0xfe,0x00,0xff,0xc0,0x00,0x00,
  0x00,0x00,0x07,0xff,0x00,0xff,0x80,0x00,0x00,0x00,0x00,0x07,0xff,0x01,0xff,0x80,0x00,0x00,0x00,0x00,0x03,0xff,0x83,0xff,
  0x00,0x00,0x00,0x00,0x00,0x03,0xff,0x87,0xfe,0x00,0x00,0x00,0x00,0x00,0x01,0xff,0xcf,0xfc,0x00,0x00,0x00,0x00,0x00,0x01,
  0xff,0xff,0xf0,0x00,0x00,0x00,0x00,0x00,0x00,0xff,0xff,0xe0,0x00,0x00,0x00,0x00,0x00,0x00,0x7f,0xff,0xc0,0x3f,0xff,0xc0,
  0x00,0x00,0x00,0x3f,0xff,0x00,0x3f,0xff,0xc0,0x00,0x00,0x00,0x3f,0xfe,0x00,0x3f,0xff,0xc0,0x00,0x00,0x00,0xff,0xfe,0x00,
  0x3f,0xff,0xc0,0x00,0x00,0x03,0xff,0xff,0x00,0x3f,0xff,0xc0,0x00,0x00,0x0f,0xff,0xff,0x80,0x0f,0xff,0xc0,0x00,0x00,0x1f,
  0xff,0xff,0xc0,0x07,0xf0,0x00,0x00,0x00,0x3f,0xf3,0xff,0xe0,0x03,0xf0,0x00,0x00,0x00,0x7f,0xe1,0xff,0xf0,0x03,0xf0,0x00,
  0x00,0x00,0xff,0xc1,0xff,0xf8,0x01,0xf8,0x00,0x00,0x01,0xff,0xc0,0xff,0xfc,0x01,0xf8,0x00,0x00,0x03,0xff,0x80,0x7f,0xfe,
  0x01,0xf8,0x00,0x00,0x07,0xff,0x80,0x3f,0xff,0x01,0xf8,0x00,0x00,0x07,0xff,0x00,0x1f,0xff,0x81,0xf8,0x00,0x00,0x0f,0xff,
  0x00,0x0f,0xff,0xc1,0xf8,0x00,0x00,0x0f,0xff,0x00,0x07,0xff,0xe1,0xf8,0x00,0x00,0x0f,0xfe,0x00,0x03,0xff,0xf1,0xf8,0x00,
  0x00,0x1f,0xfe,0x00,0x01,0xff,0xf9,0xf8,0x00,0x00,0x1f,0xfe,0x00,0x00,0xff,0xff,0xf0,0x00,0x00,0x1f,0xfe,0x00,0x00,0x7f,
  0xff,0xf0,0x00,0x00,0x1f,0xfe,0x00,0x00,0x3f,0xff,0xf0,0x00,0x00,0x1f,0xfe,0x00,0x00,0x1f,0xff,0xf0,0x00,0x00,0x1f,0xfe,
  0x00,0x00,0x0f,0xff,0xe0,0x00,0x00,0x1f,0xfe,0x00,0x00,0x07,0xff,0xf0,0x00,0x00,0x1f,0xff,0x00,0x00,0x03,0xff,0xf8,0x00,
  0x00,0x1f,0xff,0x00,0x00,0x01,0xff,0xfc,0x00,0x00,0x0f,0xff,0x00,0x00,0x00,0xff,0xfe,0x00,0x00,0x0f,0xff,0x80,0x00,0x00,
  0x7f,0xff,0x00,0x00,0x0f,0xff,0x80,0x00,0x00,0x3f,0xff,0x80,0x00,0x07,0xff,0xc0,0x00,0x00,0x7f,0xff,0xe0,0x00,0x07,0xff,
  0xe0,0x00,0x00,0xff,0xff,0xf0,0x00,0x03,0xff,0xf0,0x00,0x03,0xff,0xff,0xfc,0x00,0x01,0xff,0xf8,0x00,0x0f,0xfb,0xff,0xff,
  0x00,0x00,0xff,0xff,0x00,0x3f,0xf0,0xff,0xff,0xc0,0x00,0x7f,0xff,0xff,0xff,0xe0,0x7f,0xff,0xc0,0x00,0x3f,0xff,0xff,0xff,
  0xc0,0x3f,0xff,0xc0,0x00,0x0f,0xff,0xff,0xff,0x00,0x0f,0xff,0xc0,0x00,0x07,0xff,0xff,0xfc,0x00,0x07,0xff,0xc0,0x00,0x00,
  0xff,0xff,0xe0,0x00,0x01,0xff,0xc0,0x00,0x00,0x0f,0xfe,0x00,0x00,0x00,0x00,0x00,0x07,0xf8,0x00,0x07,0xf8,0x00,0x07,0xf8,
  0x00,0x07,0xf8,0x00,0x07,0xf8,0x00,0x07,0xf8,0x00,0x07,0xf8,0x00,0x07,0xf8,0x00,0x07,0xf8,0x00,0x07,0xf8,0x00,0x07,0xf8,
  0x00,0x07,0xf8,0x00,0x07,0xf8,0x00,0x07,0xf8,0x00,0x07,0xf8,0x00,0x07,0xf8,0x00,0x07,0xf8,0x00,0x07,0xf8,0x00,0x07,0xf8,
  0x00,0x07,0xf8,0x00,0x07,0xf8,0x00,0x07,0xf8,0x00,0x00,0x00,0x00,0x00,0x00,0x00,0x00,0x00,0x00,0x00,0x00,0x00,0x00,0x00,
  0x00,0x00,0x00,0x00,0x00,0x00,0x00,0x00,0x00,0x00,0x00,0x00,0x00,0x00,0x00,0x00,0x00,0x00,0x00,0x00,0x00,0x00,0x00,0x00,
  0x00,0x00,0x00,0x00,0x00,0x00,0x00,0x00,0x00,0x00,0x00,0x00,0x00,0x00,0x00,0x00,0x00,0x00,0x00,0x00,0x00,0x00,0x00,0x00,
  0x00,0x00,0x00,0x00,0x00,0x00,0x00,0x00,0x00,0x00,0x00,0x00,0x00,0x00,0x00,0x00,0x00,0x00,0x00,0x00,0x00,0x00,0x00,0x00,
  0x00,0x00,0x00,0x00,0x00,0x00,0x00,0x00,0x00,0x00,0x00,0x00,0x00,0x00,0x00,0x00,0x00,0x00,0x00,0x00,0x00,0x00,0x00,0x00,
  0x00,0x00,0x00,0x00,0x00,0x00,0x00,0x00,0x00,0x00,0x00,0x00,0x00,0x00,0x00,0x00,0x00,0x00,0x00,0x00,0x00,0x00,0x00,0x00,
  0x00,0x00,0x00,0x00,0x00,0x00,0x00,0x00,0x00,0x00,0x00,0x00,0x00,0x00,0x00,0x00,0x00,0xc0,0x00,0x00,0x01,0xe0,0x00,0x00,
  0x03,0xf0,0x00,0x00,0x07,0xe0,0x00,0x00,0x0f,0xe0,0x00,0x00,0x1f,0xc0,0x00,0x00,0x3f,0x80,0x00,0x00,0x3f,0x80,0x00,0x00,
  0x7f,0x00,0x00,0x00,0xff,0x00,0x00,0x00,0xfe,0x00,0x00,0x01,0xfe,0x00,0x00,0x03,0xfc,0x00,0x00,0x03,0xfc,0x00,0x00,0x07,
  0xf8,0x00,0x00,0x07,0xf8,0x00,0x00,0x0f,0xf8,0x00,0x00,0x1f,0xf0,0x00,0x00,0x1f,0xf0,0x00,0x00,0x3f,0xf0,0x00,0x00,0x3f,
  0xe0,0x00,0x00,0x3f,0xe0,0x00,0x00,0x7f,0xe0,0x00,0x00,0x7f,0xe0,0x00,0x00,0xff,0xc0,0x00,0x00,0xff,0xc0,0x00,0x01,0xff,
  0xc0,0x00,0x01,0xff,0xc0,0x00,0x01,0xff,0x80,0x00,0x03,0xff,0x80,0x00,0x03,0xff,0x80,0x00,0x03,0xff,0x80,0x00,0x03,0xff,
  0x80,0x00,0x07,0xff,0x00,0x00,0x07,0xff,0x00,0x00,0x07,0xff,0x00,0x00,0x0f,0xff,0x00,0x00,0x0f,0xff,0x00,0x00,0x0f,0xff,
  0x00,0x00,0x0f,0xff,0x00,0x00,0x0f,0xff,0x00,0x00,0x0f,0xfe,0x00,0x00,0x1f,0xfe,0x00,0x00,0x1f,0xfe,0x00,0x00,0x1f,0xfe,
  0x00,0x00,0x1f,0xfe,0x00,0x00,0x1f,0xfe,0x00,0x00,0x1f,0xfe,0x00,0x00,0x1f,0xfe,0x00,0x00,0x1f,0xfe,0x00,0x00,0x1f,0xfe,
  0x00,0x00,0x1f,0xfe,0x00,0x00,0x1f,0xfe,0x00,0x00,0x1f,0xfe,0x00,0x00,0x1f,0xfe,0x00,0x00,0x1f,0xfe,0x00,0x00,0x1f,0xfe,
  0x00,0x00,0x1f,0xfe,0x00,0x00,0x0f,0xfe,0x00,0x00,0x0f,0xff,0x00,0x00,0x0f,0xff,0x00,0x00,0x0f,0xff,0x00,0x00,0x0f,0xff,
  0x00,0x00,0x07,0xff,0x00,0x00,0x07,0xff,0x00,0x00,0x07,0xff,0x00,0x00,0x07,0xff,0x80,0x00,0x03,0xff,0x80,0x00,0x03,0xff,
  0x80,0x00,0x03,0xff,0x80,0x00,0x01,0xff,0x80,0x00,0x01,0xff,0xc0,0x00,0x01,0xff,0xc0,0x00,0x00,0xff,0xc0,0x00,0x00,0xff,
  0xc0,0x00,0x00,0x7f,0xe0,0x00,0x00,0x7f,0xe0,0x00,0x00,0x7f,0xe0,0x00,0x00,0x3f,0xe0,0x00,0x00,0x3f,0xf0,0x00,0x00,0x1f,
  0xf0,0x00,0x00,0x1f,0xf0,0x00,0x00,0x0f,0xf8,0x00,0x00,0x07,0xf8,0x00,0x00,0x07,0xfc,0x00,0x00,0x03,0xfc,0x00,0x00,0x03,
  0xfc,0x00,0x00,0x01,0xfe,0x00,0x00,0x00,0xfe,0x00,0x00,0x00,0xff,0x00,0x00,0x00,0x7f,0x00,0x00,0x00,0x3f,0x80,0x00,0x00,
  0x1f,0x80,0x00,0x00,0x1f,0xc0,0x00,0x00,0x0f,0xe0,0x00,0x00,0x07,0xe0,0x00,0x00,0x03,0xf0,0x00,0x00,0x01,0xe0,0x00,0x00,
  0x00,0xc0,0x00,0x00,0x00,0x00,0x00,0x00,0x00,0x00,0x18,0x00,0x00,0x00,0x3c,0x00,0x00,0x00,0x7e,0x00,0x00,0x00,0x3f,0x00,
  0x00,0x00,0x3f,0x80,0x00,0x00,0x1f,0xc0,0x00,0x00,0x0f,0xe0,0x00,0x00,0x0f,0xe0,0x00,0x00,0x07,0xf0,0x00,0x00,0x07,0xf8,
  0x00,0x00,0x03,0xfc,0x00,0x00,0x03,0xfc,0x00,0x00,0x01,0xfe,0x00,0x00,0x01,0xfe,0x00,0x00,0x00,0xff,0x00,0x00,0x00,0xff,
  0x80,0x00,0x00,0xff,0x80,0x00,0x00,0x7f,0xc0,0x00,0x00,0x7f,0xc0,0x00,0x00,0x7f,0xe0,0x00,0x00,0x3f,0xe0,0x00,0x00,0x3f,
  0xf0,0x00,0x00,0x3f,0xf0,0x00,0x00,0x1f,0xf8,0x00,0x00,0x1f,0xf8,0x00,0x00,0x1f,0xf8,0x00,0x00,0x1f,0xfc,0x00,0x00,0x0f,
  0xfc,0x00,0x00,0x0f,0xfc,0x00,0x00,0x0f,0xfe,0x00,0x00,0x0f,0xfe,0x00,0x00,0x0f,0xfe,0x00,0x00,0x0f,0xff,0x00,0x00,0x07,
  0xff,0x00,0x00,0x07,0xff,0x00,0x00,0x07,0xff,0x00,0x00,0x07,0xff,0x80,0x00,0x07,0xff,0x80,0x00,0x07,0xff,0x80,0x00,0x07,
  0xff,0x80,0x00,0x03,0xff,0x80,0x00,0x03,0xff,0xc0,0x00,0x03,0xff,0xc0,0x00,0x03,0xff,0xc0,0x00,0x03,0xff,0xc0,0x00,0x03,
  0xff,0xc0,0x00,0x03,0xff,0xc0,0x00,0x03,0xff,0xc0,0x00,0x03,0xff,0xc0,0x00,0x03,0xff,0xc0,0x00,0x03,0xff,0xc0,0x00,0x03,
  0xff,0xc0,0x00,0x03,0xff,0xc0,0x00,0x03,0xff,0xc0,0x00,0x03,0xff,0xc0,0x00,0x03,0xff,0xc0,0x00,0x03,0xff,0xc0,0x00,0x03,
  0xff,0x80,0x00,0x07,0xff,0x80,0x00,0x07,0xff,0x80,0x00,0x07,0xff,0x80,0x00,0x07,0xff,0x80,0x00,0x07,0xff,0x00,0x00,0x07,
  0xff,0x00,0x00,0x07,0xff,0x00,0x00,0x0f,0xff,0x00,0x00,0x0f,0xfe,0x00,0x00,0x0f,0xfe,0x00,0x00,0x0f,0xfe,0x00,0x00,0x0f,
  0xfc,0x00,0x00,0x0f,0xfc,0x00,0x00,0x1f,0xfc,0x00,0x00,0x1f,0xf8,0x00,0x00,0x1f,0xf8,0x00,0x00,0x1f,0xf8,0x00,0x00,0x3f,
  0xf0,0x00,0x00,0x3f,0xf0,0x00,0x00,0x3f,0xe0,0x00,0x00,0x7f,0xe0,0x00,0x00,0x7f,0xc0,0x00,0x00,0x7f,0xc0,0x00,0x00,0xff,
  0x80,0x00,0x00,0xff,0x80,0x00,0x00,0xff,0x00,0x00,0x01,0xff,0x00,0x00,0x01,0xfe,0x00,0x00,0x01,0xfc,0x00,0x00,0x03,0xfc,
  0x00,0x00,0x03,0xf8,0x00,0x00,0x07,0xf0,0x00,0x00,0x07,0xf0,0x00,0x00,0x0f,0xe0,0x00,0x00,0x0f,0xc0,0x00,0x00,0x1f,0x80,
  0x00,0x00,0x3f,0x80,0x00,0x00,0x3f,0x00,0x00,0x00,0x7e,0x00,0x00,0x00,0x3c,0x00,0x00,0x00,0x18,0x00,0x00,0x00,0x00,0x00,
  0x00,0x00,0x00,0x00,0x00,0x00,0x00,0x00,0x00,0x00,0x00,0x01,0xf0,0x00,0x00,0x00,0x00,0x00,0x03,0xf8,0x00,0x00,0x00,0x00,
  0x00,0x03,0xf8,0x00,0x00,0x00,0x00,0x00,0x07,0xfc,0x00,0x00,0x00,0x00,0x00,0x07,0xfc,0x00,0x00,0x00,0x00,0x00,0x07,0xfc,
  0x00,0x00,0x00,0x00,0x00,0x07,0xfc,0x00,0x00,0x00,0x00,0x00,0x07,0xfc,0x00,0x00,0x00,0x00,0x00,0x07,0xfc,0x00,0x00,0x00,
  0x00,0x00,0x07,0xfc,0x00,0x00,0x00,0x00,0x00,0x03,0xfc,0x00,0x00,0x00,0x00,0x00,0x03,0xf8,0x00,0x00,0x00,0x03,0xe0,0x03,
  0xf8,0x00,0xf8,0x00,0x07,0xfc,0x03,0xf8,0x07,0xfc,0x00,0x07,0xff,0x03,0xf8,0x1f,0xfc,0x00,0x0f,0xff,0xc1,0xf8,0x7f,0xfe,
  0x00,0x0f,0xff,0xf1,0xf1,0xff,0xfe,0x00,0x0f,0xff,0xf9,0xf3,0xff,0xfe,0x00,0x07,0xff,0xff,0xff,0xff,0xfc,0x00,0x03,0xff,
  0xff,0xff,0xff,0xf8,0x00,0x01,0xff,0xff,0xff,0xff,0xf0,0x00,0x00,0x7f,0xff,0xff,0xff,0xc0,0x00,0x00,0x03,0xff,0xff,0xf8,
  0x00,0x00,0x00,0x00,0x03,0xf8,0x00,0x00,0x00,0x00,0x00,0x0f,0xfe,0x00,0x00,0x00,0x00,0x00,0x1f,0xff,0x00,0x00,0x00,0x00,
  0x00,0x3f,0xbf,0x80,0x00,0x00,0x00,0x00,0x7f,0xbf,0xc0,0x00,0x00,0x00,0x00,0xff,0x1f,0xe0,0x00,0x00,0x00,0x01,0xff,0x1f,
  0xf0,0x00,0x00,0x00,0x03,0xff,0x0f,0xf8,0x00,0x00,0x00,0x07,0xfe,0x0f,0xfc,0x00,0x00,0x00,0x0f,0xfe,0x0f,0xfe,0x00,0x00,
  0x00,0x0f,0xfc,0x07,0xfe,0x00,0x00,0x00,0x1f,0xfc,0x07,0xff,0x00,0x00,0x00,0x1f,0xf8,0x03,0xff,0x00,0x00,0x00,0x1f,0xf8,
  0x03,0xff,0x00,0x00,0x00,0x1f,0xf0,0x01,0xff,0x00,0x00,0x00,0x1f,0xe0,0x00,0xff,0x00,0x00,0x00,0x0f,0xc0,0x00,0x7e,0x00,
  0x00,0x00,0x07,0x80,0x00,0x3c,0x00,0x00,0x00,0x00,0x00,0x00,0x00,0x00,0x00,0x00,0x00,0x00,0x00,0x00,0x00,0x00,0x00,0x00,
  0x00,0x00,0x00,0x00,0x00,0x00,0x00,0x00,0x00,0x00,0x00,0x00,0x00,0x00,0x00,0x00,0x00,0x00,0x00,0x00,0x00,0x00,0x00,0x00,
  0x00,0x00,0x00,0x00,0x00,0x00,0x00,0x00,0x00,0x00,0x00,0x00,0x00,0x00,0x00,0x00,0x00,0x00,0x00,0x00,0x00,0x00,0x00,0x00,
  0x00,0x00,0x00,0x00,0x00,0x00,0x00,0x00,0x00,0x00,0x00,0x00,0x00,0x00,0x00,0x00,0x00,0x00,0x00,0x00,0x00,0x00,0x00,0x00,
  0x00,0x00,0x00,0x00,0x00,0x00,0x00,0x00,0x00,0x00,0x00,0x00,0x00,0x00,0x00,0x00,0x00,0x00,0x00,0x00,0x00,0x00,0x00,0x00,
  0x00,0x00,0x00,0x00,0x00,0x00,0x00,0x00,0x00,0x00,0x00,0x00,0x00,0x00,0x00,0x00,0x00,0x00,0x00,0x00,0x00,0x00,0x00,0x00,
  0x00,0x00,0x00,0x00,0x00,0x00,0x00,0x00,0x00,0x00,0x00,0x00,0x00,0x00,0x00,0x00,0x00,0x00,0x00,0x00,0x00,0x00,0x00,0x00,
  0x00,0x00,0x00,0x00,0x00,0x00,0x00,0x00,0x00,0x00,0x00,0x00,0x00,0x00,0x00,0x00,0x00,0x00,0x00,0x00,0x00,0x00,0x00,0x00,
  0x00,0x00,0x00,0x00,0x00,0x00,0x00,0x00,0x00,0x00,0x00,0x00,0x00,0x00,0x03,0xf8,0x00,0x00,0x00,0x00,0x00,0x03,0xf8,0x00,
  0x00,0x00,0x00,0x00,0x03,0xf8,0x00,0x00,0x00,0x00,0x00,0x03,0xf8,0x00,0x00,0x00,0x00,0x00,0x03,0xf8,0x00,0x00,0x00,0x00,
  0x00,0x03,0xf8,0x00,0x00,0x00,0x00,0x00,0x03,0xf8,0x00,0x00,0x00,0x00,0x00,0x03,0xf8,0x00,0x00,0x00,0x00,0x00,0x03,0xf8,
  0x00,0x00,0x00,0x00,0x00,0x03,0xf8,0x00,0x00,0x00,0x00,0x00,0x03,0xf8,0x00,0x00,0x00,0x00,0x00,0x03,0xf8,0x00,0x00,0x00,
  0x00,0x00,0x03,0xf8,0x00,0x00,0x00,0x00,0x00,0x03,0xf8,0x00,0x00,0x00,0x00,0x00,0x03,0xf8,0x00,0x00,0x00,0x00,0x00,0x03,
  0xf8,0x00,0x00,0x00,0x00,0x00,0x03,0xf8,0x00,0x00,0x00,0x00,0x00,0x03,0xf8,0x00,0x00,0x00,0x0f,0xff,0xff,0xff,0xff,0xfe,
  0x00,0x0f,0xff,0xff,0xff,0xff,0xfe,0x00,0x0f,0xff,0xff,0xff,0xff,0xfe,0x00,0x0f,0xff,0xff,0xff,0xff,0xfe,0x00,0x0f,0xff,
  0xff,0xff,0xff,0xfe,0x00,0x0f,0xff,0xff,0xff,0xff,0xfe,0x00,0x0f,0xff,0xff,0xff,0xff,0xfe,0x00,0x00,0x00,0x03,0xf8,0x00,
  0x00,0x00,0x00,0x00,0x03,0xf8,0x00,0x00,0x00,0x00,0x00,0x03,0xf8,0x00,0x00,0x00,0x00,0x00,0x03,0xf8,0x00,0x00,0x00,0x00,
  0x00,0x03,0xf8,0x00,0x00,0x00,0x00,0x00,0x03,0xf8,0x00,0x00,0x00,0x00,0x00,0x03,0xf8,0x00,0x00,0x00,0x00,0x00,0x03,0xf8,
  0x00,0x00,0x00,0x00,0x00,0x03,0xf8,0x00,0x00,0x00,0x00,0x00,0x03,0xf8,0x00,0x00,0x00,0x00,0x00,0x03,0xf8,0x00,0x00,0x00,
  0x00,0x00,0x03,0xf8,0x00,0x00,0x00,0x00,0x00,0x03,0xf8,0x00,0x00,0x00,0x00,0x00,0x03,0xf8,0x00,0x00,0x00,0x00,0x00,0x03,
  0xf8,0x00,0x00,0x00,0x00,0x00,0x03,0xf8,0x00,0x00,0x00,0x00,0x00,0x03,0xf8,0x00,0x00,0x00,0x00,0x00,0x03,0xf8,0x00,0x00,
  0x00,0x00,0x00,0x03,0xf8,0x00,0x00,0x00,0x00,0x00,0x00,0x00,0x00,0x00,0x00,0x00,0x00,0x00,0x00,0x00,0x00,0x00,0x00,0x00,
  0x00,0x00,0x00,0x00,0x00,0x00,0x00,0x00,0x00,0x00,0x00,0x00,0x00,0x00,0x00,0x00,0x00,0x00,0x00,0x00,0x00,0x00,0x00,0x00,
  0x00,0x00,0x00,0x00,0x00,0x00,0x00,0x00,0x00,0x00,0x00,0x00,0x00,0x00,0x00,0x00,0x00,0x00,0x00,0x00,0x00,0x00,0x00,0x00,
  0x00,0x00,0x00,0x00,0x00,0x00,0x00,0x00,0x00,0x00,0x00,0x00,0x00,0x00,0x00,0x00,0x00,0x00,0x00,0x00,0x00,0x00,0x00,0x00,
  0x00,0x00,0x00,0x00,0x7e,0x00,0x01,0xff,0x00,0x03,0xff,0xc0,0x03,0xff,0xc0,0x07,0xff,0xe0,0x07,0xff,0xe0,0x07,0xff,0xf0,
  0x07,0xff,0xf0,0x07,0xff,0xf0,0x07,0xff,0xf0,0x03,0xff,0xf0,0x01,0xff,0xf0,0x00,0x7f,0xf0,0x00,0x07,0xf0,0x00,0x07,0xe0,
  0x00,0x07,0xe0,0x00,0x07,0xe0,0x00,0x07,0xe0,0x00,0x07,0xc0,0x00,0x0f,0xc0,0x00,0x0f,0xc0,0x00,0x0f,0x80,0x00,0x1f,0x80,
  0x00,0x1f,0x00,0x00,0x3f,0x00,0x00,0x3e,0x00,0x00,0x7c,0x00,0x00,0xfc,0x00,0x00,0x78,0x00,0x00,0x30,0x00,0x00,0x00,0x00,
  0x07,0xff,0xff,0xff,0xff,0x00,0x07,0xff,0xff,0xff,0xff,0x00,0x07,0xff,0xff,0xff,0xff,0x00,0x07,0xff,0xff,0xff,0xff,0x00,
  0x07,0xff,0xff,0xff,0xff,0x00,0x07,0xff,0xff,0xff,0xff,0x00,0x07,0xff,0xff,0xff,0xff,0x00,0x07,0xff,0xff,0xff,0xff,0x00,
  0x07,0xff,0xff,0xff,0xff,0x00,0x00,0x00,0x00,0x00,0x00,0x00,0x00,0x00,0x00,0x00,0x00,0x00,0x00,0x00,0x00,0x00,0x00,0x00,
  0x00,0x00,0x00,0x00,0x00,0x00,0x00,0x00,0x00,0x00,0x00,0x00,0x00,0x00,0x00,0x00,0x00,0x00,0x00,0x00,0x00,0x00,0x00,0x00,
  0x00,0x00,0x00,0x00,0x00,0x00,0x00,0x00,0x00,0x00,0x00,0x00,0x00,0x00,0x00,0x00,0x00,0x00,0x00,0x00,0x00,0x00,0x00,0x00,
  0x00,0x00,0x00,0x00,0x00,0x00,0x00,0x00,0x00,0x00,0x00,0x00,0x00,0x00,0x00,0x00,0x00,0x00,0x00,0x00,0x00,0x00,0x00,0x00,
  0x00,0x00,0x00,0x00,0x00,0x00,0x00,0x00,0x00,0x00,0x00,0x00,0x00,0x00,0x00,0x00,0x00,0x00,0x00,0x00,0x00,0x00,0x00,0x00,
  0x00,0x00,0x00,0x00,0x00,0x00,0x00,0x00,0x00,0x00,0x00,0x00,0x00,0x00,0x00,0x00,0x00,0x00,0x00,0x00,0x00,0x00,0x00,0x00,
  0x00,0x00,0x00,0x00,0x00,0x00,0x00,0x00,0x00,0x00,0x00,0x00,0x00,0x00,0x00,0x00,0x00,0x00,0x00,0x7c,0x00,0x00,0xfe,0x00,
  0x01,0xff,0x00,0x03,0xff,0x80,0x07,0xff,0x80,0x07,0xff,0xc0,0x07,0xff,0xc0,0x07,0xff,0xc0,0x07,0xff,0xc0,0x07,0xff,0x80,
  0x03,0xff,0x80,0x03,0xff,0x00,0x01,0xfe,0x00,0x00,0x7c,0x00,0x00,0x00,0x00,0x00,0x00,0x00,0x00,0x00,0x00,0x00,0x00,0x00,
  0x00,0x00,0x00,0x00,0xc0,0x00,0x00,0x00,0x00,0x00,0x00,0x00,0x00,0xf0,0x00,0x00,0x00,0x00,0x00,0x00,0x00,0x01,0xf8,0x00,
  0x00,0x00,0x00,0x00,0x00,0x00,0x03,0xfe,0x00,0x00,0x00,0x00,0x00,0x00,0x00,0x03,0xff,0x00,0x00,0x00,0x00,0x00,0x00,0x00,
  0x07,0xff,0x00,0x00,0x00,0x00,0x00,0x00,0x00,0x07,0xff,0x00,0x00,0x00,0x00,0x00,0x00,0x00,0x0f,0xfe,0x00,0x00,0x00,0x00,
  0x00,0x00,0x00,0x0f,0xfc,0x00,0x00,0x00,0x00,0x00,0x00,0x00,0x1f,0xfc,0x00,0x00,0x00,0x00,0x00,0x00,0x00,0x3f,0xf8,0x00,
  0x00,0x00,0x00,0x00,0x00,0x00,0x3f,0xf8,0x00,0x00,0x00,0x00,0x00,0x00,0x00,0x7f,0xf0,0x00,0x00,0x00,0x00,0x00,0x00,0x00,
  0x7f,0xe0,0x00,0x00,0x00,0x00,0x00,0x00,0x00,0xff,0xe0,0x00,0x00,0x00,0x00,0x00,0x00,0x00,0xff,0xc0,0x00,0x00,0x00,0x00,
  0x00,0x00,0x01,0xff,0xc0,0x00,0x00,0x00,0x00,0x00,0x00,0x03,0xff,0x80,0x00,0x00,0x00,0x00,0x00,0x00,0x03,0xff,0x80,0x00,
  0x00,0x00,0x00,0x00,0x00,0x07,0xff,0x00,0x00,0x00,0x00,0x00,0x00,0x00,0x07,0xfe,0x00,0x00,0x00,0x00,0x00,0x00,0x00,0x0f,
  0xfe,0x00,0x00,0x00,0x00,0x00,0x00,0x00,0x0f,0xfc,0x00,0x00,0x00,0x00,0x00,0x00,0x00,0x1f,0xfc,0x00,0x00,0x00,0x00,0x00,
  0x00,0x00,0x3f,0xf8,0x00,0x00,0x00,0x00,0x00,0x00,0x00,0x3f,0xf0,0x00,0x00,0x00,0x00,0x00,0x00,0x00,0x7f,0xf0,0x00,0x00,
  0x00,0x00,0x00,0x00,0x00,0x7f,0xe0,0x00,0x00,0x00,0x00,0x00,0x00,0x00,0xff,0xe0,0x00,0x00,0x00,0x00,0x00,0x00,0x00,0xff,
  0xc0,0x00,0x00,0x00,0x00,0x00,0x00,0x01,0xff,0xc0,0x00,0x00,0x00,0x00,0x00,0x00,0x03,0xff,0x80,0x00,0x00,0x00,0x00,0x00,
  0x00,0x03,0xff,0x00,0x00,0x00,0x00,0x00,0x00,0x00,0x07,0xff,0x00,0x00,0x00,0x00,0x00,0x00,0x00,0x07,0xfe,0x00,0x00,0x00,
  0x00,0x00,0x00,0x00,0x0f,0xfe,0x00,0x00,0x00,0x00,0x00,0x00,0x00,0x0f,0xfc,0x00,0x00,0x00,0x00,0x00,0x00,0x00,0x1f,0xf8,
  0x00,0x00,0x00,0x00,0x00,0x00,0x00,0x3f,0xf8,0x00,0x00,0x00,0x00,0x00,0x00,0x00,0x3f,0xf0,0x00,0x00,0x00,0x00,0x00,0x00,
  0x00,0x7f,0xf0,0x00,0x00,0x00,0x00,0x00,0x00,0x00,0x7f,0xe0,0x00,0x00,0x00,0x00,0x00,0x00,0x00,0xff,0xc0,0x00,0x00,0x00,
  0x00,0x00,0x00,0x00,0xff,0xc0,0x00,0x00,0x00,0x00,0x00,0x00,0x01,0xff,0x80,0x00,0x00,0x00,0x00,0x00,0x00,0x03,0xff,0x80,
  0x00,0x00,0x00,0x00,0x00,0x00,0x03,0xff,0x00,0x00,0x00,0x00,0x00,0x00,0x00,0x07,0xff,0x00,0x00,0x00,0x00,0x00,0x00,0x00,
  0x07,0xfe,0x00,0x00,0x00,0x00,0x00,0x00,0x00,0x0f,0xfc,0x00,0x00,0x00,0x00,0x00,0x00,0x00,0x0f,0xfc,0x00,0x00,0x00,0x00,
  0x00,0x00,0x00,0x1f,0xf8,0x00,0x00,0x00,0x00,0x00,0x00,0x00,0x3f,0xf8,0x00,0x00,0x00,0x00,0x00,0x00,0x00,0x3f,0xf0,0x00,
  0x00,0x00,0x00,0x00,0x00,0x00,0x7f,0xe0,0x00,0x00,0x00,0x00,0x00,0x00,0x00,0x7f,0xe0,0x00,0x00,0x00,0x00,0x00,0x00,0x00,
  0xff,0xc0,0x00,0x00,0x00,0x00,0x00,0x00,0x00,0xff,0xc0,0x00,0x00,0x00,0x00,0x00,0x00,0x01,0xff,0x80,0x00,0x00,0x00,0x00,
  0x00,0x00,0x03,0xff,0x00,0x00,0x00,0x00,0x00,0x00,0x00,0x03,0xff,0x00,0x00,0x00,0x00,0x00,0x00,0x00,0x07,0xfe,0x00,0x00,
  0x00,0x00,0x00,0x00,0x00,0x07,0xfe,0x00,0x00,0x00,0x00,0x00,0x00,0x00,0x0f,0xfc,0x00,0x00,0x00,0x00,0x00,0x00,0x00,0x0f,
  0xfc,0x00,0x00,0x00,0x00,0x00,0x00,0x00,0x1f,0xf8,0x00,0x00,0x00,0x00,0x00,0x00,0x00,0x3f,0xf0,0x00,0x00,0x00,0x00,0x00,
  0x00,0x00,0x3f,0xf0,0x00,0x00,0x00,0x00,0x00,0x00,0x00,0x7f,0xe0,0x00,0x00,0x00,0x00,0x00,0x00,0x00,0x7f,0xe0,0x00,0x00,
  0x00,0x00,0x00,0x00,0x00,0xff,0xc0,0x00,0x00,0x00,0x00,0x00,0x00,0x00,0xff,0x80,0x00,0x00,0x00,0x00,0x00,0x00,0x01,0xff,
  0x80,0x00,0x00,0x00,0x00,0x00,0x00,0x03,0xff,0x00,0x00,0x00,0x00,0x00,0x00,0x00,0x03,0xff,0x00,0x00,0x00,0x00,0x00,0x00,
  0x00,0x07,0xfe,0x00,0x00,0x00,0x00,0x00,0x00,0x00,0x07,0xfc,0x00,0x00,0x00,0x00,0x00,0x00,0x00,0x0f,0xfc,0x00,0x00,0x00,
  0x00,0x00,0x00,0x00,0x0f,0xf8,0x00,0x00,0x00,0x00,0x00,0x00,0x00,0x1f,0xf8,0x00,0x00,0x00,0x00,0x00,0x00,0x00,0x3f,0xf0,
  0x00,0x00,0x00,0x00,0x00,0x00,0x00,0x3f,0xf0,0x00,0x00,0x00,0x00,0x00,0x00,0x00,0x7f,0xe0,0x00,0x00,0x00,0x00,0x00,0x00,
  0x00,0x7f,0xc0,0x00,0x00,0x00,0x00,0x00,0x00,0x00,0xff,0xc0,0x00,0x00,0x00,0x00,0x00,0x00,0x00,0xff,0x80,0x00,0x00,0x00,
  0x00,0x00,0x00,0x01,0xff,0x80,0x00,0x00,0x00,0x00,0x00,0x00,0x03,0xff,0x00,0x00,0x00,0x00,0x00,0x00,0x00,0x03,0xfe,0x00,
  0x00,0x00,0x00,0x00,0x00,0x00,0x07,0xfe,0x00,0x00,0x00,0x00,0x00,0x00,0x00,0x07,0xfc,0x00,0x00,0x00,0x00,0x00,0x00,0x00,
  0x0f,0xfc,0x00,0x00,0x00,0x00,0x00,0x00,0x00,0x0f,0xf8,0x00,0x00,0x00,0x00,0x00,0x00,0x00,0x1f,0xf8,0x00,0x00,0x00,0x00,
  0x00,0x00,0x00,0x1f,0xf0,0x00,0x00,0x00,0x00,0x00,0x00,0x00,0x1f,0xe0,0x00,0x00,0x00,0x00,0x00,0x00,0x00,0x07,0xe0,0x00,
  0x00,0x00,0x00,0x00,0x00,0x00,0x03,0xc0,0x00,0x00,0x00,0x00,0x00,0x00,0x00,0x00,0xc0,0x00,0x00,0x00,0x00,0x00,0x00,0x00,
  0x00,0x00,0x00,0x00,0x00,0x00,0x00,0x00,0x00,0x00,0x00,0x00,0x3f,0xf0,0x00,0x00,0x00,0x00,0x00,0x01,0xff,0xfe,0x00,0x00,
  0x00,0x00,0x00,0x07,0xff,0xff,0x80,0x00,0x00,0x00,0x00,0x1f,0xff,0xff,0xe0,0x00,0x00,0x00,0x00,0x3f,0xff,0xff,0xf0,0x00,
  0x00,0x00,0x00,0x7f,0xff,0xff,0xfc,0x00,0x00,0x00,0x00,0xff,0xe0,0x3f,0xfe,0x00,0x00,0x00,0x01,0xff,0xc0,0x0f,0xff,0x00,
  0x00,0x00,0x03,0xff,0x00,0x07,0xff,0x00,0x00,0x00,0x07,0xff,0x00,0x03,0xff,0x80,0x00,0x00,0x0f,0xfe,0x00,0x01,0xff,0xc0,
  0x00,0x00,0x0f,0xfc,0x00,0x01,0xff,0xc0,0x00,0x00,0x1f,0xfc,0x00,0x00,0xff,0xe0,0x00,0x00,0x3f,0xf8,0x00,0x00,0xff,0xe0,
  0x00,0x00,0x3f,0xf8,0x00,0x00,0xff,0xf0,0x00,0x00,0x7f,0xf0,0x00,0x00,0x7f,0xf0,0x00,0x00,0x7f,0xf0,0x00,0x00,0x7f,0xf8,
  0x00,0x00,0xff,0xf0,0x00,0x00,0x7f,0xf8,0x00,0x00,0xff,0xf0,0x00,0x00,0x3f,0xf8,0x00,0x00,0xff,0xe0,0x00,0x00,0x3f,0xfc,
  0x00,0x01,0xff,0xe0,0x00,0x00,0x3f,0xfc,0x00,0x01,0xff,0xe0,0x00,0x00,0x3f,0xfc,0x00,0x01,0xff,0xe0,0x00,0x00,0x3f,0xfe,
  0x00,0x01,0xff,0xe0,0x00,0x00,0x1f,0xfe,0x00,0x03,0xff,0xe0,0x00,0x00,0x1f,0xfe,0x00,0x03,0xff,0xc0,0x00,0x00,0x1f,0xfe,
  0x00,0x03,0xff,0xc0,0x00,0x00,0x1f,0xfe,0x00,0x03,0xff,0xc0,0x00,0x00,0x1f,0xfe,0x00,0x03,0xff,0xc0,0x00,0x00,0x1f,0xff,
  0x00,0x07,0xff,0xc0,0x00,0x00,0x1f,0xff,0x00,0x07,0xff,0xc0,0x00,0x00,0x1f,0xff,0x00,0x07,0xff,0xc0,0x00,0x00,0x1f,0xff,
  0x00,0x07,0xff,0xc0,0x00,0x00,0x1f,0xff,0x00,0x07,0xff,0xc0,0x00,0x00,0x1f,0xff,0x00,0x07,0xff,0xc0,0x00,0x00,0x1f,0xff,
  0x00,0x07,0xff,0xc0,0x00,0x00,0x1f,0xff,0x00,0x07,0xff,0xc0,0x00,0x00,0x1f,0xff,0x00,0x07,0xff,0xc0,0x00,0x00,0x1f,0xff,
  0x00,0x07,0xff,0xc0,0x00,0x00,0x1f,0xff,0x00,0x07,0xff,0xc0,0x00,0x00,0x1f,0xff,0x00,0x07,0xff,0xc0,0x00,0x00,0x1f,0xff,
  0x00,0x07,0xff,0xc0,0x00,0x00,0x1f,0xff,0x00,0x07,0xff,0xc0,0x00,0x00,0x1f,0xfe,0x00,0x03,0xff,0xc0,0x00,0x00,0x1f,0xfe,
  0x00,0x03,0xff,0xc0,0x00,0x00,0x1f,0xfe,0x00,0x03,0xff,0xc0,0x00,0x00,0x1f,0xfe,0x00,0x03,0xff,0xc0,0x00,0x00,0x1f,0xfe,
  0x00,0x03,0xff,0xc0,0x00,0x00,0x1f,0xfe,0x00,0x03,0xff,0xe0,0x00,0x00,0x1f,0xfc,0x00,0x01,0xff,0xe0,0x00,0x00,0x3f,0xfc,
  0x00,0x01,0xff,0xe0,0x00,0x00,0x3f,0xfc,0x00,0x01,0xff,0xe0,0x00,0x00,0x3f,0xf8,0x00,0x01,0xff,0xe0,0x00,0x00,0x3f,0xf8,
  0x00,0x00,0xff,0xf0,0x00,0x00,0x3f,0xf8,0x00,0x00,0xff,0xf0,0x00,0x00,0x7f,0xf0,0x00,0x00,0x7f,0xf0,0x00,0x00,0x7f,0xf0,
  0x00,0x00,0x7f,0xf8,0x00,0x00,0x7f,0xe0,0x00,0x00,0x7f,0xf8,0x00,0x00,0xff,0xe0,0x00,0x00,0x3f,0xf8,0x00,0x00,0xff,0xc0,
  0x00,0x00,0x1f,0xfc,0x00,0x00,0xff,0xc0,0x00,0x00,0x1f,0xfe,0x00,0x01,0xff,0x80,0x00,0x00,0x0f,0xfe,0x00,0x03,0xff,0x00,
  0x00,0x00,0x07,0xff,0x00,0x07,0xff,0x00,0x00,0x00,0x07,0xff,0x80,0x0f,0xfe,0x00,0x00,0x00,0x03,0xff,0xe0,0x1f,0xfc,0x00,
  0x00,0x00,0x01,0xff,0xff,0xff,0xf8,0x00,0x00,0x00,0x00,0x7f,0xff,0xff,0xf0,0x00,0x00,0x00,0x00,0x3f,0xff,0xff,0xc0,0x00,
  0x00,0x00,0x00,0x0f,0xff,0xff,0x80,0x00,0x00,0x00,0x00,0x03,0xff,0xfe,0x00,0x00,0x00,0x00,0x00,0x00,0x7f,0xe0,0x00,0x00,
  0x00,0x00,0x00,0x03,0xc0,0x00,0x00,0x00,0x0f,0xc0,0x00,0x00,0x00,0x1f,0xc0,0x00,0x00,0x00,0x7f,0xc0,0x00,0x00,0x00,0xff,
  0xc0,0x00,0x00,0x01,0xff,0xc0,0x00,0x00,0x07,0xff,0xc0,0x00,0x00,0x0f,0xff,0xc0,0x00,0x00,0x1f,0xff,0xc0,0x00,0x00,0x7f,
  0xff,0xc0,0x00,0x00,0xff,0xff,0xc0,0x00,0x01,0xff,0xff,0xc0,0x00,0x07,0xff,0xff,0xc0,0x00,0x0f,0xff,0xff,0xc0,0x00,0x1f,
  0xfb,0xff,0xc0,0x00,0x7f,0xf3,0xff,0xc0,0x00,0x7f,0xc3,0xff,0xc0,0x00,0x7f,0x83,0xff,0xc0,0x00,0x3e,0x03,0xff,0xc0,0x00,
  0x1c,0x03,0xff,0xc0,0x00,0x10,0x03,0xff,0xc0,0x00,0x00,0x03,0xff,0xc0,0x00,0x00,0x03,0xff,0xc0,0x00,0x00,0x03,0xff,0xc0,
  0x00,0x00,0x03,0xff,0xc0,0x00,0x00,0x03,0xff,0xc0,0x00,0x00,0x03,0xff,0xc0,0x00,0x00,0x03,0xff,0xc0,0x00,0x00,0x03,0xff,
  0xc0,0x00,0x00,0x03,0xff,0xc0,0x00,0x00,0x03,0xff,0xc0,0x00,0x00,0x03,0xff,0xc0,0x00,0x00,0x03,0xff,0xc0,0x00,0x00,0x03,
  0xff,0xc0,0x00,0x00,0x03,0xff,0xc0,0x00,0x00,0x03,0xff,0xc0,0x00,0x00,0x03,0xff,0xc0,0x00,0x00,0x03,0xff,0xc0,0x00,0x00,
  0x03,0xff,0xc0,0x00,0x00,0x03,0xff,0xc0,0x00,0x00,0x03,0xff,0xc0,0x00,0x00,0x03,0xff,0xc0,0x00,0x00,0x03,0xff,0xc0,0x00,
  0x00,0x03,0xff,0xc0,0x00,0x00,0x03,0xff,0xc0,0x00,0x00,0x03,0xff,0xc0,0x00,0x00,0x03,0xff,0xc0,0x00,0x00,0x03,0xff,0xc0,
  0x00,0x00,0x03,0xff,0xc0,0x00,0x00,0x03,0xff,0xc0,0x00,0x00,0x03,0xff,0xc0,0x00,0x00,0x03,0xff,0xc0,0x00,0x00,0x03,0xff,
  0xc0,0x00,0x00,0x03,0xff,0xc0,0x00,0x00,0x03,0xff,0xc0,0x00,0x00,0x03,0xff,0xc0,0x00,0x00,0x03,0xff,0xc0,0x00,0x00,0x03,
  0xff,0xc0,0x00,0x00,0x03,0xff,0xc0,0x00,0x00,0x03,0xff,0xc0,0x00,0x00,0x03,0xff,0xc0,0x00,0x00,0x07,0xff,0xc0,0x00,0x00,
  0x07,0xff,0xc0,0x00,0x00,0x0f,0xff,0xc0,0x00,0x00,0x3f,0xff,0xff,0xc0,0x01,0xff,0xff,0xff,0xc0,0x01,0xff,0xff,0xff,0xc0,
  0x01,0xff,0xff,0xff,0xc0,0x01,0xff,0xff,0xff,0xc0,0x01,0xff,0xff,0xff,0xc0,0x00,0x00,0x1f,0xfc,0x00,0x00,0x00,0x00,0x00,
  0xff,0xff,0xc0,0x00,0x00,0x00,0x07,0xff,0xff,0xf0,0x00,0x00,0x00,0x0f,0xff,0xff,0xfc,0x00,0x00,0x00,0x3f,0xff,0xff,0xff,
  0x00,0x00,0x00,0x7f,0xff,0xff,0xff,0x80,0x00,0x00,0xff,0xe0,0x1f,0xff,0xc0,0x00,0x01,0xff,0x80,0x07,0xff,0xe0,0x00,0x03,
  0xff,0x00,0x03,0xff,0xe0,0x00,0x03,0xfe,0x00,0x01,0xff,0xf0,0x00,0x07,0xfc,0x00,0x01,0xff,0xf0,0x00,0x07,0xfe,0x00,0x00,
  0xff,0xf8,0x00,0x0f,0xfe,0x00,0x00,0xff,0xf8,0x00,0x0f,0xff,0x00,0x00,0xff,0xf8,0x00,0x0f,0xff,0x00,0x00,0x7f,0xf8,0x00,
  0x0f,0xff,0x00,0x00,0x7f,0xfc,0x00,0x0f,0xff,0x00,0x00,0x7f,0xfc,0x00,0x07,0xff,0x00,0x00,0x7f,0xfc,0x00,0x07,0xfe,0x00,
  0x00,0x7f,0xfc,0x00,0x03,0xfc,0x00,0x00,0x7f,0xfc,0x00,0x01,0xf8,0x00,0x00,0x7f,0xf8,0x00,0x00,0x00,0x00,0x00,0x7f,0xf8,
  0x00,0x00,0x00,0x00,0x00,0x7f,0xf8,0x00,0x00,0x00,0x00,0x00,0xff,0xf8,0x00,0x00,0x00,0x00,0x00,0xff,0xf0,0x00,0x00,0x00,
  0x00,0x00,0xff,0xf0,0x00,0x00,0x00,0x00,0x01,0xff,0xe0,0x00,0x00,0x00,0x00,0x01,0xff,0xe0,0x00,0x00,0x00,0x00,0x01,0xff,
  0xc0,0x00,0x00,0x00,0x00,0x03,0xff,0x80,0x00,0x00,0x00,0x00,0x07,0xff,0x00,0x00,0x00,0x00,0x00,0x07,0xff,0x00,0x00,0x00,
  0x00,0x00,0x0f,0xfe,0x00,0x00,0x00,0x00,0x00,0x1f,0xfc,0x00,0x00,0x00,0x00,0x00,0x1f,0xf8,0x00,0x00,0x00,0x00,0x00,0x3f,
  0xf0,0x00,0x00,0x00,0x00,0x00,0x7f,0xe0,0x00,0x00,0x00,0x00,0x00,0xff,0xc0,0x00,0x00,0x00,0x00,0x01,0xff,0x80,0x00,0x00,
  0x00,0x00,0x03,0xff,0x00,0x00,0x00,0x00,0x00,0x07,0xfe,0x00,0x00,0x00,0x00,0x00,0x0f,0xfc,0x00,0x00,0x00,0x00,0x00,0x1f,
  0xf0,0x00,0x00,0x00,0x00,0x00,0x3f,0xe0,0x00,0x00,0x00,0x00,0x00,0x7f,0xc0,0x00,0x00,0x00,0x00,0x00,0xff,0x80,0x00,0x00,
  0x00,0x00,0x01,0xff,0x00,0x00,0x00,0x00,0x00,0x03,0xfe,0x00,0x00,0x00,0x00,0x00,0x07,0xfc,0x00,0x00,0x00,0x00,0x00,0x0f,
  0xf8,0x00,0x00,0x00,0x00,0x00,0x1f,0xf0,0x00,0x00,0x00,0x00,0x00,0x3f,0xe0,0x00,0x00,0x00,0x00,0x00,0x7f,0xc0,0x00,0x00,
  0x00,0x00,0x00,0x7f,0x80,0x00,0x00,0x00,0x00,0x00,0xff,0x00,0x00,0x00,0x7c,0x00,0x00,0xff,0x00,0x00,0x00,0x7c,0x00,0x01,
  0xfe,0x00,0x00,0x00,0x7c,0x00,0x03,0xfc,0x00,0x00,0x00,0xfc,0x00,0x03,0xfc,0x00,0x00,0x01,0xfc,0x00,0x03,0xfc,0x00,0x00,
  0x07,0xfc,0x00,0x07,0xff,0xff,0xff,0xff,0xfc,0x00,0x07,0xff,0xff,0xff,0xff,0xfc,0x00,0x07,0xff,0xff,0xff,0xff,0xfc,0x00,
  0x0f,0xff,0xff,0xff,0xff,0xfc,0x00,0x0f,0xff,0xff,0xff,0xff,0xfc,0x00,0x0f,0xff,0xff,0xff,0xff,0xfc,0x00,0x0f,0xff,0xff,
  0xff,0xff,0xfc,0x00,0x0f,0xff,0xff,0xff,0xff,0xfc,0x00,0x0f,0xff,0xff,0xff,0xff,0xfc,0x00,0x00,0x00,0x07,0xff,0x00,0x00,
  0x00,0x00,0x00,0x7f,0xff,0xf0,0x00,0x00,0x00,0x01,0xff,0xff,0xfc,0x00,0x00,0x00,0x07,0xff,0xff,0xff,0x00,0x00,0x00,0x0f,
  0xff,0xff,0xff,0x80,0x00,0x00,0x1f,0xff,0xff,0xff,0xc0,0x00,0x00,0x3f,0xf8,0x0f,0xff,0xe0,0x00,0x00,0x7f,0xe0,0x03,0xff,
  0xf0,0x00,0x00,0xff,0xc0,0x01,0xff,0xf8,0x00,0x00,0xff,0x80,0x00,0xff,0xf8,0x00,0x01,0xff,0x00,0x00,0x7f,0xfc,0x00,0x01,
  0xff,0x00,0x00,0x7f,0xfc,0x00,0x03,0xff,0x80,0x00,0x7f,0xfc,0x00,0x03,0xff,0x80,0x00,0x7f,0xfc,0x00,0x03,0xff,0x80,0x00,
  0x3f,0xfe,0x00,0x03,0xff,0x80,0x00,0x3f,0xfe,0x00,0x03,0xff,0x80,0x00,0x3f,0xfe,0x00,0x03,0xff,0x80,0x00,0x3f,0xfe,0x00,
  0x01,0xff,0x00,0x00,0x3f,0xfe,0x00,0x00,0xfe,0x00,0x00,0x3f,0xfc,0x00,0x00,0x7c,0x00,0x00,0x3f,0xfc,0x00,0x00,0x00,0x00,
  0x00,0x3f,0xfc,0x00,0x00,0x00,0x00,0x00,0x7f,0xf8,0x00,0x00,0x00,0x00,0x00,0x7f,0xf8,0x00,0x00,0x00,0x00,0x00,0xff,0xf0,
  0x00,0x00,0x00,0x00,0x00,0xff,0xf0,0x00,0x00,0x00,0x00,0x01,0xff,0xe0,0x00,0x00,0x00,0x00,0x03,0xff,0xc0,0x00,0x00,0x00,
  0x00,0x07,0xff,0x80,0x00,0x00,0x00,0x00,0x1f,0xfe,0x00,0x00,0x00,0x00,0x00,0x7f,0xfc,0x00,0x00,0x00,0x00,0x7f,0xff,0xf0,
  0x00,0x00,0x00,0x00,0x7f,0xff,0x80,0x00,0x00,0x00,0x00,0x7f,0xff,0xc0,0x00,0x00,0x00,0x00,0x7f,0xff,0xfc,0x00,0x00,0x00,
  0x00,0x7f,0xff,0xff,0x00,0x00,0x00,0x00,0x7f,0xff,0xff,0xc0,0x00,0x00,0x00,0x00,0x0f,0xff,0xe0,0x00,0x00,0x00,0x00,0x03,
  0xff,0xf0,0x00,0x00,0x00,0x00,0x00,0xff,0xf8,0x00,0x00,0x00,0x00,0x00,0x7f,0xfc,0x00,0x00,0x00,0x00,0x00,0x3f,0xfe,0x00,
  0x00,0x00,0x00,0x00,0x1f,0xfe,0x00,0x00,0x00,0x00,0x00,0x1f,0xff,0x00,0x00,0x00,0x00,0x00,0x0f,0xff,0x00,0x00,0x00,0x00,
  0x00,0x0f,0xff,0x80,0x00,0x00,0x00,0x00,0x0f,0xff,0x80,0x00,0x00,0x00,0x00,0x0f,0xff,0x80,0x00,0x00,0x00,0x00,0x07,0xff,
  0x80,0x00,0x00,0x00,0x00,0x07,0xff,0xc0,0x00,0x00,0x00,0x00,0x07,0xff,0xc0,0x01,0xf8,0x00,0x00,0x07,0xff,0xc0,0x03,0xfe,
  0x00,0x00,0x07,0xff,0xc0,0x07,0xfe,0x00,0x00,0x07,0xff,0x80,0x07,0xff,0x00,0x00,0x07,0xff,0x80,0x0f,0xff,0x00,0x00,0x07,
  0xff,0x80,0x0f,0xff,0x00,0x00,0x0f,0xff,0x80,0x0f,0xff,0x00,0x00,0x0f,0xff,0x80,0x0f,0xff,0x00,0x00,0x0f,0xff,0x00,0x0f,
  0xfe,0x00,0x00,0x1f,0xff,0x00,0x07,0xfe,0x00,0x00,0x3f,0xfe,0x00,0x07,0xfe,0x00,0x00,0x3f,0xfe,0x00,0x03,0xff,0x00,0x00,
  0x7f,0xfc,0x00,0x03,0xff,0x80,0x01,0xff,0xf8,0x00,0x01,0xff,0xf0,0x07,0xff,0xf0,0x00,0x00,0xff,0xff,0xff,0xff,0xe0,0x00,
  0x00,0x7f,0xff,0xff,0xff,0xc0,0x00,0x00,0x3f,0xff,0xff,0xff,0x00,0x00,0x00,0x0f,0xff,0xff,0xfc,0x00,0x00,0x00,0x01,0xff,
  0xff,0xe0,0x00,0x00,0x00,0x00,0x3f,0xfe,0x00,0x00,0x00,0x00,0x00,0x00,0x00,0x1e,0x00,0x00,0x00,0x00,0x00,0x00,0x7e,0x00,
  0x00,0x00,0x00,0x00,0x00,0x7e,0x00,0x00,0x00,0x00,0x00,0x00,0xfe,0x00,0x00,0x00,0x00,0x00,0x01,0xfe,0x00,0x00,0x00,0x00,
  0x00,0x03,0xfe,0x00,0x00,0x00,0x00,0x00,0x03,0xfe,0x00,0x00,0x00,0x00,0x00,0x07,0xfe,0x00,0x00,0x00,0x00,0x00,0x0f,0xfe,
  0x00,0x00,0x00,0x00,0x00,0x1f,0xfe,0x00,0x00,0x00,0x00,0x00,0x1f,0xfe,0x00,0x00,0x00,0x00,0x00,0x3f,0xfe,0x00,0x00,0x00,
  0x00,0x00,0x7f,0xfe,0x00,0x00,0x00,0x00,0x00,0xff,0xfe,0x00,0x00,0x00,0x00,0x00,0xff,0xfe,0x00,0x00,0x00,0x00,0x01,0xff,
  0xfe,0x00,0x00,0x00,0x00,0x03,0xff,0xfe,0x00,0x00,0x00,0x00,0x07,0xff,0xfe,0x00,0x00,0x00,0x00,0x07,0xff,0xfe,0x00,0x00,
  0x00,0x00,0x0f,0xef,0xfe,0x00,0x00,0x00,0x00,0x1f,0xcf,0xfe,0x00,0x00,0x00,0x00,0x3f,0xcf,0xfe,0x00,0x00,0x00,0x00,0x7f,
  0x8f,0xfe,0x00,0x00,0x00,0x00,0x7f,0x0f,0xfe,0x00,0x00,0x00,0x00,0xfe,0x0f,0xfe,0x00,0x00,0x00,0x01,0xfe,0x0f,0xfe,0x00,
  0x00,0x00,0x03,0xfc,0x0f,0xfe,0x00,0x00,0x00,0x03,0xf8,0x0f,0xfe,0x00,0x00,0x00,0x07,0xf8,0x0f,0xfe,0x00,0x00,0x00,0x0f,
  0xf0,0x0f,0xfe,0x00,0x00,0x00,0x1f,0xe0,0x0f,0xfe,0x00,0x00,0x00,0x1f,0xc0,0x0f,0xfe,0x00,0x00,0x00,0x3f,0xc0,0x0f,0xfe,
  0x00,0x00,0x00,0x7f,0x80,0x0f,0xfe,0x00,0x00,0x00,0xff,0x00,0x0f,0xfe,0x00,0x00,0x00,0xfe,0x00,0x0f,0xfe,0x00,0x00,0x01,
  0xfe,0x00,0x0f,0xfe,0x00,0x00,0x03,0xfc,0x00,0x0f,0xfe,0x00,0x00,0x07,0xf8,0x00,0x0f,0xfe,0x00,0x00,0x07,0xf0,0x00,0x0f,
  0xfe,0x00,0x00,0x0f,0xf0,0x00,0x0f,0xfe,0x00,0x00,0x1f,0xe0,0x00,0x0f,0xfe,0x00,0x00,0x3f,0xc0,0x00,0x0f,0xfe,0x00,0x00,
  0x7f,0x80,0x00,0x0f,0xfe,0x00,0x00,0x7f,0xff,0xff,0xff,0xff,0xff,0x80,0x7f,0xff,0xff,0xff,0xff,0xff,0x80,0x7f,0xff,0xff,
  0xff,0xff,0xff,0x80,0x7f,0xff,0xff,0xff,0xff,0xff,0x80,0x7f,0xff,0xff,0xff,0xff,0xff,0x80,0x7f,0xff,0xff,0xff,0xff,0xff,
  0x80,0x7f,0xff,0xff,0xff,0xff,0xff,0x80,0x7f,0xff,0xff,0xff,0xff,0xff,0x80,0x00,0x00,0x00,0x0f,0xfe,0x00,0x00,0x00,0x00,
  0x00,0x0f,0xfe,0x00,0x00,0x00,0x00,0x00,0x0f,0xfe,0x00,0x00,0x00,0x00,0x00,0x0f,0xfe,0x00,0x00,0x00,0x00,0x00,0x0f,0xfe,
  0x00,0x00,0x00,0x00,0x00,0x0f,0xfe,0x00,0x00,0x00,0x00,0x00,0x0f,0xfe,0x00,0x00,0x00,0x00,0x00,0x0f,0xfe,0x00,0x00,0x00,
  0x00,0x00,0x1f,0xfe,0x00,0x00,0x00,0x00,0x00,0x1f,0xfe,0x00,0x00,0x00,0x00,0x00,0x1f,0xfe,0x00,0x00,0x00,0x00,0x00,0x3f,
  0xfe,0x00,0x00,0x00,0x00,0x00,0xff,0xff,0xfc,0x00,0x00,0x00,0x0f,0xff,0xff,0xfc,0x00,0x00,0x00,0x0f,0xff,0xff,0xfc,0x00,
  0x00,0x00,0x0f,0xff,0xff,0xfc,0x00,0x00,0x00,0x0f,0xff,0xff,0xfc,0x00,0x00,0x00,0x0f,0xff,0xff,0xfc,0x00,0x00,0x00,0x00,
  0x00,0x00,0xf8,0x00,0x00,0x00,0x00,0x00,0x00,0xf8,0x00,0x00,0x00,0x00,0x00,0x00,0xf8,0x00,0x00,0x00,0x00,0x00,0x01,0xf8,
  0x00,0x00,0x00,0x00,0x00,0x01,0xf8,0x00,0x00,0x00,0x00,0x00,0x0f,0xf8,0x00,0x00,0xff,0xff,0xff,0xff,0xf8,0x00,0x00,0xff,
  0xff,0xff,0xff,0xf8,0x00,0x00,0xff,0xff,0xff,0xff,0xf8,0x00,0x00,0xff,0xff,0xff,0xff,0xf8,0x00,0x00,0xff,0xff,0xff,0xff,
  0xf8,0x00,0x00,0xff,0xff,0xff,0xff,0xf8,0x00,0x00,0xff,0xff,0xff,0xff,0xf8,0x00,0x00,0xff,0xff,0xff,0xff,0xf8,0x00,0x00,
  0xff,0xff,0xff,0xff,0xf8,0x00,0x00,0xfc,0x00,0x00,0x00,0x00,0x00,0x00,0xfc,0x00,0x00,0x00,0x00,0x00,0x00,0xfc,0x00,0x00,
  0x00,0x00,0x00,0x00,0xfc,0x00,0x00,0x00,0x00,0x00,0x00,0xfc,0x00,0x00,0x00,0x00,0x00,0x00,0xfc,0x00,0x00,0x00,0x00,0x00,
  0x00,0xfc,0x00,0x00,0x00,0x00,0x00,0x00,0xfc,0x00,0x00,0x00,0x00,0x00,0x00,0xfc,0x00,0x00,0x00,0x00,0x00,0x00,0xfc,0x00,
  0x00,0x00,0x00,0x00,0x00,0xfc,0x00,0x00,0x00,0x00,0x00,0x00,0xfc,0x00,0x00,0x00,0x00,0x00,0x00,0xfc,0x00,0x00,0x00,0x00,
  0x00,0x00,0xfc,0x00,0x00,0x00,0x00,0x00,0x00,0xfc,0x00,0x00,0x00,0x00,0x00,0x00,0xfc,0x00,0x00,0x00,0x00,0x00,0x00,0xfc,
  0x00,0x00,0x00,0x00,0x00,0x00,0xfc,0x07,0xff,0x00,0x00,0x00,0x00,0xfc,0xff,0xff,0xe0,0x00,0x00,0x00,0xff,0xff,0xff,0xfc,
  0x00,0x00,0x00,0xff,0xff,0xff,0xfe,0x00,0x00,0x00,0xff,0xff,0xff,0xff,0x80,0x00,0x00,0xff,0xff,0xff,0xff,0xc0,0x00,0x00,
  0xff,0xe0,0x0f,0xff,0xe0,0x00,0x00,0x7e,0x00,0x03,0xff,0xf0,0x00,0x00,0x18,0x00,0x01,0xff,0xf8,0x00,0x00,0x00,0x00,0x00,
  0xff,0xf8,0x00,0x00,0x00,0x00,0x00,0x7f,0xfc,0x00,0x00,0x00,0x00,0x00,0x3f,0xfc,0x00,0x00,0x00,0x00,0x00,0x3f,0xfe,0x00,
  0x00,0x00,0x00,0x00,0x1f,0xfe,0x00,0x00,0x00,0x00,0x00,0x1f,0xff,0x00,0x00,0x00,0x00,0x00,0x1f,0xff,0x00,0x00,0x00,0x00,
  0x00,0x1f,0xff,0x00,0x00,0x00,0x00,0x00,0x0f,0xff,0x00,0x00,0x00,0x00,0x00,0x0f,0xff,0x00,0x00,0x00,0x00,0x00,0x0f,0xff,
  0x80,0x00,0x00,0x00,0x00,0x0f,0xff,0x80,0x00,0x00,0x00,0x00,0x0f,0xff,0x80,0x00,0x00,0x00,0x00,0x0f,0xff,0x80,0x00,0x00,
  0x00,0x00,0x0f,0xff,0x80,0x00,0xf8,0x00,0x00,0x0f,0xff,0x00,0x01,0xfc,0x00,0x00,0x0f,0xff,0x00,0x03,0xfe,0x00,0x00,0x0f,
  0xff,0x00,0x03,0xff,0x00,0x00,0x0f,0xff,0x00,0x07,0xff,0x00,0x00,0x1f,0xff,0x00,0x07,0xff,0x00,0x00,0x1f,0xfe,0x00,0x07,
  0xff,0x00,0x00,0x1f,0xfe,0x00,0x07,0xff,0x00,0x00,0x3f,0xfe,0x00,0x07,0xff,0x00,0x00,0x3f,0xfc,0x00,0x03,0xfe,0x00,0x00,
  0x7f,0xf8,0x00,0x03,0xff,0x00,0x00,0x7f,0xf8,0x00,0x03,0xff,0x00,0x00,0xff,0xf0,0x00,0x01,0xff,0xc0,0x03,0xff,0xe0,0x00,
  0x00,0xff,0xf0,0x0f,0xff,0xc0,0x00,0x00,0x7f,0xff,0xff,0xff,0x80,0x00,0x00,0x3f,0xff,0xff,0xff,0x00,0x00,0x00,0x1f,0xff,
  0xff,0xfc,0x00,0x00,0x00,0x07,0xff,0xff,0xf0,0x00,0x00,0x00,0x01,0xff,0xff,0xc0,0x00,0x00,0x00,0x00,0x1f,0xfc,0x00,0x00,
  0x00,0x00,0x00,0x00,0x1f,0xf8,0x00,0x00,0x00,0x00,0x01,0xff,0xff,0x00,0x00,0x00,0x00,0x07,0xff,0xff,0xc0,0x00,0x00,0x00,
  0x1f,0xff,0xff,0xf0,0x00,0x00,0x00,0x3f,0xff,0xff,0xf8,0x00,0x00,0x00,0x7f,0xff,0xff,0xfc,0x00,0x00,0x00,0xff,0xf0,0x1f,
  0xfe,0x00,0x00,0x01,0xff,0xc0,0x07,0xfe,0x00,0x00,0x03,0xff,0x80,0x03,0xff,0x00,0x00,0x07,0xff,0x00,0x01,0xff,0x00,0x00,
  0x0f,0xfe,0x00,0x03,0xff,0x80,0x00,0x0f,0xfc,0x00,0x03,0xff,0x80,0x00,0x1f,0xfc,0x00,0x03,0xff,0x80,0x00,0x1f,0xf8,0x00,
  0x03,0xff,0x80,0x00,0x3f,0xf8,0x00,0x03,0xff,0x80,0x00,0x3f,0xf8,0x00,0x03,0xff,0x00,0x00,0x7f,0xf0,0x00,0x01,0xff,0x00,
  0x00,0x7f,0xf0,0x00,0x00,0xfe,0x00,0x00,0xff,0xf0,0x00,0x00,0x7c,0x00,0x00,0xff,0xe0,0x00,0x00,0x00,0x00,0x00,0xff,0xe0,
  0x00,0x00,0x00,0x00,0x00,0xff,0xe0,0x00,0x00,0x00,0x00,0x01,0xff,0xe0,0x00,0x00,0x00,0x00,0x01,0xff,0xc0,0x00,0x00,0x00,
  0x00,0x01,0xff,0xc0,0x00,0x00,0x00,0x00,0x03,0xff,0xc0,0x00,0x00,0x00,0x00,0x03,0xff,0xc0,0x1f,0xf0,0x00,0x00,0x03,0xff,
  0xc0,0x7f,0xff,0x00,0x00,0x03,0xff,0xc1,0xff,0xff,0xc0,0x00,0x03,0xff,0xc7,0xff,0xff,0xe0,0x00,0x03,0xff,0xcf,0xff,0xff,
  0xf0,0x00,0x07,0xff,0xdf,0xff,0xff,0xf8,0x00,0x07,0xff,0xff,0xff,0xff,0xfc,0x00,0x07,0xff,0xff,0xc1,0xff,0xfe,0x00,0x07,
  0xff,0xfe,0x00,0x7f,0xff,0x00,0x07,0xff,0xfc,0x00,0x3f,0xff,0x00,0x07,0xff,0xf8,0x00,0x1f,0xff,0x80,0x07,0xff,0xf0,0x00,
  0x0f,0xff,0x80,0x07,0xff,0xe0,0x00,0x0f,0xff,0x80,0x07,0xff,0xc0,0x00,0x07,0xff,0xc0,0x07,0xff,0xc0,0x00,0x07,0xff,0xc0,
  0x07,0xff,0xc0,0x00,0x07,0xff,0xc0,0x07,0xff,0xc0,0x00,0x07,0xff,0xc0,0x07,0xff,0xc0,0x00,0x03,0xff,0xe0,0x07,0xff,0xc0,
  0x00,0x03,0xff,0xe0,0x07,0xff,0xc0,0x00,0x03,0xff,0xe0,0x07,0xff,0xc0,0x00,0x03,0xff,0xe0,0x03,0xff,0xc0,0x00,0x03,0xff,
  0xe0,0x03,0xff,0xc0,0x00,0x03,0xff,0xe0,0x03,0xff,0xc0,0x00,0x03,0xff,0xe0,0x03,0xff,0xe0,0x00,0x03,0xff,0xe0,0x03,0xff,
  0xe0,0x00,0x03,0xff,0xe0,0x03,0xff,0xe0,0x00,0x03,0xff,0xe0,0x01,0xff,0xe0,0x00,0x03,0xff,0xc0,0x01,0xff,0xe0,0x00,0x03,
  0xff,0xc0,0x01,0xff,0xf0,0x00,0x03,0xff,0xc0,0x00,0xff,0xf0,0x00,0x03,0xff,0xc0,0x00,0xff,0xf0,0x00,0x03,0xff,0x80,0x00,
  0xff,0xf8,0x00,0x07,0xff,0x80,0x00,0x7f,0xf8,0x00,0x07,0xff,0x00,0x00,0x7f,0xfc,0x00,0x0f,0xff,0x00,0x00,0x3f,0xfc,0x00,
  0x0f,0xfe,0x00,0x00,0x3f,0xfe,0x00,0x1f,0xfc,0x00,0x00,0x1f,0xff,0x00,0x3f,0xf8,0x00,0x00,0x0f,0xff,0xc0,0xff,0xf0,0x00,
  0x00,0x07,0xff,0xff,0xff,0xe0,0x00,0x00,0x03,0xff,0xff,0xff,0xc0,0x00,0x00,0x01,0xff,0xff,0xff,0x00,0x00,0x00,0x00,0x7f,
  0xff,0xfe,0x00,0x00,0x00,0x00,0x1f,0xff,0xf0,0x00,0x00,0x00,0x00,0x01,0xff,0x80,0x00,0x00,0x3f,0xff,0xff,0xff,0xff,0xe0,
  0x3f,0xff,0xff,0xff,0xff,0xe0,0x3f,0xff,0xff,0xff,0xff,0xe0,0x3f,0xff,0xff,0xff,0xff,0xe0,0x3f,0xff,0xff,0xff,0xff,0xe0,
  0x3f,0xff,0xff,0xff,0xff,0xe0,0x3f,0xff,0xff,0xff,0xff,0xe0,0x3f,0xff,0xff,0xff,0xff,0xe0,0x3f,0xff,0xff,0xff,0xff,0xe0,
  0x3f,0xe0,0x00,0x00,0x0f,0xc0,0x3f,0x80,0x00,0x00,0x1f,0xc0,0x3f,0x00,0x00,0x00,0x1f,0xc0,0x3f,0x00,0x00,0x00,0x1f,0x80,
  0x3e,0x00,0x00,0x00,0x3f,0x80,0x3e,0x00,0x00,0x00,0x3f,0x00,0x3e,0x00,0x00,0x00,0x7f,0x00,0x00,0x00,0x00,0x00,0x7e,0x00,
  0x00,0x00,0x00,0x00,0xfe,0x00,0x00,0x00,0x00,0x00,0xfc,0x00,0x00,0x00,0x00,0x00,0xfc,0x00,0x00,0x00,0x00,0x01,0xfc,0x00,
  0x00,0x00,0x00,0x01,0xf8,0x00,0x00,0x00,0x00,0x03,0xf8,0x00,0x00,0x00,0x00,0x03,0xf8,0x00,0x00,0x00,0x00,0x07,0xf0,0x00,
  0x00,0x00,0x00,0x07,0xf0,0x00,0x00,0x00,0x00,0x07,0xe0,0x00,0x00,0x00,0x00,0x0f,0xe0,0x00,0x00,0x00,0x00,0x0f,0xe0,0x00,
  0x00,0x00,0x00,0x1f,0xc0,0x00,0x00,0x00,0x00,0x1f,0xc0,0x00,0x00,0x00,0x00,0x1f,0xc0,0x00,0x00,0x00,0x00,0x3f,0x80,0x00,
  0x00,0x00,0x00,0x3f,0x80,0x00,0x00,0x00,0x00,0x7f,0x80,0x00,0x00,0x00,0x00,0x7f,0x80,0x00,0x00,0x00,0x00,0xff,0x00,0x00,
  0x00,0x00,0x00,0xff,0x00,0x00,0x00,0x00,0x00,0xff,0x00,0x00,0x00,0x00,0x01,0xfe,0x00,0x00,0x00,0x00,0x01,0xfe,0x00,0x00,
  0x00,0x00,0x03,0xfe,0x00,0x00,0x00,0x00,0x03,0xfe,0x00,0x00,0x00,0x00,0x03,0xfc,0x00,0x00,0x00,0x00,0x07,0xfc,0x00,0x00,
  0x00,0x00,0x07,0xfc,0x00,0x00,0x00,0x00,0x0f,0xfc,0x00,0x00,0x00,0x00,0x0f,0xf8,0x00,0x00,0x00,0x00,0x0f,0xf8,0x00,0x00,
  0x00,0x00,0x1f,0xf8,0x00,0x00,0x00,0x00,0x1f,0xf8,0x00,0x00,0x00,0x00,0x3f,0xf0,0x00,0x00,0x00,0x00,0x3f,0xf0,0x00,0x00,
  0x00,0x00,0x3f,0xf0,0x00,0x00,0x00,0x00,0x7f,0xf0,0x00,0x00,0x00,0x00,0x7f,0xe0,0x00,0x00,0x00,0x00,0xff,0xe0,0x00,0x00,
  0x00,0x00,0xff,0xe0,0x00,0x00,0x00,0x00,0xff,0xe0,0x00,0x00,0x00,0x01,0xff,0xc0,0x00,0x00,0x00,0x01,0xff,0xc0,0x00,0x00,
  0x00,0x01,0xff,0xc0,0x00,0x00,0x00,0x01,0xff,0xc0,0x00,0x00,0x00,0x01,0xff,0x80,0x00,0x00,0x00,0x01,0xff,0x80,0x00,0x00,
  0x00,0x01,0xff,0x00,0x00,0x00,0x00,0x01,0xff,0x00,0x00,0x00,0x00,0x01,0xfe,0x00,0x00,0x00,0x00,0x00,0xfc,0x00,0x00,0x00,
  0x00,0x00,0x00,0x00,0x00,0x00,0x00,0x00,0x03,0xff,0x00,0x00,0x00,0x00,0x00,0x1f,0xff,0xf0,0x00,0x00,0x00,0x00,0xff,0xff,
  0xfc,0x00,0x00,0x00,0x03,0xff,0xff,0xff,0x00,0x00,0x00,0x07,0xff,0xff,0xff,0x80,0x00,0x00,0x0f,0xff,0xff,0xff,0xe0,0x00,
  0x00,0x1f,0xff,0x00,0xff,0xe0,0x00,0x00,0x3f,0xfc,0x00,0x3f,0xf0,0x00,0x00,0x7f,0xf8,0x00,0x1f,0xf8,0x00,0x00,0xff,0xf0,
  0x00,0x0f,0xfc,0x00,0x00,0xff,0xe0,0x00,0x07,0xfc,0x00,0x01,0xff,0xe0,0x00,0x07,0xfc,0x00,0x01,0xff,0xc0,0x00,0x07,0xfe,
  0x00,0x01,0xff,0xc0,0x00,0x03,0xfe,0x00,0x03,0xff,0xc0,0x00,0x03,0xfe,0x00,0x03,0xff,0xc0,0x00,0x03,0xfe,0x00,0x03,0xff,
  0xc0,0x00,0x03,0xfe,0x00,0x03,0xff,0xc0,0x00,0x03,0xfe,0x00,0x03,0xff,0xc0,0x00,0x03,0xfe,0x00,0x03,0xff,0xe0,0x00,0x03,
  0xfe,0x00,0x03,0xff,0xe0,0x00,0x07,0xfc,0x00,0x03,0xff,0xf0,0x00,0x07,0xfc,0x00,0x01,0xff,0xf8,0x00,0x0f,0xf8,0x00,0x01,
  0xff,0xf8,0x00,0x0f,0xf8,0x00,0x00,0xff,0xfc,0x00,0x1f,0xf0,0x00,0x00,0xff,0xff,0x00,0x3f,0xe0,0x00,0x00,0x7f,0xff,0x80,
  0x7f,0xe0,0x00,0x00,0x7f,0xff,0xe0,0xff,0xc0,0x00,0x00,0x3f,0xff,0xf1,0xff,0x80,0x00,0x00,0x1f,0xff,0xff,0xfe,0x00,0x00,
  0x00,0x0f,0xff,0xff,0xfc,0x00,0x00,0x00,0x07,0xff,0xff,0xf8,0x00,0x00,0x00,0x03,0xff,0xff,0xf0,0x00,0x00,0x00,0x01,0xff,
  0xff,0xf8,0x00,0x00,0x00,0x00,0xff,0xff,0xfc,0x00,0x00,0x00,0x00,0x3f,0xff,0xff,0x00,0x00,0x00,0x00,0x7f,0xff,0xff,0x80,
  0x00,0x00,0x00,0xff,0xff,0xff,0xc0,0x00,0x00,0x03,0xff,0xff,0xff,0xe0,0x00,0x00,0x07,0xfe,0x3f,0xff,0xf0,0x00,0x00,0x0f,
  0xfc,0x0f,0xff,0xf8,0x00,0x00,0x1f,0xf8,0x07,0xff,0xfc,0x00,0x00,0x3f,0xf0,0x01,0xff,0xfe,0x00,0x00,0x7f,0xe0,0x00,0xff,
  0xff,0x00,0x00,0x7f,0xc0,0x00,0x7f,0xff,0x00,0x00,0xff,0x80,0x00,0x3f,0xff,0x80,0x01,0xff,0x80,0x00,0x1f,0xff,0x80,0x01,
  0xff,0x00,0x00,0x0f,0xff,0xc0,0x03,0xff,0x00,0x00,0x0f,0xff,0xc0,0x03,0xff,0x00,0x00,0x07,0xff,0xc0,0x03,0xfe,0x00,0x00,
  0x07,0xff,0xc0,0x07,0xfe,0x00,0x00,0x07,0xff,0xe0,0x07,0xfe,0x00,0x00,0x03,0xff,0xe0,0x07,0xfe,0x00,0x00,0x03,0xff,0xe0,
  0x07,0xfe,0x00,0x00,0x03,0xff,0xe0,0x07,0xfe,0x00,0x00,0x03,0xff,0xc0,0x07,0xfe,0x00,0x00,0x03,0xff,0xc0,0x07,0xff,0x00,
  0x00,0x03,0xff,0xc0,0x07,0xff,0x00,0x00,0x07,0xff,0xc0,0x03,0xff,0x80,0x00,0x07,0xff,0x80,0x03,0xff,0x80,0x00,0x0f,0xff,
  0x80,0x01,0xff,0xc0,0x00,0x0f,0xff,0x00,0x01,0xff,0xe0,0x00,0x1f,0xff,0x00,0x00,0xff,0xf0,0x00,0x7f,0xfe,0x00,0x00,0x7f,
  0xfe,0x01,0xff,0xfc,0x00,0x00,0x3f,0xff,0xff,0xff,0xf8,0x00,0x00,0x1f,0xff,0xff,0xff,0xf0,0x00,0x00,0x07,0xff,0xff,0xff,
  0xc0,0x00,0x00,0x01,0xff,0xff,0xff,0x00,0x00,0x00,0x00,0x7f,0xff,0xf8,0x00,0x00,0x00,0x00,0x03,0xff,0x80,0x00,0x00,0x00,
  0x00,0x03,0xff,0x80,0x00,0x00,0x00,0x00,0x3f,0xff,0xf0,0x00,0x00,0x00,0x00,0xff,0xff,0xfc,0x00,0x00,0x00,0x03,0xff,0xff,
  0xff,0x00,0x00,0x00,0x07,0xff,0xff,0xff,0x80,0x00,0x00,0x1f,0xff,0xff,0xff,0xc0,0x00,0x00,0x3f,0xfe,0x03,0xff,0xe0,0x00,
  0x00,0x7f,0xfc,0x00,0xff,0xf0,0x00,0x00,0x7f,0xf8,0x00,0x7f,0xf8,0x00,0x00,0xff,0xf0,0x00,0x3f,0xfc,0x00,0x01,0xff,0xe0,
  0x00,0x3f,0xfc,0x00,0x01,0xff,0xe0,0x00,0x1f,0xfe,0x00,0x03,0xff,0xc0,0x00,0x1f,0xfe,0x00,0x03,0xff,0xc0,0x00,0x0f,0xfe,
  0x00,0x07,0xff,0x80,0x00,0x0f,0xff,0x00,0x07,0xff,0x80,0x00,0x0f,0xff,0x00,0x07,0xff,0x80,0x00,0x0f,0xff,0x80,0x07,0xff,
  0x80,0x00,0x07,0xff,0x80,0x0f,0xff,0x80,0x00,0x07,0xff,0x80,0x0f,0xff,0x80,0x00,0x07,0xff,0x80,0x0f,0xff,0x80,0x00,0x07,
  0xff,0xc0,0x0f,0xff,0x80,0x00,0x07,0xff,0xc0,0x0f,0xff,0x80,0x00,0x03,0xff,0xc0,0x0f,0xff,0x80,0x00,0x03,0xff,0xc0,0x0f,
  0xff,0x80,0x00,0x03,0xff,0xc0,0x0f,0xff,0x80,0x00,0x03,0xff,0xc0,0x0f,0xff,0x80,0x00,0x03,0xff,0xc0,0x0f,0xff,0x80,0x00,
  0x03,0xff,0xc0,0x07,0xff,0xc0,0x00,0x03,0xff,0xe0,0x07,0xff,0xc0,0x00,0x03,0xff,0xe0,0x07,0xff,0xc0,0x00,0x03,0xff,0xe0,
  0x07,0xff,0xc0,0x00,0x07,0xff,0xe0,0x03,0xff,0xe0,0x00,0x07,0xff,0xe0,0x03,0xff,0xe0,0x00,0x0f,0xff,0xe0,0x03,0xff,0xf0,
  0x00,0x1f,0xff,0xe0,0x01,0xff,0xf8,0x00,0x3f,0xff,0xe0,0x01,0xff,0xfc,0x00,0xff,0xff,0xe0,0x00,0xff,0xff,0x03,0xff,0xff,
  0xe0,0x00,0x7f,0xff,0xff,0xff,0xff,0xc0,0x00,0x3f,0xff,0xff,0xfb,0xff,0xc0,0x00,0x1f,0xff,0xff,0xf3,0xff,0xc0,0x00,0x0f,
  0xff,0xff,0xe3,0xff,0xc0,0x00,0x03,0xff,0xff,0x83,0xff,0xc0,0x00,0x00,0xff,0xfe,0x03,0xff,0xc0,0x00,0x00,0x1f,0xf0,0x03,
  0xff,0xc0,0x00,0x00,0x00,0x00,0x03,0xff,0xc0,0x00,0x00,0x00,0x00,0x03,0xff,0x80,0x00,0x00,0x00,0x00,0x07,0xff,0x80,0x00,
  0x00,0x00,0x00,0x07,0xff,0x80,0x00,0x00,0x00,0x00,0x07,0xff,0x80,0x00,0x00,0x00,0x00,0x07,0xff,0x00,0x00,0x00,0x00,0x00,
  0x07,0xff,0x00,0x00,0x0c,0x00,0x00,0x0f,0xff,0x00,0x00,0x7f,0x00,0x00,0x0f,0xff,0x00,0x00,0xff,0x80,0x00,0x0f,0xfe,0x00,
  0x00,0xff,0xc0,0x00,0x0f,0xfe,0x00,0x01,0xff,0xc0,0x00,0x1f,0xfc,0x00,0x01,0xff,0xc0,0x00,0x1f,0xfc,0x00,0x01,0xff,0xc0,
  0x00,0x3f,0xfc,0x00,0x01,0xff,0xc0,0x00,0x3f,0xf8,0x00,0x01,0xff,0x80,0x00,0x7f,0xf0,0x00,0x01,0xff,0x80,0x00,0xff,0xf0,
  0x00,0x00,0xff,0x80,0x01,0xff,0xe0,0x00,0x00,0xff,0xc0,0x03,0xff,0xc0,0x00,0x00,0x7f,0xf0,0x0f,0xff,0x80,0x00,0x00,0x3f,
  0xff,0xff,0xff,0x00,0x00,0x00,0x3f,0xff,0xff,0xfe,0x00,0x00,0x00,0x0f,0xff,0xff,0xfc,0x00,0x00,0x00,0x07,0xff,0xff,0xf0,
  0x00,0x00,0x00,0x01,0xff,0xff,0xc0,0x00,0x00,0x00,0x00,0x1f,0xfc,0x00,0x00,0x00,0x00,0x7c,0x00,0x00,0xfe,0x00,0x01,0xff,
  0x00,0x03,0xff,0x80,0x07,0xff,0x80,0x07,0xff,0xc0,0x07,0xff,0xc0,0x07,0xff,0xc0,0x07,0xff,0xc0,0x07,0xff,0x80,0x03,0xff,
  0x80,0x03,0xff,0x00,0x01,0xfe,0x00,0x00,0x7c,0x00,0x00,0x00,0x00,0x00,0x00,0x00,0x00,0x00,0x00,0x00,0x00,0x00,0x00,0x00,
  0x00,0x00,0x00,0x00,0x00,0x00,0x00,0x00,0x00,0x00,0x00,0x00,0x00,0x00,0x00,0x00,0x00,0x00,0x00,0x00,0x00,0x00,0x00,0x00,
  0x00,0x00,0x00,0x00,0x00,0x00,0x00,0x00,0x00,0x00,0x00,0x00,0x00,0x00,0x00,0x00,0x00,0x00,0x00,0x00,0x00,0x00,0x00,0x00,
  0x00,0x00,0x00,0x00,0x00,0x00,0x00,0x00,0x00,0x00,0x00,0x00,0x00,0x00,0x7c,0x00,0x00,0xfe,0x00,0x01,0xff,0x00,0x03,0xff,
  0x80,0x07,0xff,0x80,0x07,0xff,0xc0,0x07,0xff,0xc0,0x07,0xff,0xc0,0x07,0xff,0xc0,0x07,0xff,0x80,0x03,0xff,0x80,0x03,0xff,
  0x00,0x01,0xfe,0x00,0x00,0x7c,0x00,0x00,0x3e,0x00,0x00,0x00,0x7f,0x80,0x00,0x00,0xff,0xc0,0x00,0x01,0xff,0xc0,0x00,0x01,
  0xff,0xe0,0x00,0x03,0xff,0xe0,0x00,0x03,0xff,0xe0,0x00,0x03,0xff,0xe0,0x00,0x03,0xff,0xe0,0x00,0x01,0xff,0xe0,0x00,0x01,
  0xff,0xc0,0x00,0x00,0xff,0xc0,0x00,0x00,0x7f,0x80,0x00,0x00,0x3e,0x00,0x00,0x00,0x00,0x00,0x00,0x00,0x00,0x00,0x00,0x00,
  0x00,0x00,0x00,0x00,0x00,0x00,0x00,0x00,0x00,0x00,0x00,0x00,0x00,0x00,0x00,0x00,0x00,0x00,0x00,0x00,0x00,0x00,0x00,0x00,
  0x00,0x00,0x00,0x00,0x00,0x00,0x00,0x00,0x00,0x00,0x00,0x00,0x00,0x00,0x00,0x00,0x00,0x00,0x00,0x00,0x00,0x00,0x00,0x00,
  0x00,0x00,0x00,0x00,0x00,0x00,0x00,0x00,0x00,0x00,0x00,0x00,0x00,0x00,0x00,0x00,0x00,0x00,0x00,0x00,0x00,0x00,0x00,0x00,
  0x00,0x00,0x00,0x00,0x00,0x00,0x00,0x00,0x00,0x00,0x00,0x00,0x00,0x00,0x00,0x00,0x00,0x00,0x00,0x00,0x7e,0x00,0x00,0x01,
  0xff,0x00,0x00,0x03,0xff,0xc0,0x00,0x03,0xff,0xc0,0x00,0x07,0xff,0xe0,0x00,0x07,0xff,0xe0,0x00,0x07,0xff,0xf0,0x00,0x07,
  0xff,0xf0,0x00,0x07,0xff,0xf0,0x00,0x07,0xff,0xf0,0x00,0x03,0xff,0xf0,0x00,0x01,0xff,0xf0,0x00,0x00,0x7f,0xf0,0x00,0x00,
  0x07,0xf0,0x00,0x00,0x07,0xe0,0x00,0x00,0x07,0xe0,0x00,0x00,0x07,0xe0,0x00,0x00,0x07,0xe0,0x00,0x00,0x0f,0xc0,0x00,0x00,
  0x0f,0xc0,0x00,0x00,0x0f,0xc0,0x00,0x00,0x1f,0x80,0x00,0x00,0x1f,0x80,0x00,0x00,0x1f,0x00,0x00,0x00,0x3f,0x00,0x00,0x00,
  0x3e,0x00,0x00,0x00,0x7c,0x00,0x00,0x00,0xfc,0x00,0x00,0x00,0x78,0x00,0x00,0x00,0x30,0x00,0x00,0x00,0x00,0x00,0x00,0x00,
  0x00,0x00,0x00,0x00,0x00,0x00,0x00,0x00,0x00,0x00,0x00,0x06,0x00,0x00,0x00,0x00,0x00,0x00,0x3e,0x00,0x00,0x00,0x00,0x00,
  0x00,0xfe,0x00,0x00,0x00,0x00,0x00,0x03,0xfe,0x00,0x00,0x00,0x00,0x00,0x0f,0xfe,0x00,0x00,0x00,0x00,0x00,0x7f,0xfe,0x00,
  0x00,0x00,0x00,0x01,0xff,0xfe,0x00,0x00,0x00,0x00,0x07,0xff,0xfe,0x00,0x00,0x00,0x00,0x1f,0xff,0xfc,0x00,0x00,0x00,0x00,
  0x7f,0xff,0xf0,0x00,0x00,0x00,0x03,0xff,0xff,0x80,0x00,0x00,0x00,0x0f,0xff,0xfe,0x00,0x00,0x00,0x00,0x3f,0xff,0xf8,0x00,
  0x00,0x00,0x00,0xff,0xff,0xe0,0x00,0x00,0x00,0x03,0xff,0xff,0x00,0x00,0x00,0x00,0x1f,0xff,0xfc,0x00,0x00,0x00,0x00,0x7f,
  0xff,0xf0,0x00,0x00,0x00,0x01,0xff,0xff,0xc0,0x00,0x00,0x00,0x07,0xff,0xfe,0x00,0x00,0x00,0x00,0x0f,0xff,0xf8,0x00,0x00,
  0x00,0x00,0x0f,0xff,0xe0,0x00,0x00,0x00,0x00,0x0f,0xff,0x80,0x00,0x00,0x00,0x00,0x0f,0xfe,0x00,0x00,0x00,0x00,0x00,0x0f,
  0xff,0x80,0x00,0x00,0x00,0x00,0x0f,0xff,0xe0,0x00,0x00,0x00,0x00,0x0f,0xff,0xf8,0x00,0x00,0x00,0x00,0x0f,0xff,0xfe,0x00,
  0x00,0x00,0x00,0x03,0xff,0xff,0xc0,0x00,0x00,0x00,0x00,0xff,0xff,0xf0,0x00,0x00,0x00,0x00,0x3f,0xff,0xfc,0x00,0x00,0x00,
  0x00,0x07,0xff,0xff,0x00,0x00,0x00,0x00,0x01,0xff,0xff,0xe0,0x00,0x00,0x00,0x00,0x7f,0xff,0xf8,0x00,0x00,0x00,0x00,0x0f,
  0xff,0xfe,0x00,0x00,0x00,0x00,0x03,0xff,0xff,0x80,0x00,0x00,0x00,0x00,0xff,0xff,0xf0,0x00,0x00,0x00,0x00,0x3f,0xff,0xfc,
  0x00,0x00,0x00,0x00,0x07,0xff,0xfe,0x00,0x00,0x00,0x00,0x01,0xff,0xfe,0x00,0x00,0x00,0x00,0x00,0x7f,0xfe,0x00,0x00,0x00,
  0x00,0x00,0x1f,0xfe,0x00,0x00,0x00,0x00,0x00,0x03,0xfe,0x00,0x00,0x00,0x00,0x00,0x00,0xfe,0x00,0x00,0x00,0x00,0x00,0x00,
  0x3e,0x00,0x00,0x00,0x00,0x00,0x00,0x0e,0x00,0x00,0x00,0x00,0x00,0x00,0x00,0x00,0x00,0x00,0x00,0x00,0x00,0x00,0x00,0x00,
  0x00,0x00,0x00,0x00,0x00,0x00,0x00,0x00,0x00,0x00,0x00,0x00,0x00,0x00,0x00,0x00,0x00,0x00,0x00,0x00,0x00,0x00,0x00,0x00,
  0x00,0x00,0x00,0x00,0x00,0x00,0x00,0x00,0x00,0x00,0x00,0x00,0x00,0x00,0x00,0x00,0x00,0x0f,0xff,0xff,0xff,0xff,0xfe,0x00,
  0x0f,0xff,0xff,0xff,0xff,0xfe,0x00,0x0f,0xff,0xff,0xff,0xff,0xfe,0x00,0x0f,0xff,0xff,0xff,0xff,0xfe,0x00,0x0f,0xff,0xff,
  0xff,0xff,0xfe,0x00,0x0f,0xff,0xff,0xff,0xff,0xfe,0x00,0x0f,0xff,0xff,0xff,0xff,0xfe,0x00,0x00,0x00,0x00,0x00,0x00,0x00,
  0x00,0x00,0x00,0x00,0x00,0x00,0x00,0x00,0x00,0x00,0x00,0x00,0x00,0x00,0x00,0x00,0x00,0x00,0x00,0x00,0x00,0x00,0x00,0x00,
  0x00,0x00,0x00,0x00,0x00,0x00,0x00,0x00,0x00,0x00,0x00,0x00,0x00,0x00,0x00,0x00,0x00,0x00,0x00,0x00,0x00,0x00,0x00,0x00,
  0x00,0x00,0x00,0x00,0x00,0x00,0x00,0x00,0x00,0x0f,0xff,0xff,0xff,0xff,0xfe,0x00,0x0f,0xff,0xff,0xff,0xff,0xfe,0x00,0x0f,
  0xff,0xff,0xff,0xff,0xfe,0x00,0x0f,0xff,0xff,0xff,0xff,0xfe,0x00,0x0f,0xff,0xff,0xff,0xff,0xfe,0x00,0x0f,0xff,0xff,0xff,
  0xff,0xfe,0x00,0x0f,0xff,0xff,0xff,0xff,0xfe,0x00,0x00,0x00,0x00,0x00,0x00,0x00,0x00,0x00,0x00,0x00,0x00,0x00,0x00,0x00,
  0x00,0x00,0x00,0x00,0x00,0x00,0x00,0x00,0x00,0x00,0x00,0x00,0x00,0x00,0x00,0x00,0x00,0x00,0x00,0x00,0x00,0x00,0x00,0x00,
  0x00,0x00,0x00,0x00,0x00,0x00,0x00,0x00,0x00,0x00,0x00,0x00,0x00,0x00,0x00,0x00,0x00,0x00,0x00,0x00,0x00,0x00,0x00,0x00,
  0x00,0x00,0x00,0x00,0x00,0x00,0x00,0x00,0x00,0x00,0x00,0x00,0x00,0x00,0x00,0x00,0x00,0x00,0x00,0x00,0x00,0x00,0x00,0x00,
  0x00,0x00,0x00,0x00,0x00,0x00,0x00,0x00,0x00,0x00,0x00,0x00,0x00,0x00,0x00,0x00,0x00,0x00,0x00,0x00,0x00,0x00,0x00,0x00,
  0x00,0x00,0x00,0x00,0x00,0x00,0x00,0x00,0x00,0x00,0x00,0x00,0x00,0x00,0x00,0x00,0x00,0x00,0x00,0x00,0x00,0x00,0x00,0x00,
  0x00,0x00,0x00,0x00,0x00,0x00,0x00,0x00,0x00,0x00,0x00,0x00,0x00,0x00,0x00,0x00,0x00,0x00,0x00,0x00,0x00,0x00,0x00,0x00,
  0x00,0x00,0x00,0x00,0x00,0x00,0x00,0x00,0x00,0x00,0x00,0x00,0x00,0x00,0x00,0x00,0x00,0x0c,0x00,0x00,0x00,0x00,0x00,0x00,
  0x0f,0x80,0x00,0x00,0x00,0x00,0x00,0x0f,0xe0,0x00,0x00,0x00,0x00,0x00,0x0f,0xf8,0x00,0x00,0x00,0x00,0x00,0x0f,0xff,0x00,
  0x00,0x00,0x00,0x00,0x0f,0xff,0xc0,0x00,0x00,0x00,0x00,0x0f,0xff,0xf0,0x00,0x00,0x00,0x00,0x0f,0xff,0xfc,0x00,0x00,0x00,
  0x00,0x07,0xff,0xff,0x80,0x00,0x00,0x00,0x01,0xff,0xff,0xe0,0x00,0x00,0x00,0x00,0x3f,0xff,0xf8,0x00,0x00,0x00,0x00,0x0f,
  0xff,0xfe,0x00,0x00,0x00,0x00,0x03,0xff,0xff,0xc0,0x00,0x00,0x00,0x00,0xff,0xff,0xf0,0x00,0x00,0x00,0x00,0x3f,0xff,0xfc,
  0x00,0x00,0x00,0x00,0x07,0xff,0xff,0x00,0x00,0x00,0x00,0x01,0xff,0xff,0xe0,0x00,0x00,0x00,0x00,0x7f,0xff,0xf8,0x00,0x00,
  0x00,0x00,0x1f,0xff,0xfe,0x00,0x00,0x00,0x00,0x03,0xff,0xfe,0x00,0x00,0x00,0x00,0x00,0xff,0xfe,0x00,0x00,0x00,0x00,0x00,
  0x3f,0xfe,0x00,0x00,0x00,0x00,0x00,0x0f,0xfe,0x00,0x00,0x00,0x00,0x00,0x3f,0xfe,0x00,0x00,0x00,0x00,0x00,0xff,0xfe,0x00,
  0x00,0x00,0x00,0x03,0xff,0xfe,0x00,0x00,0x00,0x00,0x0f,0xff,0xfc,0x00,0x00,0x00,0x00,0x3f,0xff,0xf0,0x00,0x00,0x00,0x01,
  0xff,0xff,0xc0,0x00,0x00,0x00,0x07,0xff,0xff,0x00,0x00,0x00,0x00,0x1f,0xff,0xfc,0x00,0x00,0x00,0x00,0x7f,0xff,0xe0,0x00,
  0x00,0x00,0x03,0xff,0xff,0x80,0x00,0x00,0x00,0x0f,0xff,0xfe,0x00,0x00,0x00,0x00,0x3f,0xff,0xf8,0x00,0x00,0x00,0x00,0xff,
  0xff,0xc0,0x00,0x00,0x00,0x07,0xff,0xff,0x00,0x00,0x00,0x00,0x0f,0xff,0xfc,0x00,0x00,0x00,0x00,0x0f,0xff,0xf0,0x00,0x00,
  0x00,0x00,0x0f,0xff,0xc0,0x00,0x00,0x00,0x00,0x0f,0xfe,0x00,0x00,0x00,0x00,0x00,0x0f,0xf8,0x00,0x00,0x00,0x00,0x00,0x0f,
  0xe0,0x00,0x00,0x00,0x00,0x00,0x0f,0x80,0x00,0x00,0x00,0x00,0x00,0x0e,0x00,0x00,0x00,0x00,0x00,0x00,0x00,0x00,0x00,0x00,
  0x00,0x00,0x00,0x00,0x00,0x00,0x00,0x00,0x00,0x00,0x00,0x00,0x00,0x00,0x00,0x00,0x00,0x00,0x00,0x00,0x00,0x00,0x00,0x00,
  0x00,0x00,0x00,0x00,0x00,0x00,0x00,0x00,0x00,0x00,0x00,0x00,0x00,0x00,0x00,0x00,0x00,0x00,0x00,0x00,0x00,0x00,0x00,0x00,
  0x00,0x00,0x00,0x00,0x00,0x00,0x3f,0xf8,0x00,0x00,0x00,0x03,0xff,0xff,0x80,0x00,0x00,0x0f,0xff,0xff,0xe0,0x00,0x00,0x3f,
  0xff,0xff,0xf8,0x00,0x00,0x7f,0xff,0xff,0xfc,0x00,0x01,0xff,0xff,0xff,0xfe,0x00,0x03,0xff,0xc0,0x7f,0xff,0x00,0x03,0xfe,
  0x00,0x1f,0xff,0x80,0x07,0xfc,0x00,0x0f,0xff,0x80,0x0f,0xf8,0x00,0x07,0xff,0xc0,0x0f,0xf8,0x00,0x07,0xff,0xc0,0x1f,0xf8,
  0x00,0x03,0xff,0xc0,0x1f,0xfc,0x00,0x03,0xff,0xe0,0x1f,0xfc,0x00,0x03,0xff,0xe0,0x1f,0xfc,0x00,0x03,0xff,0xe0,0x1f,0xfc,
  0x00,0x03,0xff,0xe0,0x1f,0xfc,0x00,0x03,0xff,0xe0,0x0f,0xf8,0x00,0x03,0xff,0xe0,0x0f,0xf0,0x00,0x03,0xff,0xe0,0x07,0xe0,
  0x00,0x03,0xff,0xe0,0x00,0x00,0x00,0x03,0xff,0xc0,0x00,0x00,0x00,0x03,0xff,0xc0,0x00,0x00,0x00,0x03,0xff,0x80,0x00,0x00,
  0x00,0x07,0xff,0x80,0x00,0x00,0x00,0x07,0xff,0x00,0x00,0x00,0x00,0x0f,0xfe,0x00,0x00,0x00,0x00,0x0f,0xfe,0x00,0x00,0x00,
  0x00,0x1f,0xfc,0x00,0x00,0x00,0x00,0x3f,0xf8,0x00,0x00,0x00,0x00,0x7f,0xf0,0x00,0x00,0x00,0x00,0x7f,0xe0,0x00,0x00,0x00,
  0x00,0xff,0x80,0x00,0x00,0x00,0x01,0xff,0x00,0x00,0x00,0x00,0x03,0xfe,0x00,0x00,0x00,0x00,0x07,0xfc,0x00,0x00,0x00,0x00,
  0x0f,0xf8,0x00,0x00,0x00,0x00,0x1f,0xe0,0x00,0x00,0x00,0x00,0x3f,0xc0,0x00,0x00,0x00,0x00,0x7f,0x80,0x00,0x00,0x00,0x00,
  0xff,0x00,0x00,0x00,0x00,0x01,0xff,0x00,0x00,0x00,0x00,0x01,0xfe,0x00,0x00,0x00,0x00,0x03,0xfe,0x00,0x00,0x00,0x00,0x03,
  0xfe,0x00,0x00,0x00,0x00,0x03,0xff,0x00,0x00,0x00,0x00,0x03,0xff,0xc8,0x00,0x00,0x00,0x03,0xff,0xfc,0x00,0x00,0x00,0x03,
  0xff,0xfc,0x00,0x00,0x00,0x01,0xff,0xfc,0x00,0x00,0x00,0x00,0xff,0xfc,0x00,0x00,0x00,0x00,0x7f,0xf8,0x00,0x00,0x00,0x00,
  0x07,0x00,0x00,0x00,0x00,0x00,0x00,0x00,0x00,0x00,0x00,0x00,0x00,0x00,0x00,0x00,0x00,0x00,0x00,0x00,0x00,0x00,0x00,0x00,
  0x00,0x00,0x00,0x00,0x00,0x00,0x00,0x00,0x00,0x00,0x00,0x00,0x0f,0x80,0x00,0x00,0x00,0x00,0x1f,0xe0,0x00,0x00,0x00,0x00,
  0x3f,0xf0,0x00,0x00,0x00,0x00,0x7f,0xf0,0x00,0x00,0x00,0x00,0x7f,0xf8,0x00,0x00,0x00,0x00,0xff,0xf8,0x00,0x00,0x00,0x00,
  0xff,0xf8,0x00,0x00,0x00,0x00,0xff,0xf8,0x00,0x00,0x00,0x00,0xff,0xf8,0x00,0x00,0x00,0x00,0x7f,0xf8,0x00,0x00,0x00,0x00,
  0x7f,0xf0,0x00,0x00,0x00,0x00,0x3f,0xe0,0x00,0x00,0x00,0x00,0x1f,0xc0,0x00,0x00,0x00,0x00,0x0f,0x80,0x00,0x00,0x00,0x00,
  0x00,0x00,0x3f,0xfc,0x00,0x00,0x00,0x00,0x00,0x00,0x00,0x07,0xff,0xff,0xe0,0x00,0x00,0x00,0x00,0x00,0x00,0x1f,0xff,0xff,
  0xf8,0x00,0x00,0x00,0x00,0x00,0x00,0xff,0xff,0xff,0xff,0x00,0x00,0x00,0x00,0x00,0x01,0xff,0xc0,0x0f,0xff,0x80,0x00,0x00,
  0x00,0x00,0x07,0xfc,0x00,0x00,0xff,0xe0,0x00,0x00,0x00,0x00,0x0f,0xf0,0x00,0x00,0x1f,0xf0,0x00,0x00,0x00,0x00,0x3f,0xc0,
  0x00,0x00,0x07,0xfc,0x00,0x00,0x00,0x00,0x7f,0x80,0x00,0x00,0x03,0xfe,0x00,0x00,0x00,0x00,0xff,0x00,0x00,0x00,0x00,0xff,
  0x00,0x00,0x00,0x01,0xfc,0x00,0x00,0x00,0x00,0x7f,0x00,0x00,0x00,0x03,0xf8,0x00,0x00,0x00,0x00,0x3f,0x80,0x00,0x00,0x03,
  0xf0,0x00,0x00,0x00,0x00,0x1f,0xc0,0x00,0x00,0x07,0xf0,0x00,0x00,0x00,0x00,0x0f,0xe0,0x00,0x00,0x0f,0xe0,0x00,0x00,0x00,
  0x00,0x0f,0xe0,0x00,0x00,0x1f,0xc0,0x00,0x03,0xff,0x80,0x07,0xf0,0x00,0x00,0x1f,0x80,0x00,0x1f,0xff,0xfc,0x07,0xf0,0x00,
  0x00,0x3f,0x80,0x00,0x7f,0xff,0xfc,0x03,0xf8,0x00,0x00,0x3f,0x00,0x01,0xff,0xff,0xfc,0x03,0xf8,0x00,0x00,0x7f,0x00,0x03,
  0xfe,0x07,0xfc,0x01,0xfc,0x00,0x00,0x7e,0x00,0x07,0xf8,0x03,0xfc,0x01,0xfc,0x00,0x00,0xfe,0x00,0x0f,0xf0,0x07,0xfc,0x01,
  0xfc,0x00,0x00,0xfc,0x00,0x1f,0xe0,0x07,0xfc,0x00,0xfe,0x00,0x01,0xfc,0x00,0x3f,0xc0,0x07,0xfc,0x00,0xfe,0x00,0x01,0xfc,
  0x00,0x3f,0xc0,0x07,0xf8,0x00,0xfe,0x00,0x01,0xf8,0x00,0x7f,0x80,0x07,0xf8,0x00,0xfe,0x00,0x03,0xf8,0x00,0xff,0x80,0x07,
  0xf8,0x00,0x7f,0x00,0x03,0xf8,0x00,0xff,0x00,0x07,0xf8,0x00,0x7f,0x00,0x03,0xf8,0x01,0xff,0x00,0x07,0xf8,0x00,0x7f,0x00,
  0x03,0xf8,0x01,0xff,0x00,0x0f,0xf8,0x00,0x7f,0x00,0x03,0xf0,0x01,0xfe,0x00,0x0f,0xf8,0x00,0x7f,0x00,0x07,0xf0,0x03,0xfe,
  0x00,0x0f,0xf8,0x00,0x7f,0x00,0x07,0xf0,0x03,0xfe,0x00,0x0f,0xf0,0x00,0x7f,0x00,0x07,0xf0,0x03,0xfe,0x00,0x1f,0xf0,0x00,
  0x7f,0x00,0x07,0xf0,0x03,0xfe,0x00,0x1f,0xf0,0x00,0x7f,0x00,0x07,0xf0,0x07,0xfc,0x00,0x1f,0xf0,0x00,0x7f,0x00,0x07,0xf0,
  0x07,0xfc,0x00,0x3f,0xf0,0x00,0x7f,0x00,0x07,0xf0,0x07,0xfc,0x00,0x3f,0xf0,0x00,0x7f,0x00,0x07,0xf0,0x07,0xfc,0x00,0x3f,
  0xf0,0x00,0xfe,0x00,0x07,0xf0,0x07,0xfc,0x00,0x7f,0xf0,0x00,0xfe,0x00,0x07,0xf0,0x07,0xfc,0x00,0x7f,0xf0,0x00,0xfe,0x00,
  0x07,0xf0,0x07,0xfc,0x00,0xff,0xe0,0x00,0xfc,0x00,0x07,0xf8,0x07,0xfc,0x00,0xff,0xe0,0x00,0xfc,0x00,0x03,0xf8,0x07,0xfc,
  0x01,0xef,0xe0,0x01,0xfc,0x00,0x03,0xf8,0x07,0xfe,0x01,0xef,0xe0,0x01,0xf8,0x00,0x03,0xf8,0x03,0xfe,0x03,0xc7,0xf0,0x03,
  0xf8,0x00,0x03,0xf8,0x03,0xfe,0x07,0xc7,0xf0,0x03,0xf0,0x00,0x03,0xfc,0x03,0xff,0x0f,0x87,0xf0,0x07,0xe0,0x00,0x01,0xfc,
  0x01,0xff,0xff,0x07,0xf0,0x0f,0xc0,0x00,0x01,0xfe,0x01,0xff,0xff,0x07,0xf8,0x1f,0x80,0x00,0x01,0xfe,0x00,0xff,0xfe,0x03,
  0xf8,0x3f,0x00,0x00,0x00,0xfe,0x00,0x7f,0xfc,0x03,0xff,0xfe,0x00,0x00,0x00,0xff,0x00,0x3f,0xf0,0x01,0xff,0xfc,0x00,0x00,
  0x00,0x7f,0x80,0x0f,0xc0,0x00,0xff,0xf0,0x00,0x00,0x00,0x7f,0x80,0x00,0x00,0x00,0x3f,0x00,0x00,0x00,0x00,0x3f,0xc0,0x00,
  0x00,0x00,0x00,0x00,0x00,0x00,0x00,0x1f,0xe0,0x00,0x00,0x00,0x00,0x00,0x00,0x00,0x00,0x1f,0xf0,0x00,0x00,0x00,0x00,0x01,
  0x80,0x00,0x00,0x0f,0xf8,0x00,0x00,0x00,0x00,0x03,0xc0,0x00,0x00,0x07,0xfc,0x00,0x00,0x00,0x00,0x07,0xc0,0x00,0x00,0x03,
  0xfe,0x00,0x00,0x00,0x00,0x1f,0x80,0x00,0x00,0x01,0xff,0x80,0x00,0x00,0x00,0x3f,0x00,0x00,0x00,0x00,0xff,0xc0,0x00,0x00,
  0x00,0xfe,0x00,0x00,0x00,0x00,0x7f,0xf0,0x00,0x00,0x03,0xfc,0x00,0x00,0x00,0x00,0x3f,0xfe,0x00,0x00,0x1f,0xf0,0x00,0x00,
  0x00,0x00,0x0f,0xff,0xe0,0x03,0xff,0xe0,0x00,0x00,0x00,0x00,0x07,0xff,0xff,0xff,0xff,0x80,0x00,0x00,0x00,0x00,0x01,0xff,
  0xff,0xff,0xfe,0x00,0x00,0x00,0x00,0x00,0x00,0x7f,0xff,0xff,0xf8,0x00,0x00,0x00,0x00,0x00,0x00,0x0f,0xff,0xff,0xc0,0x00,
  0x00,0x00,0x00,0x00,0x00,0x00,0x7f,0xfc,0x00,0x00,0x00,0x00,0x00,0x00,0x00,0x03,0xe0,0x00,0x00,0x00,0x00,0x00,0x00,0x07,
  0xe0,0x00,0x00,0x00,0x00,0x00,0x00,0x07,0xf0,0x00,0x00,0x00,0x00,0x00,0x00,0x07,0xf0,0x00,0x00,0x00,0x00,0x00,0x00,0x0f,
  0xf8,0x00,0x00,0x00,0x00,0x00,0x00,0x0f,0xf8,0x00,0x00,0x00,0x00,0x00,0x00,0x0f,0xf8,0x00,0x00,0x00,0x00,0x00,0x00,0x1f,
  0xfc,0x00,0x00,0x00,0x00,0x00,0x00,0x1f,0xfc,0x00,0x00,0x00,0x00,0x00,0x00,0x1f,0xfe,0x00,0x00,0x00,0x00,0x00,0x00,0x3f,
  0xfe,0x00,0x00,0x00,0x00,0x00,0x00,0x3f,0xfe,0x00,0x00,0x00,0x00,0x00,0x00,0x7f,0xff,0x00,0x00,0x00,0x00,0x00,0x00,0x7f,
  0xff,0x00,0x00,0x00,0x00,0x00,0x00,0x7f,0xff,0x00,0x00,0x00,0x00,0x00,0x00,0xff,0xff,0x80,0x00,0x00,0x00,0x00,0x00,0xff,
  0xff,0x80,0x00,0x00,0x00,0x00,0x00,0xff,0xff,0xc0,0x00,0x00,0x00,0x00,0x01,0xf9,0xff,0xc0,0x00,0x00,0x00,0x00,0x01,0xf9,
  0xff,0xc0,0x00,0x00,0x00,0x00,0x03,0xf9,0xff,0xe0,0x00,0x00,0x00,0x00,0x03,0xf9,0xff,0xe0,0x00,0x00,0x00,0x00,0x03,0xf0,
  0xff,0xf0,0x00,0x00,0x00,0x00,0x07,0xf0,0xff,0xf0,0x00,0x00,0x00,0x00,0x07,0xf0,0xff,0xf0,0x00,0x00,0x00,0x00,0x07,0xe0,
  0x7f,0xf8,0x00,0x00,0x00,0x00,0x0f,0xe0,0x7f,0xf8,0x00,0x00,0x00,0x00,0x0f,0xe0,0x7f,0xf8,0x00,0x00,0x00,0x00,0x0f,0xc0,
  0x3f,0xfc,0x00,0x00,0x00,0x00,0x1f,0xc0,0x3f,0xfc,0x00,0x00,0x00,0x00,0x1f,0xc0,0x3f,0xfe,0x00,0x00,0x00,0x00,0x3f,0x80,
  0x1f,0xfe,0x00,0x00,0x00,0x00,0x3f,0x80,0x1f,0xfe,0x00,0x00,0x00,0x00,0x3f,0x80,0x0f,0xff,0x00,0x00,0x00,0x00,0x7f,0x00,
  0x0f,0xff,0x00,0x00,0x00,0x00,0x7f,0x00,0x0f,0xff,0x80,0x00,0x00,0x00,0x7f,0x00,0x07,0xff,0x80,0x00,0x00,0x00,0xfe,0x00,
  0x07,0xff,0x80,0x00,0x00,0x00,0xfe,0x00,0x07,0xff,0xc0,0x00,0x00,0x01,0xfe,0x00,0x03,0xff,0xc0,0x00,0x00,0x01,0xfc,0x00,
  0x03,0xff,0xc0,0x00,0x00,0x01,0xfc,0x00,0x03,0xff,0xe0,0x00,0x00,0x03,0xfc,0x00,0x01,0xff,0xe0,0x00,0x00,0x03,0xf8,0x00,
  0x01,0xff,0xf0,0x00,0x00,0x03,0xff,0xff,0xff,0xff,0xf0,0x00,0x00,0x07,0xff,0xff,0xff,0xff,0xf0,0x00,0x00,0x07,0xff,0xff,
  0xff,0xff,0xf8,0x00,0x00,0x07,0xff,0xff,0xff,0xff,0xf8,0x00,0x00,0x0f,0xff,0xff,0xff,0xff,0xf8,0x00,0x00,0x0f,0xff,0xff,
  0xff,0xff,0xfc,0x00,0x00,0x1f,0xe0,0x00,0x00,0x3f,0xfc,0x00,0x00,0x1f,0xc0,0x00,0x00,0x3f,0xfe,0x00,0x00,0x1f,0xc0,0x00,
  0x00,0x3f,0xfe,0x00,0x00,0x3f,0xc0,0x00,0x00,0x1f,0xfe,0x00,0x00,0x3f,0x80,0x00,0x00,0x1f,0xff,0x00,0x00,0x3f,0x80,0x00,
  0x00,0x0f,0xff,0x00,0x00,0x7f,0x80,0x00,0x00,0x0f,0xff,0x00,0x00,0x7f,0x00,0x00,0x00,0x0f,0xff,0x80,0x00,0xff,0x00,0x00,
  0x00,0x07,0xff,0x80,0x00,0xff,0x00,0x00,0x00,0x07,0xff,0x80,0x01,0xfe,0x00,0x00,0x00,0x07,0xff,0xc0,0x01,0xfe,0x00,0x00,
  0x00,0x07,0xff,0xc0,0x03,0xfe,0x00,0x00,0x00,0x07,0xff,0xc0,0x07,0xfc,0x00,0x00,0x00,0x0f,0xff,0xc0,0x1f,0xff,0xf8,0x00,
  0x00,0x1f,0xff,0xff,0x7f,0xff,0xf8,0x00,0x00,0xff,0xff,0xff,0x7f,0xff,0xf8,0x00,0x00,0xff,0xff,0xff,0x7f,0xff,0xf8,0x00,
  0x00,0xff,0xff,0xff,0x7f,0xff,0xf8,0x00,0x00,0xff,0xff,0xff,0x7f,0xff,0xf8,0x00,0x00,0xff,0xff,0xff,0x07,0xff,0xff,0xff,
  0xe0,0x00,0x00,0x00,0x07,0xff,0xff,0xff,0xff,0x80,0x00,0x00,0x07,0xff,0xff,0xff,0xff,0xf0,0x00,0x00,0x07,0xff,0xff,0xff,
  0xff,0xfc,0x00,0x00,0x07,0xff,0xff,0xff,0xff,0xff,0x00,0x00,0x07,0xff,0xff,0xf0,0xff,0xff,0x80,0x00,0x00,0x0f,0xff,0xc0,
  0x0f,0xff,0xc0,0x00,0x00,0x0f,0xff,0x80,0x07,0xff,0xe0,0x00,0x00,0x0f,0xff,0x80,0x01,0xff,0xf0,0x00,0x00,0x0f,0xff,0x00,
  0x01,0xff,0xf0,0x00,0x00,0x0f,0xff,0x00,0x00,0xff,0xf8,0x00,0x00,0x0f,0xff,0x00,0x00,0xff,0xf8,0x00,0x00,0x0f,0xff,0x00,
  0x00,0x7f,0xf8,0x00,0x00,0x0f,0xff,0x00,0x00,0x7f,0xfc,0x00,0x00,0x0f,0xff,0x00,0x00,0x7f,0xfc,0x00,0x00,0x0f,0xff,0x00,
  0x00,0x7f,0xfc,0x00,0x00,0x0f,0xff,0x00,0x00,0x7f,0xfc,0x00,0x00,0x0f,0xff,0x00,0x00,0x7f,0xfc,0x00,0x00,0x0f,0xff,0x00,
  0x00,0x7f,0xfc,0x00,0x00,0x0f,0xff,0x00,0x00,0x7f,0xfc,0x00,0x00,0x0f,0xff,0x00,0x00,0x7f,0xfc,0x00,0x00,0x0f,0xff,0x00,
  0x00,0x7f,0xf8,0x00,0x00,0x0f,0xff,0x00,0x00,0xff,0xf8,0x00,0x00,0x0f,0xff,0x00,0x00,0xff,0xf0,0x00,0x00,0x0f,0xff,0x00,
  0x00,0xff,0xe0,0x00,0x00,0x0f,0xff,0x00,0x01,0xff,0xe0,0x00,0x00,0x0f,0xff,0x00,0x03,0xff,0xc0,0x00,0x00,0x0f,0xff,0x00,
  0x07,0xff,0x00,0x00,0x00,0x0f,0xff,0x00,0x0f,0xfe,0x00,0x00,0x00,0x0f,0xff,0x00,0x3f,0xf8,0x00,0x00,0x00,0x0f,0xff,0xff,
  0xff,0xe0,0x00,0x00,0x00,0x0f,0xff,0xff,0xff,0x80,0x00,0x00,0x00,0x0f,0xff,0xff,0xff,0xf8,0x00,0x00,0x00,0x0f,0xff,0xff,
  0xff,0xff,0x00,0x00,0x00,0x0f,0xff,0xff,0xff,0xff,0xc0,0x00,0x00,0x0f,0xff,0xff,0xff,0xff,0xf0,0x00,0x00,0x0f,0xff,0x00,
  0x07,0xff,0xf8,0x00,0x00,0x0f,0xff,0x00,0x00,0xff,0xfc,0x00,0x00,0x0f,0xff,0x00,0x00,0x3f,0xfe,0x00,0x00,0x0f,0xff,0x00,
  0x00,0x1f,0xff,0x00,0x00,0x0f,0xff,0x00,0x00,0x0f,0xff,0x80,0x00,0x0f,0xff,0x00,0x00,0x07,0xff,0x80,0x00,0x0f,0xff,0x00,
  0x00,0x07,0xff,0xc0,0x00,0x0f,0xff,0x00,0x00,0x07,0xff,0xc0,0x00,0x0f,0xff,0x00,0x00,0x03,0xff,0xc0,0x00,0x0f,0xff,0x00,
  0x00,0x03,0xff,0xe0,0x00,0x0f,0xff,0x00,0x00,0x03,0xff,0xe0,0x00,0x0f,0xff,0x00,0x00,0x03,0xff,0xe0,0x00,0x0f,0xff,0x00,
  0x00,0x03,0xff,0xe0,0x00,0x0f,0xff,0x00,0x00,0x03,0xff,0xe0,0x00,0x0f,0xff,0x00,0x00,0x03,0xff,0xe0,0x00,0x0f,0xff,0x00,
  0x00,0x03,0xff,0xe0,0x00,0x0f,0xff,0x00,0x00,0x03,0xff,0xe0,0x00,0x0f,0xff,0x00,0x00,0x03,0xff,0xc0,0x00,0x0f,0xff,0x00,
  0x00,0x07,0xff,0xc0,0x00,0x0f,0xff,0x00,0x00,0x07,0xff,0xc0,0x00,0x0f,0xff,0x00,0x00,0x07,0xff,0xc0,0x00,0x0f,0xff,0x00,
  0x00,0x0f,0xff,0x80,0x00,0x1f,0xff,0x00,0x00,0x1f,0xff,0x00,0x00,0x1f,0xff,0x00,0x00,0x3f,0xff,0x00,0x00,0x1f,0xff,0x00,
  0x00,0x7f,0xfe,0x00,0x00,0x3f,0xff,0x00,0x03,0xff,0xfc,0x00,0x00,0xff,0xff,0xff,0xff,0xff,0xf8,0x00,0x07,0xff,0xff,0xff,
  0xff,0xff,0xf0,0x00,0x07,0xff,0xff,0xff,0xff,0xff,0xc0,0x00,0x07,0xff,0xff,0xff,0xff,0xff,0x00,0x00,0x07,0xff,0xff,0xff,
  0xff,0xfc,0x00,0x00,0x07,0xff,0xff,0xff,0xff,0xc0,0x00,0x00,0x00,0x00,0x00,0x00,0x7f,0x80,0x00,0x00,0x00,0x00,0x00,0x00,
  0x0f,0xff,0xfc,0x03,0xf8,0x00,0x00,0x00,0x00,0x7f,0xff,0xff,0x83,0xf8,0x00,0x00,0x00,0x03,0xff,0xff,0xff,0xf1,0xf8,0x00,
  0x00,0x00,0x07,0xff,0xff,0xff,0xf9,0xf8,0x00,0x00,0x00,0x1f,0xff,0xff,0xff,0xff,0xf8,0x00,0x00,0x00,0x3f,0xff,0xc0,0x1f,
  0xff,0xf8,0x00,0x00,0x00,0xff,0xfe,0x00,0x03,0xff,0xf8,0x00,0x00,0x01,0xff,0xf8,0x00,0x01,0xff,0xf8,0x00,0x00,0x03,0xff,
  0xe0,0x00,0x00,0x7f,0xf8,0x00,0x00,0x07,0xff,0xc0,0x00,0x00,0x3f,0xf8,0x00,0x00,0x0f,0xff,0x80,0x00,0x00,0x1f,0xf8,0x00,
  0x00,0x0f,0xff,0x00,0x00,0x00,0x0f,0xf8,0x00,0x00,0x1f,0xfe,0x00,0x00,0x00,0x0f,0xf8,0x00,0x00,0x3f,0xfc,0x00,0x00,0x00,
  0x07,0xf8,0x00,0x00,0x3f,0xfc,0x00,0x00,0x00,0x07,0xf8,0x00,0x00,0x7f,0xf8,0x00,0x00,0x00,0x03,0xf8,0x00,0x00,0x7f,0xf8,
  0x00,0x00,0x00,0x03,0xf8,0x00,0x00,0xff,0xf0,0x00,0x00,0x00,0x03,0xf8,0x00,0x00,0xff,0xf0,0x00,0x00,0x00,0x01,0xf8,0x00,
  0x01,0xff,0xe0,0x00,0x00,0x00,0x01,0xf8,0x00,0x01,0xff,0xe0,0x00,0x00,0x00,0x01,0xf8,0x00,0x03,0xff,0xc0,0x00,0x00,0x00,
  0x01,0xf8,0x00,0x03,0xff,0xc0,0x00,0x00,0x00,0x00,0xf8,0x00,0x03,0xff,0xc0,0x00,0x00,0x00,0x00,0x00,0x00,0x07,0xff,0xc0,
  0x00,0x00,0x00,0x00,0x00,0x00,0x07,0xff,0x80,0x00,0x00,0x00,0x00,0x00,0x00,0x07,0xff,0x80,0x00,0x00,0x00,0x00,0x00,0x00,
  0x07,0xff,0x80,0x00,0x00,0x00,0x00,0x00,0x00,0x07,0xff,0x80,0x00,0x00,0x00,0x00,0x00,0x00,0x0f,0xff,0x80,0x00,0x00,0x00,
  0x00,0x00,0x00,0x0f,0xff,0x80,0x00,0x00,0x00,0x00,0x00,0x00,0x0f,0xff,0x80,0x00,0x00,0x00,0x00,0x00,0x00,0x0f,0xff,0x80,
  0x00,0x00,0x00,0x00,0x00,0x00,0x0f,0xff,0x80,0x00,0x00,0x00,0x00,0x00,0x00,0x0f,0xff,0x80,0x00,0x00,0x00,0x00,0x00,0x00,
  0x0f,0xff,0x80,0x00,0x00,0x00,0x00,0x00,0x00,0x0f,0xff,0x80,0x00,0x00,0x00,0x00,0x00,0x00,0x0f,0xff,0x80,0x00,0x00,0x00,
  0x00,0x00,0x00,0x0f,0xff,0x80,0x00,0x00,0x00,0x00,0x00,0x00,0x0f,0xff,0x80,0x00,0x00,0x00,0x00,0x00,0x00,0x0f,0xff,0x80,
  0x00,0x00,0x00,0x00,0x00,0x00,0x0f,0xff,0x80,0x00,0x00,0x00,0x00,0x00,0x00,0x07,0xff,0xc0,0x00,0x00,0x00,0x00,0x00,0x00,
  0x07,0xff,0xc0,0x00,0x00,0x00,0x00,0x00,0x00,0x07,0xff,0xc0,0x00,0x00,0x00,0x00,0x00,0x00,0x07,0xff,0xc0,0x00,0x00,0x00,
  0x00,0x00,0x00,0x03,0xff,0xe0,0x00,0x00,0x00,0x00,0x00,0x00,0x03,0xff,0xe0,0x00,0x00,0x00,0x00,0x00,0x00,0x03,0xff,0xe0,
  0x00,0x00,0x00,0x00,0x00,0x00,0x01,0xff,0xf0,0x00,0x00,0x00,0x00,0x00,0x00,0x01,0xff,0xf0,0x00,0x00,0x00,0x00,0x00,0x00,
  0x01,0xff,0xf8,0x00,0x00,0x00,0x00,0x00,0x00,0x00,0xff,0xf8,0x00,0x00,0x00,0x00,0x0c,0x00,0x00,0xff,0xfc,0x00,0x00,0x00,
  0x00,0x1e,0x00,0x00,0x7f,0xfe,0x00,0x00,0x00,0x00,0x3f,0x00,0x00,0x3f,0xfe,0x00,0x00,0x00,0x00,0x7f,0x80,0x00,0x3f,0xff,
  0x00,0x00,0x00,0x00,0xff,0x00,0x00,0x1f,0xff,0x80,0x00,0x00,0x01,0xfe,0x00,0x00,0x0f,0xff,0xc0,0x00,0x00,0x03,0xfc,0x00,
  0x00,0x07,0xff,0xf0,0x00,0x00,0x0f,0xf8,0x00,0x00,0x03,0xff,0xf8,0x00,0x00,0x3f,0xf0,0x00,0x00,0x01,0xff,0xfe,0x00,0x01,
  0xff,0xe0,0x00,0x00,0x00,0xff,0xff,0xc0,0x0f,0xff,0xc0,0x00,0x00,0x00,0x7f,0xff,0xff,0xff,0xff,0x80,0x00,0x00,0x00,0x3f,
  0xff,0xff,0xff,0xfe,0x00,0x00,0x00,0x00,0x0f,0xff,0xff,0xff,0xfc,0x00,0x00,0x00,0x00,0x03,0xff,0xff,0xff,0xf0,0x00,0x00,
  0x00,0x00,0x00,0xff,0xff,0xff,0x80,0x00,0x00,0x00,0x00,0x00,0x3f,0xff,0xfe,0x00,0x00,0x00,0x00,0x00,0x00,0x01,0xff,0xc0,
  0x00,0x00,0x00,0x07,0xff,0xff,0xff,0xfc,0x00,0x00,0x00,0x00,0x07,0xff,0xff,0xff,0xff,0xf0,0x00,0x00,0x00,0x07,0xff,0xff,
  0xff,0xff,0xfe,0x00,0x00,0x00,0x07,0xff,0xff,0xff,0xff,0xff,0xc0,0x00,0x00,0x07,0xff,0xff,0xff,0xff,0xff,0xf0,0x00,0x00,
  0x07,0xff,0xff,0xff,0xff,0xff,0xf8,0x00,0x00,0x07,0xff,0xff,0xe0,0x03,0xff,0xfe,0x00,0x00,0x00,0x0f,0xff,0xc0,0x00,0x7f,
  0xff,0x00,0x00,0x00,0x0f,0xff,0x80,0x00,0x1f,0xff,0xc0,0x00,0x00,0x0f,0xff,0x80,0x00,0x07,0xff,0xe0,0x00,0x00,0x0f,0xff,
  0x00,0x00,0x03,0xff,0xf0,0x00,0x00,0x0f,0xff,0x00,0x00,0x00,0xff,0xf8,0x00,0x00,0x0f,0xff,0x00,0x00,0x00,0x7f,0xf8,0x00,
  0x00,0x0f,0xff,0x00,0x00,0x00,0x3f,0xfc,0x00,0x00,0x0f,0xff,0x00,0x00,0x00,0x3f,0xfe,0x00,0x00,0x0f,0xff,0x00,0x00,0x00,
  0x1f,0xff,0x00,0x00,0x0f,0xff,0x00,0x00,0x00,0x0f,0xff,0x00,0x00,0x0f,0xff,0x00,0x00,0x00,0x0f,0xff,0x80,0x00,0x0f,0xff,
  0x00,0x00,0x00,0x07,0xff,0x80,0x00,0x0f,0xff,0x00,0x00,0x00,0x07,0xff,0xc0,0x00,0x0f,0xff,0x00,0x00,0x00,0x03,0xff,0xc0,
  0x00,0x0f,0xff,0x00,0x00,0x00,0x03,0xff,0xe0,0x00,0x0f,0xff,0x00,0x00,0x00,0x03,0xff,0xe0,0x00,0x0f,0xff,0x00,0x00,0x00,
  0x01,0xff,0xe0,0x00,0x0f,0xff,0x00,0x00,0x00,0x01,0xff,0xe0,0x00,0x0f,0xff,0x00,0x00,0x00,0x01,0xff,0xf0,0x00,0x0f,0xff,
  0x00,0x00,0x00,0x01,0xff,0xf0,0x00,0x0f,0xff,0x00,0x00,0x00,0x01,0xff,0xf0,0x00,0x0f,0xff,0x00,0x00,0x00,0x00,0xff,0xf0,
  0x00,0x0f,0xff,0x00,0x00,0x00,0x00,0xff,0xf0,0x00,0x0f,0xff,0x00,0x00,0x00,0x00,0xff,0xf8,0x00,0x0f,0xff,0x00,0x00,0x00,
  0x00,0xff,0xf8,0x00,0x0f,0xff,0x00,0x00,0x00,0x00,0xff,0xf8,0x00,0x0f,0xff,0x00,0x00,0x00,0x00,0xff,0xf8,0x00,0x0f,0xff,
  0x00,0x00,0x00,0x00,0xff,0xf8,0x00,0x0f,0xff,0x00,0x00,0x00,0x00,0xff,0xf8,0x00,0x0f,0xff,0x00,0x00,0x00,0x00,0xff,0xf8,
  0x00,0x0f,0xff,0x00,0x00,0x00,0x00,0xff,0xf0,0x00,0x0f,0xff,0x00,0x00,0x00,0x00,0xff,0xf0,0x00,0x0f,0xff,0x00,0x00,0x00,
  0x00,0xff,0xf0,0x00,0x0f,0xff,0x00,0x00,0x00,0x00,0xff,0xf0,0x00,0x0f,0xff,0x00,0x00,0x00,0x01,0xff,0xf0,0x00,0x0f,0xff,
  0x00,0x00,0x00,0x01,0xff,0xf0,0x00,0x0f,0xff,0x00,0x00,0x00,0x01,0xff,0xe0,0x00,0x0f,0xff,0x00,0x00,0x00,0x01,0xff,0xe0,
  0x00,0x0f,0xff,0x00,0x00,0x00,0x03,0xff,0xe0,0x00,0x0f,0xff,0x00,0x00,0x00,0x03,0xff,0xc0,0x00,0x0f,0xff,0x00,0x00,0x00,
  0x03,0xff,0xc0,0x00,0x0f,0xff,0x00,0x00,0x00,0x07,0xff,0x80,0x00,0x0f,0xff,0x00,0x00,0x00,0x07,0xff,0x80,0x00,0x0f,0xff,
  0x00,0x00,0x00,0x0f,0xff,0x00,0x00,0x0f,0xff,0x00,0x00,0x00,0x0f,0xff,0x00,0x00,0x0f,0xff,0x00,0x00,0x00,0x1f,0xfe,0x00,
  0x00,0x0f,0xff,0x00,0x00,0x00,0x1f,0xfe,0x00,0x00,0x0f,0xff,0x00,0x00,0x00,0x3f,0xfc,0x00,0x00,0x0f,0xff,0x00,0x00,0x00,
  0x7f,0xf8,0x00,0x00,0x0f,0xff,0x00,0x00,0x00,0xff,0xf0,0x00,0x00,0x0f,0xff,0x00,0x00,0x01,0xff,0xe0,0x00,0x00,0x0f,0xff,
  0x00,0x00,0x07,0xff,0xc0,0x00,0x00,0x1f,0xff,0x00,0x00,0x0f,0xff,0x80,0x00,0x00,0x1f,0xff,0x00,0x00,0x3f,0xff,0x00,0x00,
  0x00,0x3f,0xff,0x00,0x01,0xff,0xfe,0x00,0x00,0x00,0xff,0xff,0xff,0xff,0xff,0xf8,0x00,0x00,0x07,0xff,0xff,0xff,0xff,0xff,
  0xe0,0x00,0x00,0x07,0xff,0xff,0xff,0xff,0xff,0x80,0x00,0x00,0x07,0xff,0xff,0xff,0xff,0xfe,0x00,0x00,0x00,0x07,0xff,0xff,
  0xff,0xff,0xf0,0x00,0x00,0x00,0x07,0xff,0xff,0xff,0xfe,0x00,0x00,0x00,0x00,0x07,0xff,0xff,0xff,0xff,0xff,0xf8,0x00,0x07,
  0xff,0xff,0xff,0xff,0xff,0xf8,0x00,0x07,0xff,0xff,0xff,0xff,0xff,0xf8,0x00,0x07,0xff,0xff,0xff,0xff,0xff,0xf8,0x00,0x07,
  0xff,0xff,0xff,0xff,0xff,0xf8,0x00,0x07,0xff,0xff,0xff,0xff,0xff,0xf8,0x00,0x07,0xff,0xff,0xe0,0x00,0xff,0xf8,0x00,0x00,
  0x0f,0xff,0xc0,0x00,0x1f,0xf8,0x00,0x00,0x0f,0xff,0x80,0x00,0x0f,0xf8,0x00,0x00,0x0f,0xff,0x80,0x00,0x07,0xf8,0x00,0x00,
  0x0f,0xff,0x00,0x00,0x03,0xf8,0x00,0x00,0x0f,0xff,0x00,0x00,0x01,0xf8,0x00,0x00,0x0f,0xff,0x00,0x00,0x01,0xf8,0x00,0x00,
  0x0f,0xff,0x00,0x00,0x01,0xf8,0x00,0x00,0x0f,0xff,0x00,0x00,0x00,0xf8,0x00,0x00,0x0f,0xff,0x00,0x00,0x00,0xf8,0x00,0x00,
  0x0f,0xff,0x00,0x00,0x00,0xf8,0x00,0x00,0x0f,0xff,0x00,0x00,0x00,0xf8,0x00,0x00,0x0f,0xff,0x00,0x00,0x00,0xf8,0x00,0x00,
  0x0f,0xff,0x00,0x00,0x00,0x00,0x00,0x00,0x0f,0xff,0x00,0x00,0x00,0x00,0x00,0x00,0x0f,0xff,0x00,0x00,0x00,0x00,0x00,0x00,
  0x0f,0xff,0x00,0x07,0xe0,0x00,0x00,0x00,0x0f,0xff,0x00,0x07,0xe0,0x00,0x00,0x00,0x0f,0xff,0x00,0x07,0xe0,0x00,0x00,0x00,
  0x0f,0xff,0x00,0x07,0xe0,0x00,0x00,0x00,0x0f,0xff,0x00,0x07,0xe0,0x00,0x00,0x00,0x0f,0xff,0x00,0x07,0xe0,0x00,0x00,0x00,
  0x0f,0xff,0x00,0x07,0xe0,0x00,0x00,0x00,0x0f,0xff,0x00,0x07,0xe0,0x00,0x00,0x00,0x0f,0xff,0xff,0xff,0xe0,0x00,0x00,0x00,
  0x0f,0xff,0xff,0xff,0xe0,0x00,0x00,0x00,0x0f,0xff,0xff,0xff,0xe0,0x00,0x00,0x00,0x0f,0xff,0xff,0xff,0xe0,0x00,0x00,0x00,
  0x0f,0xff,0xff,0xff,0xe0,0x00,0x00,0x00,0x0f,0xff,0xff,0xff,0xe0,0x00,0x00,0x00,0x0f,0xff,0x00,0x3f,0xe0,0x00,0x00,0x00,
  0x0f,0xff,0x00,0x0f,0xe0,0x00,0x00,0x00,0x0f,0xff,0x00,0x07,0xe0,0x00,0x00,0x00,0x0f,0xff,0x00,0x07,0xe0,0x00,0x00,0x00,
  0x0f,0xff,0x00,0x03,0xe0,0x00,0x00,0x00,0x0f,0xff,0x00,0x03,0xe0,0x00,0x00,0x00,0x0f,0xff,0x00,0x03,0xe0,0x00,0x00,0x00,
  0x0f,0xff,0x00,0x03,0xe0,0x00,0x00,0x00,0x0f,0xff,0x00,0x00,0x00,0x00,0x00,0x00,0x0f,0xff,0x00,0x00,0x00,0x00,0x00,0x00,
  0x0f,0xff,0x00,0x00,0x00,0x00,0x00,0x00,0x0f,0xff,0x00,0x00,0x00,0x1f,0x00,0x00,0x0f,0xff,0x00,0x00,0x00,0x1f,0x00,0x00,
  0x0f,0xff,0x00,0x00,0x00,0x1f,0x00,0x00,0x0f,0xff,0x00,0x00,0x00,0x1f,0x00,0x00,0x0f,0xff,0x00,0x00,0x00,0x1f,0x00,0x00,
  0x0f,0xff,0x00,0x00,0x00,0x1f,0x00,0x00,0x0f,0xff,0x00,0x00,0x00,0x3f,0x00,0x00,0x0f,0xff,0x00,0x00,0x00,0x3f,0x00,0x00,
  0x0f,0xff,0x00,0x00,0x00,0x3f,0x00,0x00,0x0f,0xff,0x00,0x00,0x00,0x7f,0x00,0x00,0x0f,0xff,0x00,0x00,0x00,0xff,0x00,0x00,
  0x0f,0xff,0x00,0x00,0x00,0xff,0x00,0x00,0x1f,0xff,0x00,0x00,0x01,0xff,0x00,0x00,0x1f,0xff,0x00,0x00,0x07,0xff,0x00,0x00,
  0x3f,0xff,0x00,0x00,0x1f,0xff,0x00,0x00,0xff,0xff,0xff,0xff,0xff,0xff,0x00,0x07,0xff,0xff,0xff,0xff,0xff,0xff,0x00,0x07,
  0xff,0xff,0xff,0xff,0xff,0xff,0x00,0x07,0xff,0xff,0xff,0xff,0xff,0xff,0x00,0x07,0xff,0xff,0xff,0xff,0xff,0xff,0x00,0x07,
  0xff,0xff,0xff,0xff,0xff,0xff,0x00,0x07,0xff,0xff,0xff,0xff,0xff,0xf0,0x07,0xff,0xff,0xff,0xff,0xff,0xf0,0x07,0xff,0xff,
  0xff,0xff,0xff,0xf0,0x07,0xff,0xff,0xff,0xff,0xff,0xf0,0x07,0xff,0xff,0xff,0xff,0xff,0xf0,0x07,0xff,0xff,0xff,0xff,0xff,
  0xf0,0x07,0xff,0xff,0xe0,0x00,0xff,0xf0,0x00,0x0f,0xff,0xc0,0x00,0x3f,0xf0,0x00,0x0f,0xff,0x80,0x00,0x1f,0xf0,0x00,0x0f,
  0xff,0x80,0x00,0x0f,0xf0,0x00,0x0f,0xff,0x00,0x00,0x07,0xf0,0x00,0x0f,0xff,0x00,0x00,0x03,0xf0,0x00,0x0f,0xff,0x00,0x00,
  0x03,0xf0,0x00,0x0f,0xff,0x00,0x00,0x03,0xf0,0x00,0x0f,0xff,0x00,0x00,0x01,0xf0,0x00,0x0f,0xff,0x00,0x00,0x01,0xf0,0x00,
  0x0f,0xff,0x00,0x00,0x01,0xf0,0x00,0x0f,0xff,0x00,0x00,0x01,0xf0,0x00,0x0f,0xff,0x00,0x00,0x01,0xf0,0x00,0x0f,0xff,0x00,
  0x00,0x00,0x00,0x00,0x0f,0xff,0x00,0x00,0x00,0x00,0x00,0x0f,0xff,0x00,0x00,0x00,0x00,0x00,0x0f,0xff,0x00,0x00,0x00,0x00,
  0x00,0x0f,0xff,0x00,0x00,0x00,0x00,0x00,0x0f,0xff,0x00,0x0f,0xc0,0x00,0x00,0x0f,0xff,0x00,0x0f,0xc0,0x00,0x00,0x0f,0xff,
  0x00,0x0f,0xc0,0x00,0x00,0x0f,0xff,0x00,0x0f,0xc0,0x00,0x00,0x0f,0xff,0x00,0x0f,0xc0,0x00,0x00,0x0f,0xff,0x00,0x0f,0xc0,
  0x00,0x00,0x0f,0xff,0x00,0x0f,0xc0,0x00,0x00,0x0f,0xff,0x00,0x0f,0xc0,0x00,0x00,0x0f,0xff,0xff,0xff,0xc0,0x00,0x00,0x0f,
  0xff,0xff,0xff,0xc0,0x00,0x00,0x0f,0xff,0xff,0xff,0xc0,0x00,0x00,0x0f,0xff,0xff,0xff,0xc0,0x00,0x00,0x0f,0xff,0xff,0xff,
  0xc0,0x00,0x00,0x0f,0xff,0xff,0xff,0xc0,0x00,0x00,0x0f,0xff,0x00,0x7f,0xc0,0x00,0x00,0x0f,0xff,0x00,0x1f,0xc0,0x00,0x00,
  0x0f,0xff,0x00,0x0f,0xc0,0x00,0x00,0x0f,0xff,0x00,0x0f,0xc0,0x00,0x00,0x0f,0xff,0x00,0x07,0xc0,0x00,0x00,0x0f,0xff,0x00,
  0x07,0xc0,0x00,0x00,0x0f,0xff,0x00,0x07,0xc0,0x00,0x00,0x0f,0xff,0x00,0x07,0xc0,0x00,0x00,0x0f,0xff,0x00,0x00,0x00,0x00,
  0x00,0x0f,0xff,0x00,0x00,0x00,0x00,0x00,0x0f,0xff,0x00,0x00,0x00,0x00,0x00,0x0f,0xff,0x00,0x00,0x00,0x00,0x00,0x0f,0xff,
  0x00,0x00,0x00,0x00,0x00,0x0f,0xff,0x00,0x00,0x00,0x00,0x00,0x0f,0xff,0x00,0x00,0x00,0x00,0x00,0x0f,0xff,0x00,0x00,0x00,
  0x00,0x00,0x0f,0xff,0x00,0x00,0x00,0x00,0x00,0x0f,0xff,0x00,0x00,0x00,0x00,0x00,0x0f,0xff,0x00,0x00,0x00,0x00,0x00,0x0f,
  0xff,0x00,0x00,0x00,0x00,0x00,0x0f,0xff,0x00,0x00,0x00,0x00,0x00,0x1f,0xff,0x00,0x00,0x00,0x00,0x00,0x1f,0xff,0x00,0x00,
  0x00,0x00,0x00,0x3f,0xff,0x00,0x00,0x00,0x00,0x00,0x7f,0xff,0xff,0x00,0x00,0x00,0x07,0xff,0xff,0xff,0x00,0x00,0x00,0x07,
  0xff,0xff,0xff,0x00,0x00,0x00,0x07,0xff,0xff,0xff,0x00,0x00,0x00,0x07,0xff,0xff,0xff,0x00,0x00,0x00,0x07,0xff,0xff,0xff,
  0x00,0x00,0x00,0x00,0x00,0x00,0x00,0xff,0x80,0x00,0x00,0x00,0x00,0x00,0x00,0x00,0x1f,0xff,0xfc,0x01,0xfc,0x00,0x00,0x00,
  0x00,0x00,0xff,0xff,0xff,0xc1,0xfc,0x00,0x00,0x00,0x00,0x03,0xff,0xff,0xff,0xf1,0xfc,0x00,0x00,0x00,0x00,0x0f,0xff,0xff,
  0xff,0xfd,0xfc,0x00,0x00,0x00,0x00,0x1f,0xff,0xff,0xff,0xff,0xfc,0x00,0x00,0x00,0x00,0x7f,0xff,0xc0,0x1f,0xff,0xfc,0x00,
  0x00,0x00,0x00,0xff,0xfe,0x00,0x03,0xff,0xfc,0x00,0x00,0x00,0x01,0xff,0xf8,0x00,0x00,0xff,0xfc,0x00,0x00,0x00,0x03,0xff,
  0xe0,0x00,0x00,0x7f,0xfc,0x00,0x00,0x00,0x07,0xff,0xc0,0x00,0x00,0x3f,0xfc,0x00,0x00,0x00,0x0f,0xff,0x80,0x00,0x00,0x0f,
  0xfc,0x00,0x00,0x00,0x0f,0xff,0x00,0x00,0x00,0x0f,0xfc,0x00,0x00,0x00,0x1f,0xfe,0x00,0x00,0x00,0x07,0xfc,0x00,0x00,0x00,
  0x3f,0xfc,0x00,0x00,0x00,0x03,0xfc,0x00,0x00,0x00,0x3f,0xfc,0x00,0x00,0x00,0x03,0xfc,0x00,0x00,0x00,0x7f,0xf8,0x00,0x00,
  0x00,0x01,0xfc,0x00,0x00,0x00,0x7f,0xf8,0x00,0x00,0x00,0x01,0xfc,0x00,0x00,0x00,0xff,0xf0,0x00,0x00,0x00,0x00,0xfc,0x00,
  0x00,0x00,0xff,0xf0,0x00,0x00,0x00,0x00,0xfc,0x00,0x00,0x01,0xff,0xe0,0x00,0x00,0x00,0x00,0xfc,0x00,0x00,0x01,0xff,0xe0,
  0x00,0x00,0x00,0x00,0xfc,0x00,0x00,0x03,0xff,0xc0,0x00,0x00,0x00,0x00,0x7c,0x00,0x00,0x03,0xff,0xc0,0x00,0x00,0x00,0x00,
  0x00,0x00,0x00,0x03,0xff,0xc0,0x00,0x00,0x00,0x00,0x00,0x00,0x00,0x03,0xff,0xc0,0x00,0x00,0x00,0x00,0x00,0x00,0x00,0x07,
  0xff,0x80,0x00,0x00,0x00,0x00,0x00,0x00,0x00,0x07,0xff,0x80,0x00,0x00,0x00,0x00,0x00,0x00,0x00,0x07,0xff,0x80,0x00,0x00,
  0x00,0x00,0x00,0x00,0x00,0x07,0xff,0x80,0x00,0x00,0x00,0x00,0x00,0x00,0x00,0x0f,0xff,0x80,0x00,0x00,0x00,0x00,0x00,0x00,
  0x00,0x0f,0xff,0x80,0x00,0x00,0x00,0x00,0x00,0x00,0x00,0x0f,0xff,0x80,0x00,0x00,0x00,0x00,0x00,0x00,0x00,0x0f,0xff,0x80,
  0x00,0x00,0x00,0x00,0x00,0x00,0x00,0x0f,0xff,0x80,0x00,0x00,0x00,0x00,0x00,0x00,0x00,0x0f,0xff,0x80,0x00,0x00,0x00,0x00,
  0x00,0x00,0x00,0x0f,0xff,0x80,0x00,0x00,0x01,0xff,0xff,0xfe,0x00,0x0f,0xff,0x80,0x00,0x00,0x01,0xff,0xff,0xfe,0x00,0x0f,
  0xff,0x80,0x00,0x00,0x01,0xff,0xff,0xfe,0x00,0x0f,0xff,0x80,0x00,0x00,0x01,0xff,0xff,0xfe,0x00,0x0f,0xff,0x80,0x00,0x00,
  0x01,0xff,0xff,0xfe,0x00,0x0f,0xff,0x80,0x00,0x00,0x01,0xff,0xff,0xf8,0x00,0x0f,0xff,0x80,0x00,0x00,0x00,0x07,0xff,0xe0,
  0x00,0x07,0xff,0xc0,0x00,0x00,0x00,0x07,0xff,0xc0,0x00,0x07,0xff,0xc0,0x00,0x00,0x00,0x07,0xff,0x80,0x00,0x07,0xff,0xc0,
  0x00,0x00,0x00,0x07,0xff,0x80,0x00,0x07,0xff,0xc0,0x00,0x00,0x00,0x07,0xff,0x00,0x00,0x07,0xff,0xe0,0x00,0x00,0x00,0x07,
  0xff,0x00,0x00,0x03,0xff,0xe0,0x00,0x00,0x00,0x07,0xff,0x00,0x00,0x03,0xff,0xe0,0x00,0x00,0x00,0x07,0xff,0x00,0x00,0x03,
  0xff,0xf0,0x00,0x00,0x00,0x07,0xff,0x00,0x00,0x01,0xff,0xf0,0x00,0x00,0x00,0x07,0xff,0x00,0x00,0x01,0xff,0xf8,0x00,0x00,
  0x00,0x07,0xff,0x00,0x00,0x00,0xff,0xf8,0x00,0x00,0x00,0x07,0xff,0x00,0x00,0x00,0xff,0xfc,0x00,0x00,0x00,0x07,0xff,0x00,
  0x00,0x00,0x7f,0xfc,0x00,0x00,0x00,0x07,0xff,0x00,0x00,0x00,0x7f,0xfe,0x00,0x00,0x00,0x07,0xff,0x00,0x00,0x00,0x3f,0xff,
  0x00,0x00,0x00,0x07,0xff,0x00,0x00,0x00,0x3f,0xff,0x80,0x00,0x00,0x07,0xff,0x00,0x00,0x00,0x1f,0xff,0xc0,0x00,0x00,0x07,
  0xff,0x00,0x00,0x00,0x0f,0xff,0xe0,0x00,0x00,0x07,0xff,0x00,0x00,0x00,0x07,0xff,0xf8,0x00,0x00,0x1f,0xff,0x00,0x00,0x00,
  0x03,0xff,0xfe,0x00,0x00,0x7f,0xff,0x00,0x00,0x00,0x01,0xff,0xff,0xc0,0x0f,0xff,0xff,0x00,0x00,0x00,0x00,0xff,0xff,0xff,
  0xff,0xff,0xff,0x00,0x00,0x00,0x00,0x7f,0xff,0xff,0xff,0xff,0xff,0x00,0x00,0x00,0x00,0x1f,0xff,0xff,0xff,0xff,0x80,0x00,
  0x00,0x00,0x00,0x07,0xff,0xff,0xff,0xf8,0x00,0x00,0x00,0x00,0x00,0x01,0xff,0xff,0xff,0xc0,0x00,0x00,0x00,0x00,0x00,0x00,
  0x3f,0xff,0xfe,0x00,0x00,0x00,0x00,0x00,0x00,0x00,0x03,0xff,0xc0,0x00,0x00,0x00,0x00,0x07,0xff,0xff,0xfe,0x00,0x03,0xff,
  0xff,0xff,0x00,0x07,0xff,0xff,0xfe,0x00,0x03,0xff,0xff,0xff,0x00,0x07,0xff,0xff,0xfe,0x00,0x03,0xff,0xff,0xff,0x00,0x07,
  0xff,0xff,0xfe,0x00,0x03,0xff,0xff,0xff,0x00,0x07,0xff,0xff,0xfe,0x00,0x03,0xff,0xff,0xff,0x00,0x07,0xff,0xff,0xf0,0x00,
  0x03,0xff,0xff,0xf8,0x00,0x00,0x0f,0xff,0xc0,0x00,0x00,0x07,0xff,0xe0,0x00,0x00,0x0f,0xff,0x80,0x00,0x00,0x07,0xff,0xc0,
  0x00,0x00,0x0f,0xff,0x80,0x00,0x00,0x07,0xff,0xc0,0x00,0x00,0x0f,0xff,0x00,0x00,0x00,0x07,0xff,0x80,0x00,0x00,0x0f,0xff,
  0x00,0x00,0x00,0x07,0xff,0x80,0x00,0x00,0x0f,0xff,0x00,0x00,0x00,0x07,0xff,0x80,0x00,0x00,0x0f,0xff,0x00,0x00,0x00,0x07,
  0xff,0x80,0x00,0x00,0x0f,0xff,0x00,0x00,0x00,0x07,0xff,0x80,0x00,0x00,0x0f,0xff,0x00,0x00,0x00,0x07,0xff,0x80,0x00,0x00,
  0x0f,0xff,0x00,0x00,0x00,0x07,0xff,0x80,0x00,0x00,0x0f,0xff,0x00,0x00,0x00,0x07,0xff,0x80,0x00,0x00,0x0f,0xff,0x00,0x00,
  0x00,0x07,0xff,0x80,0x00,0x00,0x0f,0xff,0x00,0x00,0x00,0x07,0xff,0x80,0x00,0x00,0x0f,0xff,0x00,0x00,0x00,0x07,0xff,0x80,
  0x00,0x00,0x0f,0xff,0x00,0x00,0x00,0x07,0xff,0x80,0x00,0x00,0x0f,0xff,0x00,0x00,0x00,0x07,0xff,0x80,0x00,0x00,0x0f,0xff,
  0x00,0x00,0x00,0x07,0xff,0x80,0x00,0x00,0x0f,0xff,0x00,0x00,0x00,0x07,0xff,0x80,0x00,0x00,0x0f,0xff,0x00,0x00,0x00,0x07,
  0xff,0x80,0x00,0x00,0x0f,0xff,0x00,0x00,0x00,0x07,0xff,0x80,0x00,0x00,0x0f,0xff,0x00,0x00,0x00,0x07,0xff,0x80,0x00,0x00,
  0x0f,0xff,0x00,0x00,0x00,0x07,0xff,0x80,0x00,0x00,0x0f,0xff,0x00,0x00,0x00,0x07,0xff,0x80,0x00,0x00,0x0f,0xff,0x00,0x00,
  0x00,0x07,0xff,0x80,0x00,0x00,0x0f,0xff,0x00,0x00,0x00,0x07,0xff,0x80,0x00,0x00,0x0f,0xff,0xff,0xff,0xff,0xff,0xff,0x80,
  0x00,0x00,0x0f,0xff,0xff,0xff,0xff,0xff,0xff,0x80,0x00,0x00,0x0f,0xff,0xff,0xff,0xff,0xff,0xff,0x80,0x00,0x00,0x0f,0xff,
  0xff,0xff,0xff,0xff,0xff,0x80,0x00,0x00,0x0f,0xff,0xff,0xff,0xff,0xff,0xff,0x80,0x00,0x00,0x0f,0xff,0xff,0xff,0xff,0xff,
  0xff,0x80,0x00,0x00,0x0f,0xff,0x00,0x00,0x00,0x07,0xff,0x80,0x00,0x00,0x0f,0xff,0x00,0x00,0x00,0x07,0xff,0x80,0x00,0x00,
  0x0f,0xff,0x00,0x00,0x00,0x07,0xff,0x80,0x00,0x00,0x0f,0xff,0x00,0x00,0x00,0x07,0xff,0x80,0x00,0x00,0x0f,0xff,0x00,0x00,
  0x00,0x07,0xff,0x80,0x00,0x00,0x0f,0xff,0x00,0x00,0x00,0x07,0xff,0x80,0x00,0x00,0x0f,0xff,0x00,0x00,0x00,0x07,0xff,0x80,
  0x00,0x00,0x0f,0xff,0x00,0x00,0x00,0x07,0xff,0x80,0x00,0x00,0x0f,0xff,0x00,0x00,0x00,0x07,0xff,0x80,0x00,0x00,0x0f,0xff,
  0x00,0x00,0x00,0x07,0xff,0x80,0x00,0x00,0x0f,0xff,0x00,0x00,0x00,0x07,0xff,0x80,0x00,0x00,0x0f,0xff,0x00,0x00,0x00,0x07,
  0xff,0x80,0x00,0x00,0x0f,0xff,0x00,0x00,0x00,0x07,0xff,0x80,0x00,0x00,0x0f,0xff,0x00,0x00,0x00,0x07,0xff,0x80,0x00,0x00,
  0x0f,0xff,0x00,0x00,0x00,0x07,0xff,0x80,0x00,0x00,0x0f,0xff,0x00,0x00,0x00,0x07,0xff,0x80,0x00,0x00,0x0f,0xff,0x00,0x00,
  0x00,0x07,0xff,0x80,0x00,0x00,0x0f,0xff,0x00,0x00,0x00,0x07,0xff,0x80,0x00,0x00,0x0f,0xff,0x00,0x00,0x00,0x07,0xff,0x80,
  0x00,0x00,0x0f,0xff,0x00,0x00,0x00,0x07,0xff,0x80,0x00,0x00,0x0f,0xff,0x00,0x00,0x00,0x07,0xff,0x80,0x00,0x00,0x0f,0xff,
  0x00,0x00,0x00,0x07,0xff,0x80,0x00,0x00,0x1f,0xff,0x00,0x00,0x00,0x0f,0xff,0x80,0x00,0x00,0x1f,0xff,0x00,0x00,0x00,0x0f,
  0xff,0x80,0x00,0x00,0x3f,0xff,0x00,0x00,0x00,0x1f,0xff,0x80,0x00,0x00,0x7f,0xff,0xfe,0x00,0x00,0x3f,0xff,0xff,0x00,0x07,
  0xff,0xff,0xfe,0x00,0x03,0xff,0xff,0xff,0x00,0x07,0xff,0xff,0xfe,0x00,0x03,0xff,0xff,0xff,0x00,0x07,0xff,0xff,0xfe,0x00,
  0x03,0xff,0xff,0xff,0x00,0x07,0xff,0xff,0xfe,0x00,0x03,0xff,0xff,0xff,0x00,0x07,0xff,0xff,0xfe,0x00,0x03,0xff,0xff,0xff,
  0x00,0x07,0xff,0xff,0xfe,0x00,0x07,0xff,0xff,0xfe,0x00,0x07,0xff,0xff,0xfe,0x00,0x07,0xff,0xff,0xfe,0x00,0x07,0xff,0xff,
  0xfe,0x00,0x07,0xff,0xff,0xf0,0x00,0x00,0x0f,0xff,0xc0,0x00,0x00,0x0f,0xff,0x80,0x00,0x00,0x0f,0xff,0x80,0x00,0x00,0x0f,
  0xff,0x00,0x00,0x00,0x0f,0xff,0x00,0x00,0x00,0x0f,0xff,0x00,0x00,0x00,0x0f,0xff,0x00,0x00,0x00,0x0f,0xff,0x00,0x00,0x00,
  0x0f,0xff,0x00,0x00,0x00,0x0f,0xff,0x00,0x00,0x00,0x0f,0xff,0x00,0x00,0x00,0x0f,0xff,0x00,0x00,0x00,0x0f,0xff,0x00,0x00,
  0x00,0x0f,0xff,0x00,0x00,0x00,0x0f,0xff,0x00,0x00,0x00,0x0f,0xff,0x00,0x00,0x00,0x0f,0xff,0x00,0x00,0x00,0x0f,0xff,0x00,
  0x00,0x00,0x0f,0xff,0x00,0x00,0x00,0x0f,0xff,0x00,0x00,0x00,0x0f,0xff,0x00,0x00,0x00,0x0f,0xff,0x00,0x00,0x00,0x0f,0xff,
  0x00,0x00,0x00,0x0f,0xff,0x00,0x00,0x00,0x0f,0xff,0x00,0x00,0x00,0x0f,0xff,0x00,0x00,0x00,0x0f,0xff,0x00,0x00,0x00,0x0f,
  0xff,0x00,0x00,0x00,0x0f,0xff,0x00,0x00,0x00,0x0f,0xff,0x00,0x00,0x00,0x0f,0xff,0x00,0x00,0x00,0x0f,0xff,0x00,0x00,0x00,
  0x0f,0xff,0x00,0x00,0x00,0x0f,0xff,0x00,0x00,0x00,0x0f,0xff,0x00,0x00,0x00,0x0f,0xff,0x00,0x00,0x00,0x0f,0xff,0x00,0x00,
  0x00,0x0f,0xff,0x00,0x00,0x00,0x0f,0xff,0x00,0x00,0x00,0x0f,0xff,0x00,0x00,0x00,0x0f,0xff,0x00,0x00,0x00,0x0f,0xff,0x00,
  0x00,0x00,0x0f,0xff,0x00,0x00,0x00,0x0f,0xff,0x00,0x00,0x00,0x0f,0xff,0x00,0x00,0x00,0x0f,0xff,0x00,0x00,0x00,0x0f,0xff,
  0x00,0x00,0x00,0x0f,0xff,0x00,0x00,0x00,0x0f,0xff,0x00,0x00,0x00,0x0f,0xff,0x00,0x00,0x00,0x0f,0xff,0x00,0x00,0x00,0x0f,
  0xff,0x00,0x00,0x00,0x0f,0xff,0x00,0x00,0x00,0x1f,0xff,0x00,0x00,0x00,0x1f,0xff,0x00,0x00,0x00,0x3f,0xff,0x00,0x00,0x00,
  0x7f,0xff,0xfe,0x00,0x07,0xff,0xff,0xfe,0x00,0x07,0xff,0xff,0xfe,0x00,0x07,0xff,0xff,0xfe,0x00,0x07,0xff,0xff,0xfe,0x00,
  0x07,0xff,0xff,0xfe,0x00,0x00,0x1f,0xff,0xff,0xfc,0x00,0x00,0x1f,0xff,0xff,0xfc,0x00,0x00,0x1f,0xff,0xff,0xfc,0x00,0x00,
  0x1f,0xff,0xff,0xfc,0x00,0x00,0x1f,0xff,0xff,0xfc,0x00,0x00,0x1f,0xff,0xff,0xe0,0x00,0x00,0x00,0x1f,0xff,0x80,0x00,0x00,
  0x00,0x1f,0xff,0x00,0x00,0x00,0x00,0x1f,0xff,0x00,0x00,0x00,0x00,0x1f,0xfe,0x00,0x00,0x00,0x00,0x1f,0xfe,0x00,0x00,0x00,
  0x00,0x1f,0xfe,0x00,0x00,0x00,0x00,0x1f,0xfe,0x00,0x00,0x00,0x00,0x1f,0xfe,0x00,0x00,0x00,0x00,0x1f,0xfe,0x00,0x00,0x00,
  0x00,0x1f,0xfe,0x00,0x00,0x00,0x00,0x1f,0xfe,0x00,0x00,0x00,0x00,0x1f,0xfe,0x00,0x00,0x00,0x00,0x1f,0xfe,0x00,0x00,0x00,
  0x00,0x1f,0xfe,0x00,0x00,0x00,0x00,0x1f,0xfe,0x00,0x00,0x00,0x00,0x1f,0xfe,0x00,0x00,0x00,0x00,0x1f,0xfe,0x00,0x00,0x00,
  0x00,0x1f,0xfe,0x00,0x00,0x00,0x00,0x1f,0xfe,0x00,0x00,0x00,0x00,0x1f,0xfe,0x00,0x00,0x00,0x00,0x1f,0xfe,0x00,0x00,0x00,
  0x00,0x1f,0xfe,0x00,0x00,0x00,0x00,0x1f,0xfe,0x00,0x00,0x00,0x00,0x1f,0xfe,0x00,0x00,0x00,0x00,0x1f,0xfe,0x00,0x00,0x00,
  0x00,0x1f,0xfe,0x00,0x00,0x00,0x00,0x1f,0xfe,0x00,0x00,0x00,0x00,0x1f,0xfe,0x00,0x00,0x00,0x00,0x1f,0xfe,0x00,0x00,0x00,
  0x00,0x1f,0xfe,0x00,0x00,0x00,0x00,0x1f,0xfe,0x00,0x00,0x00,0x00,0x1f,0xfe,0x00,0x00,0x00,0x00,0x1f,0xfe,0x00,0x00,0x00,
  0x00,0x1f,0xfe,0x00,0x00,0x00,0x00,0x1f,0xfe,0x00,0x00,0x00,0x00,0x1f,0xfe,0x00,0x00,0x00,0x00,0x1f,0xfe,0x00,0x00,0x00,
  0x00,0x1f,0xfe,0x00,0x00,0x00,0x00,0x1f,0xfe,0x00,0x00,0x00,0x00,0x1f,0xfe,0x00,0x00,0x00,0x00,0x1f,0xfe,0x00,0x00,0x00,
  0x00,0x1f,0xfe,0x00,0x00,0x00,0x00,0x1f,0xfe,0x00,0x00,0x00,0x00,0x1f,0xfe,0x00,0x00,0x00,0x00,0x1f,0xfe,0x00,0x00,0x00,
  0x00,0x1f,0xfc,0x00,0x00,0x00,0x00,0x1f,0xfc,0x00,0x00,0x1f,0x80,0x1f,0xfc,0x00,0x00,0x3f,0xe0,0x1f,0xfc,0x00,0x00,0x7f,
  0xe0,0x1f,0xfc,0x00,0x00,0x7f,0xf0,0x1f,0xf8,0x00,0x00,0xff,0xf0,0x1f,0xf8,0x00,0x00,0xff,0xf0,0x1f,0xf8,0x00,0x00,0xff,
  0xf0,0x3f,0xf0,0x00,0x00,0xff,0xf0,0x3f,0xf0,0x00,0x00,0xff,0xe0,0x7f,0xe0,0x00,0x00,0x7f,0xf0,0xff,0xe0,0x00,0x00,0x7f,
  0xff,0xff,0xc0,0x00,0x00,0x3f,0xff,0xff,0x80,0x00,0x00,0x1f,0xff,0xff,0x00,0x00,0x00,0x0f,0xff,0xfc,0x00,0x00,0x00,0x03,
  0xff,0xf8,0x00,0x00,0x00,0x00,0xff,0x80,0x00,0x00,0x00,0x07,0xff,0xff,0xfe,0x00,0xff,0xff,0xfe,0x00,0x07,0xff,0xff,0xfe,
  0x00,0xff,0xff,0xfe,0x00,0x07,0xff,0xff,0xfe,0x00,0xff,0xff,0xfe,0x00,0x07,0xff,0xff,0xfe,0x00,0xff,0xff,0xfe,0x00,0x07,
  0xff,0xff,0xfe,0x00,0xff,0xff,0xfe,0x00,0x07,0xff,0xff,0xf0,0x00,0xff,0xff,0xf0,0x00,0x00,0x0f,0xff,0xc0,0x00,0x03,0xff,
  0x80,0x00,0x00,0x0f,0xff,0x80,0x00,0x07,0xfe,0x00,0x00,0x00,0x0f,0xff,0x80,0x00,0x0f,0xf8,0x00,0x00,0x00,0x0f,0xff,0x00,
  0x00,0x1f,0xf0,0x00,0x00,0x00,0x0f,0xff,0x00,0x00,0x1f,0xe0,0x00,0x00,0x00,0x0f,0xff,0x00,0x00,0x3f,0xc0,0x00,0x00,0x00,
  0x0f,0xff,0x00,0x00,0x7f,0x80,0x00,0x00,0x00,0x0f,0xff,0x00,0x00,0x7f,0x00,0x00,0x00,0x00,0x0f,0xff,0x00,0x00,0xff,0x00,
  0x00,0x00,0x00,0x0f,0xff,0x00,0x00,0xfe,0x00,0x00,0x00,0x00,0x0f,0xff,0x00,0x01,0xfc,0x00,0x00,0x00,0x00,0x0f,0xff,0x00,
  0x03,0xfc,0x00,0x00,0x00,0x00,0x0f,0xff,0x00,0x03,0xf8,0x00,0x00,0x00,0x00,0x0f,0xff,0x00,0x07,0xf8,0x00,0x00,0x00,0x00,
  0x0f,0xff,0x00,0x07,0xf0,0x00,0x00,0x00,0x00,0x0f,0xff,0x00,0x0f,0xe0,0x00,0x00,0x00,0x00,0x0f,0xff,0x00,0x0f,0xe0,0x00,
  0x00,0x00,0x00,0x0f,0xff,0x00,0x1f,0xc0,0x00,0x00,0x00,0x00,0x0f,0xff,0x00,0x3f,0x80,0x00,0x00,0x00,0x00,0x0f,0xff,0x00,
  0x3f,0x80,0x00,0x00,0x00,0x00,0x0f,0xff,0x00,0x7f,0x00,0x00,0x00,0x00,0x00,0x0f,0xff,0x00,0x7f,0x00,0x00,0x00,0x00,0x00,
  0x0f,0xff,0x00,0xfe,0x00,0x00,0x00,0x00,0x00,0x0f,0xff,0x00,0xfc,0x00,0x00,0x00,0x00,0x00,0x0f,0xff,0xff,0xfc,0x00,0x00,
  0x00,0x00,0x00,0x0f,0xff,0xff,0xfc,0x00,0x00,0x00,0x00,0x00,0x0f,0xff,0xff,0xfe,0x00,0x00,0x00,0x00,0x00,0x0f,0xff,0xff,
  0xff,0x00,0x00,0x00,0x00,0x00,0x0f,0xff,0xff,0xff,0x80,0x00,0x00,0x00,0x00,0x0f,0xff,0xff,0xff,0xc0,0x00,0x00,0x00,0x00,
  0x0f,0xff,0xff,0xff,0xe0,0x00,0x00,0x00,0x00,0x0f,0xff,0x07,0xff,0xf0,0x00,0x00,0x00,0x00,0x0f,0xff,0x03,0xff,0xf0,0x00,
  0x00,0x00,0x00,0x0f,0xff,0x01,0xff,0xf8,0x00,0x00,0x00,0x00,0x0f,0xff,0x01,0xff,0xfc,0x00,0x00,0x00,0x00,0x0f,0xff,0x00,
  0xff,0xfe,0x00,0x00,0x00,0x00,0x0f,0xff,0x00,0x7f,0xfe,0x00,0x00,0x00,0x00,0x0f,0xff,0x00,0x3f,0xff,0x00,0x00,0x00,0x00,
  0x0f,0xff,0x00,0x3f,0xff,0x80,0x00,0x00,0x00,0x0f,0xff,0x00,0x1f,0xff,0x80,0x00,0x00,0x00,0x0f,0xff,0x00,0x0f,0xff,0xc0,
  0x00,0x00,0x00,0x0f,0xff,0x00,0x07,0xff,0xe0,0x00,0x00,0x00,0x0f,0xff,0x00,0x07,0xff,0xf0,0x00,0x00,0x00,0x0f,0xff,0x00,
  0x03,0xff,0xf0,0x00,0x00,0x00,0x0f,0xff,0x00,0x01,0xff,0xf8,0x00,0x00,0x00,0x0f,0xff,0x00,0x01,0xff,0xfc,0x00,0x00,0x00,
  0x0f,0xff,0x00,0x00,0xff,0xfc,0x00,0x00,0x00,0x0f,0xff,0x00,0x00,0x7f,0xfe,0x00,0x00,0x00,0x0f,0xff,0x00,0x00,0x7f,0xff,
  0x00,0x00,0x00,0x0f,0xff,0x00,0x00,0x3f,0xff,0x80,0x00,0x00,0x0f,0xff,0x00,0x00,0x1f,0xff,0xc0,0x00,0x00,0x0f,0xff,0x00,
  0x00,0x1f,0xff,0xe0,0x00,0x00,0x1f,0xff,0x00,0x00,0x0f,0xff,0xf0,0x00,0x00,0x1f,0xff,0x00,0x00,0x07,0xff,0xf8,0x00,0x00,
  0x3f,0xff,0x00,0x00,0x03,0xff,0xfc,0x00,0x00,0x7f,0xff,0x00,0x00,0x01,0xff,0xff,0x00,0x07,0xff,0xff,0xfe,0x00,0x01,0xff,
  0xff,0xe0,0x07,0xff,0xff,0xfe,0x00,0x00,0xff,0xff,0xe0,0x07,0xff,0xff,0xfe,0x00,0x00,0x7f,0xff,0xe0,0x07,0xff,0xff,0xfe,
  0x00,0x00,0x3f,0xff,0xe0,0x07,0xff,0xff,0xfe,0x00,0x00,0x1f,0xff,0xe0,0x07,0xff,0xff,0xfe,0x00,0x00,0x0f,0xff,0xe0,0x07,
  0xff,0xff,0xfe,0x00,0x00,0x00,0x00,0x07,0xff,0xff,0xfe,0x00,0x00,0x00,0x00,0x07,0xff,0xff,0xfe,0x00,0x00,0x00,0x00,0x07,
  0xff,0xff,0xfe,0x00,0x00,0x00,0x00,0x07,0xff,0xff,0xfe,0x00,0x00,0x00,0x00,0x07,0xff,0xff,0xf0,0x00,0x00,0x00,0x00,0x00,
  0x0f,0xff,0xc0,0x00,0x00,0x00,0x00,0x00,0x0f,0xff,0x80,0x00,0x00,0x00,0x00,0x00,0x0f,0xff,0x80,0x00,0x00,0x00,0x00,0x00,
  0x0f,0xff,0x00,0x00,0x00,0x00,0x00,0x00,0x0f,0xff,0x00,0x00,0x00,0x00,0x00,0x00,0x0f,0xff,0x00,0x00,0x00,0x00,0x00,0x00,
  0x0f,0xff,0x00,0x00,0x00,0x00,0x00,0x00,0x0f,0xff,0x00,0x00,0x00,0x00,0x00,0x00,0x0f,0xff,0x00,0x00,0x00,0x00,0x00,0x00,
  0x0f,0xff,0x00,0x00,0x00,0x00,0x00,0x00,0x0f,0xff,0x00,0x00,0x00,0x00,0x00,0x00,0x0f,0xff,0x00,0x00,0x00,0x00,0x00,0x00,
  0x0f,0xff,0x00,0x00,0x00,0x00,0x00,0x00,0x0f,0xff,0x00,0x00,0x00,0x00,0x00,0x00,0x0f,0xff,0x00,0x00,0x00,0x00,0x00,0x00,
  0x0f,0xff,0x00,0x00,0x00,0x00,0x00,0x00,0x0f,0xff,0x00,0x00,0x00,0x00,0x00,0x00,0x0f,0xff,0x00,0x00,0x00,0x00,0x00,0x00,
  0x0f,0xff,0x00,0x00,0x00,0x00,0x00,0x00,0x0f,0xff,0x00,0x00,0x00,0x00,0x00,0x00,0x0f,0xff,0x00,0x00,0x00,0x00,0x00,0x00,
  0x0f,0xff,0x00,0x00,0x00,0x00,0x00,0x00,0x0f,0xff,0x00,0x00,0x00,0x00,0x00,0x00,0x0f,0xff,0x00,0x00,0x00,0x00,0x00,0x00,
  0x0f,0xff,0x00,0x00,0x00,0x00,0x00,0x00,0x0f,0xff,0x00,0x00,0x00,0x00,0x00,0x00,0x0f,0xff,0x00,0x00,0x00,0x00,0x00,0x00,
  0x0f,0xff,0x00,0x00,0x00,0x00,0x00,0x00,0x0f,0xff,0x00,0x00,0x00,0x00,0x00,0x00,0x0f,0xff,0x00,0x00,0x00,0x00,0x00,0x00,
  0x0f,0xff,0x00,0x00,0x00,0x00,0x00,0x00,0x0f,0xff,0x00,0x00,0x00,0x00,0x00,0x00,0x0f,0xff,0x00,0x00,0x00,0x00,0x00,0x00,
  0x0f,0xff,0x00,0x00,0x00,0x00,0x00,0x00,0x0f,0xff,0x00,0x00,0x00,0x00,0x00,0x00,0x0f,0xff,0x00,0x00,0x00,0x00,0x00,0x00,
  0x0f,0xff,0x00,0x00,0x00,0x00,0x00,0x00,0x0f,0xff,0x00,0x00,0x00,0x00,0x00,0x00,0x0f,0xff,0x00,0x00,0x00,0x00,0x00,0x00,
  0x0f,0xff,0x00,0x00,0x00,0x00,0x00,0x00,0x0f,0xff,0x00,0x00,0x00,0x3e,0x00,0x00,0x0f,0xff,0x00,0x00,0x00,0x3e,0x00,0x00,
  0x0f,0xff,0x00,0x00,0x00,0x3e,0x00,0x00,0x0f,0xff,0x00,0x00,0x00,0x3e,0x00,0x00,0x0f,0xff,0x00,0x00,0x00,0x3e,0x00,0x00,
  0x0f,0xff,0x00,0x00,0x00,0x3e,0x00,0x00,0x0f,0xff,0x00,0x00,0x00,0x7e,0x00,0x00,0x0f,0xff,0x00,0x00,0x00,0x7e,0x00,0x00,
  0x0f,0xff,0x00,0x00,0x00,0x7e,0x00,0x00,0x0f,0xff,0x00,0x00,0x00,0xfe,0x00,0x00,0x0f,0xff,0x00,0x00,0x00,0xfe,0x00,0x00,
  0x0f,0xff,0x00,0x00,0x01,0xfe,0x00,0x00,0x0f,0xff,0x00,0x00,0x01,0xfe,0x00,0x00,0x1f,0xff,0x00,0x00,0x03,0xfe,0x00,0x00,
  0x1f,0xff,0x00,0x00,0x0f,0xfe,0x00,0x00,0x3f,0xff,0x00,0x00,0x3f,0xfe,0x00,0x00,0xff,0xff,0xff,0xff,0xff,0xfe,0x00,0x07,
  0xff,0xff,0xff,0xff,0xff,0xfe,0x00,0x07,0xff,0xff,0xff,0xff,0xff,0xfe,0x00,0x07,0xff,0xff,0xff,0xff,0xff,0xfe,0x00,0x07,
  0xff,0xff,0xff,0xff,0xff,0xfe,0x00,0x07,0xff,0xff,0xff,0xff,0xff,0xfe,0x00,0x07,0xff,0xff,0x00,0x00,0x00,0x00,0x00,0x7f,
  0xff,0xf8,0x00,0x07,0xff,0xff,0x80,0x00,0x00,0x00,0x00,0x7f,0xff,0xf8,0x00,0x07,0xff,0xff,0x80,0x00,0x00,0x00,0x00,0x7f,
  0xff,0xf8,0x00,0x07,0xff,0xff,0xc0,0x00,0x00,0x00,0x00,0xff,0xff,0xf8,0x00,0x07,0xff,0xff,0xc0,0x00,0x00,0x00,0x00,0xff,
  0xff,0xf8,0x00,0x07,0xff,0xff,0xc0,0x00,0x00,0x00,0x01,0xff,0xff,0xf8,0x00,0x00,0x0f,0xff,0xe0,0x00,0x00,0x00,0x01,0xff,
  0xff,0xc0,0x00,0x00,0x0f,0xff,0xe0,0x00,0x00,0x00,0x01,0xff,0xff,0x00,0x00,0x00,0x0f,0xff,0xf0,0x00,0x00,0x00,0x03,0xff,
  0xfe,0x00,0x00,0x00,0x0f,0xff,0xf0,0x00,0x00,0x00,0x03,0xff,0xfe,0x00,0x00,0x00,0x0f,0xff,0xf0,0x00,0x00,0x00,0x03,0xff,
  0xfc,0x00,0x00,0x00,0x0f,0xff,0xf8,0x00,0x00,0x00,0x07,0xff,0xfc,0x00,0x00,0x00,0x0f,0xff,0xf8,0x00,0x00,0x00,0x07,0xff,
  0xfc,0x00,0x00,0x00,0x0f,0xff,0xfc,0x00,0x00,0x00,0x0f,0xff,0xfc,0x00,0x00,0x00,0x0f,0xff,0xfc,0x00,0x00,0x00,0x0f,0xff,
  0xfc,0x00,0x00,0x00,0x0f,0xdf,0xfc,0x00,0x00,0x00,0x0f,0xdf,0xfc,0x00,0x00,0x00,0x0f,0xdf,0xfe,0x00,0x00,0x00,0x1f,0xdf,
  0xfc,0x00,0x00,0x00,0x0f,0xdf,0xfe,0x00,0x00,0x00,0x1f,0xdf,0xfc,0x00,0x00,0x00,0x0f,0xcf,0xfe,0x00,0x00,0x00,0x1f,0x9f,
  0xfc,0x00,0x00,0x00,0x0f,0xcf,0xff,0x00,0x00,0x00,0x3f,0x9f,0xfc,0x00,0x00,0x00,0x0f,0xcf,0xff,0x00,0x00,0x00,0x3f,0x1f,
  0xfc,0x00,0x00,0x00,0x0f,0xc7,0xff,0x80,0x00,0x00,0x7f,0x1f,0xfc,0x00,0x00,0x00,0x0f,0xc7,0xff,0x80,0x00,0x00,0x7f,0x1f,
  0xfe,0x00,0x00,0x00,0x0f,0xc7,0xff,0x80,0x00,0x00,0x7e,0x1f,0xfe,0x00,0x00,0x00,0x0f,0xc7,0xff,0xc0,0x00,0x00,0xfe,0x1f,
  0xfe,0x00,0x00,0x00,0x0f,0xc3,0xff,0xc0,0x00,0x00,0xfe,0x1f,0xfe,0x00,0x00,0x00,0x0f,0xc3,0xff,0xe0,0x00,0x01,0xfc,0x1f,
  0xfe,0x00,0x00,0x00,0x0f,0xc1,0xff,0xe0,0x00,0x01,0xfc,0x1f,0xfe,0x00,0x00,0x00,0x0f,0xc1,0xff,0xe0,0x00,0x01,0xf8,0x1f,
  0xfe,0x00,0x00,0x00,0x1f,0xc1,0xff,0xf0,0x00,0x03,0xf8,0x1f,0xfe,0x00,0x00,0x00,0x1f,0xc0,0xff,0xf0,0x00,0x03,0xf8,0x1f,
  0xfe,0x00,0x00,0x00,0x1f,0xc0,0xff,0xf8,0x00,0x03,0xf0,0x1f,0xfe,0x00,0x00,0x00,0x1f,0xc0,0xff,0xf8,0x00,0x07,0xf0,0x1f,
  0xfe,0x00,0x00,0x00,0x1f,0xc0,0x7f,0xf8,0x00,0x07,0xf0,0x0f,0xfe,0x00,0x00,0x00,0x1f,0xc0,0x7f,0xfc,0x00,0x0f,0xe0,0x0f,
  0xfe,0x00,0x00,0x00,0x1f,0xc0,0x3f,0xfc,0x00,0x0f,0xe0,0x0f,0xfe,0x00,0x00,0x00,0x1f,0xc0,0x3f,0xfe,0x00,0x0f,0xc0,0x0f,
  0xfe,0x00,0x00,0x00,0x1f,0xc0,0x3f,0xfe,0x00,0x1f,0xc0,0x0f,0xfe,0x00,0x00,0x00,0x1f,0xc0,0x1f,0xfe,0x00,0x1f,0xc0,0x0f,
  0xfe,0x00,0x00,0x00,0x1f,0xc0,0x1f,0xff,0x00,0x1f,0x80,0x0f,0xfe,0x00,0x00,0x00,0x1f,0xc0,0x0f,0xff,0x00,0x3f,0x80,0x0f,
  0xfe,0x00,0x00,0x00,0x1f,0xc0,0x0f,0xff,0x00,0x3f,0x80,0x0f,0xfe,0x00,0x00,0x00,0x1f,0xc0,0x07,0xff,0x80,0x3f,0x00,0x0f,
  0xfe,0x00,0x00,0x00,0x1f,0xc0,0x07,0xff,0x80,0x7f,0x00,0x0f,0xfe,0x00,0x00,0x00,0x1f,0xc0,0x07,0xff,0xc0,0x7e,0x00,0x0f,
  0xff,0x00,0x00,0x00,0x1f,0xc0,0x03,0xff,0xc0,0xfe,0x00,0x0f,0xff,0x00,0x00,0x00,0x1f,0xc0,0x03,0xff,0xc0,0xfe,0x00,0x0f,
  0xff,0x00,0x00,0x00,0x1f,0xc0,0x01,0xff,0xe0,0xfc,0x00,0x0f,0xff,0x00,0x00,0x00,0x1f,0xc0,0x01,0xff,0xe1,0xfc,0x00,0x0f,
  0xff,0x00,0x00,0x00,0x1f,0xc0,0x01,0xff,0xe1,0xfc,0x00,0x0f,0xff,0x00,0x00,0x00,0x1f,0xc0,0x00,0xff,0xf1,0xf8,0x00,0x0f,
  0xff,0x00,0x00,0x00,0x1f,0xc0,0x00,0xff,0xf3,0xf8,0x00,0x0f,0xff,0x00,0x00,0x00,0x1f,0xc0,0x00,0x7f,0xf3,0xf0,0x00,0x0f,
  0xff,0x00,0x00,0x00,0x1f,0xc0,0x00,0x7f,0xfb,0xf0,0x00,0x0f,0xff,0x00,0x00,0x00,0x1f,0xc0,0x00,0x7f,0xff,0xf0,0x00,0x0f,
  0xff,0x00,0x00,0x00,0x1f,0xc0,0x00,0x3f,0xff,0xe0,0x00,0x0f,0xff,0x00,0x00,0x00,0x1f,0xc0,0x00,0x3f,0xff,0xe0,0x00,0x0f,
  0xff,0x00,0x00,0x00,0x1f,0xc0,0x00,0x1f,0xff,0xe0,0x00,0x0f,0xff,0x00,0x00,0x00,0x3f,0xc0,0x00,0x1f,0xff,0xc0,0x00,0x0f,
  0xff,0x00,0x00,0x00,0x3f,0xc0,0x00,0x0f,0xff,0xc0,0x00,0x0f,0xff,0x00,0x00,0x00,0x3f,0xc0,0x00,0x0f,0xff,0x80,0x00,0x0f,
  0xff,0x00,0x00,0x00,0x7f,0xc0,0x00,0x0f,0xff,0x80,0x00,0x1f,0xff,0x00,0x00,0x00,0xff,0xff,0x80,0x07,0xff,0x80,0x00,0x7f,
  0xff,0xfe,0x00,0x0f,0xff,0xff,0x80,0x07,0xff,0x00,0x03,0xff,0xff,0xfe,0x00,0x0f,0xff,0xff,0x80,0x03,0xff,0x00,0x03,0xff,
  0xff,0xfe,0x00,0x0f,0xff,0xff,0x80,0x03,0xff,0x00,0x03,0xff,0xff,0xfe,0x00,0x0f,0xff,0xff,0x80,0x03,0xfe,0x00,0x03,0xff,
  0xff,0xfe,0x00,0x0f,0xff,0xff,0x80,0x01,0xfe,0x00,0x03,0xff,0xff,0xfe,0x00,0x00,0x00,0x00,0x00,0x01,0xfc,0x00,0x00,0x00,
  0x00,0x00,0x00,0x07,0xff,0xe0,0x00,0x00,0x00,0x7f,0xff,0xfc,0x00,0x07,0xff,0xf0,0x00,0x00,0x00,0x7f,0xff,0xfc,0x00,0x07,
  0xff,0xf8,0x00,0x00,0x00,0x7f,0xff,0xfc,0x00,0x07,0xff,0xfc,0x00,0x00,0x00,0x7f,0xff,0xfc,0x00,0x07,0xff,0xfc,0x00,0x00,
  0x00,0x7f,0xff,0xfc,0x00,0x07,0xff,0xfe,0x00,0x00,0x00,0x7f,0xff,0xe0,0x00,0x00,0x0f,0xff,0x00,0x00,0x00,0x00,0xff,0x80,
  0x00,0x00,0x0f,0xff,0x80,0x00,0x00,0x00,0xff,0x00,0x00,0x00,0x0f,0xff,0x80,0x00,0x00,0x00,0xff,0x00,0x00,0x00,0x0f,0xff,
  0xc0,0x00,0x00,0x00,0xfe,0x00,0x00,0x00,0x0f,0xff,0xe0,0x00,0x00,0x00,0xfe,0x00,0x00,0x00,0x0f,0xff,0xf0,0x00,0x00,0x00,
  0xfe,0x00,0x00,0x00,0x0f,0xff,0xf0,0x00,0x00,0x00,0xfe,0x00,0x00,0x00,0x0f,0xff,0xf8,0x00,0x00,0x00,0xfe,0x00,0x00,0x00,
  0x0f,0xff,0xfc,0x00,0x00,0x00,0xfe,0x00,0x00,0x00,0x0f,0xff,0xfe,0x00,0x00,0x00,0xfe,0x00,0x00,0x00,0x0f,0xff,0xfe,0x00,
  0x00,0x00,0xfe,0x00,0x00,0x00,0x0f,0xff,0xff,0x00,0x00,0x00,0xfe,0x00,0x00,0x00,0x0f,0xff,0xff,0x80,0x00,0x00,0xfe,0x00,
  0x00,0x00,0x0f,0xff,0xff,0xc0,0x00,0x00,0xfe,0x00,0x00,0x00,0x0f,0xef,0xff,0xc0,0x00,0x00,0xfe,0x00,0x00,0x00,0x0f,0xe7,
  0xff,0xe0,0x00,0x00,0xfe,0x00,0x00,0x00,0x0f,0xe3,0xff,0xf0,0x00,0x00,0xfe,0x00,0x00,0x00,0x0f,0xe3,0xff,0xf0,0x00,0x00,
  0xfe,0x00,0x00,0x00,0x0f,0xe1,0xff,0xf8,0x00,0x00,0xfe,0x00,0x00,0x00,0x0f,0xe0,0xff,0xfc,0x00,0x00,0xfe,0x00,0x00,0x00,
  0x0f,0xe0,0xff,0xfe,0x00,0x00,0xfe,0x00,0x00,0x00,0x0f,0xe0,0x7f,0xfe,0x00,0x00,0xfe,0x00,0x00,0x00,0x0f,0xe0,0x3f,0xff,
  0x00,0x00,0xfe,0x00,0x00,0x00,0x0f,0xe0,0x1f,0xff,0x80,0x00,0xfe,0x00,0x00,0x00,0x0f,0xe0,0x1f,0xff,0xc0,0x00,0xfe,0x00,
  0x00,0x00,0x0f,0xe0,0x0f,0xff,0xc0,0x00,0xfe,0x00,0x00,0x00,0x0f,0xe0,0x07,0xff,0xe0,0x00,0xfe,0x00,0x00,0x00,0x0f,0xe0,
  0x03,0xff,0xf0,0x00,0xfe,0x00,0x00,0x00,0x0f,0xe0,0x03,0xff,0xf8,0x00,0xfe,0x00,0x00,0x00,0x0f,0xe0,0x01,0xff,0xf8,0x00,
  0xfe,0x00,0x00,0x00,0x0f,0xe0,0x00,0xff,0xfc,0x00,0xfe,0x00,0x00,0x00,0x0f,0xe0,0x00,0x7f,0xfe,0x00,0xfe,0x00,0x00,0x00,
  0x0f,0xe0,0x00,0x7f,0xff,0x00,0xfe,0x00,0x00,0x00,0x0f,0xe0,0x00,0x3f,0xff,0x00,0xfe,0x00,0x00,0x00,0x0f,0xe0,0x00,0x1f,
  0xff,0x80,0xfe,0x00,0x00,0x00,0x0f,0xe0,0x00,0x0f,0xff,0xc0,0xfe,0x00,0x00,0x00,0x0f,0xe0,0x00,0x0f,0xff,0xe0,0xfe,0x00,
  0x00,0x00,0x0f,0xe0,0x00,0x07,0xff,0xe0,0xfe,0x00,0x00,0x00,0x0f,0xe0,0x00,0x03,0xff,0xf0,0xfe,0x00,0x00,0x00,0x0f,0xe0,
  0x00,0x01,0xff,0xf8,0xfe,0x00,0x00,0x00,0x0f,0xe0,0x00,0x01,0xff,0xfc,0xfe,0x00,0x00,0x00,0x0f,0xe0,0x00,0x00,0xff,0xfc,
  0xfe,0x00,0x00,0x00,0x0f,0xe0,0x00,0x00,0x7f,0xfe,0xfe,0x00,0x00,0x00,0x0f,0xe0,0x00,0x00,0x3f,0xff,0xfe,0x00,0x00,0x00,
  0x0f,0xe0,0x00,0x00,0x3f,0xff,0xfe,0x00,0x00,0x00,0x0f,0xe0,0x00,0x00,0x1f,0xff,0xfe,0x00,0x00,0x00,0x0f,0xe0,0x00,0x00,
  0x0f,0xff,0xfe,0x00,0x00,0x00,0x0f,0xe0,0x00,0x00,0x0f,0xff,0xfe,0x00,0x00,0x00,0x0f,0xe0,0x00,0x00,0x07,0xff,0xfe,0x00,
  0x00,0x00,0x0f,0xe0,0x00,0x00,0x03,0xff,0xfe,0x00,0x00,0x00,0x0f,0xe0,0x00,0x00,0x01,0xff,0xfe,0x00,0x00,0x00,0x0f,0xe0,
  0x00,0x00,0x01,0xff,0xfe,0x00,0x00,0x00,0x0f,0xe0,0x00,0x00,0x00,0xff,0xfe,0x00,0x00,0x00,0x1f,0xe0,0x00,0x00,0x00,0x7f,
  0xfe,0x00,0x00,0x00,0x1f,0xe0,0x00,0x00,0x00,0x3f,0xfe,0x00,0x00,0x00,0x3f,0xe0,0x00,0x00,0x00,0x3f,0xfe,0x00,0x00,0x00,
  0x7f,0xff,0x80,0x00,0x00,0x1f,0xfe,0x00,0x00,0x07,0xff,0xff,0x80,0x00,0x00,0x0f,0xfe,0x00,0x00,0x07,0xff,0xff,0x80,0x00,
  0x00,0x07,0xfe,0x00,0x00,0x07,0xff,0xff,0x80,0x00,0x00,0x07,0xfe,0x00,0x00,0x07,0xff,0xff,0x80,0x00,0x00,0x03,0xfe,0x00,
  0x00,0x07,0xff,0xff,0x80,0x00,0x00,0x01,0xfe,0x00,0x00,0x00,0x00,0x00,0x00,0x00,0x00,0x00,0xfe,0x00,0x00,0x00,0x00,0x00,
  0x00,0x7f,0xc0,0x00,0x00,0x00,0x00,0x00,0x00,0x00,0x0f,0xff,0xfe,0x00,0x00,0x00,0x00,0x00,0x00,0x00,0x7f,0xff,0xff,0xc0,
  0x00,0x00,0x00,0x00,0x00,0x03,0xff,0xff,0xff,0xf8,0x00,0x00,0x00,0x00,0x00,0x07,0xff,0xff,0xff,0xfe,0x00,0x00,0x00,0x00,
  0x00,0x1f,0xff,0xff,0xff,0xff,0x00,0x00,0x00,0x00,0x00,0x3f,0xff,0x00,0x7f,0xff,0xc0,0x00,0x00,0x00,0x00,0xff,0xf8,0x00,
  0x0f,0xff,0xe0,0x00,0x00,0x00,0x01,0xff,0xf0,0x00,0x03,0xff,0xf0,0x00,0x00,0x00,0x03,0xff,0xc0,0x00,0x00,0xff,0xf8,0x00,
  0x00,0x00,0x07,0xff,0x80,0x00,0x00,0x7f,0xfc,0x00,0x00,0x00,0x0f,0xff,0x00,0x00,0x00,0x3f,0xfe,0x00,0x00,0x00,0x0f,0xfe,
  0x00,0x00,0x00,0x1f,0xfe,0x00,0x00,0x00,0x1f,0xfc,0x00,0x00,0x00,0x0f,0xff,0x00,0x00,0x00,0x3f,0xfc,0x00,0x00,0x00,0x0f,
  0xff,0x80,0x00,0x00,0x3f,0xf8,0x00,0x00,0x00,0x07,0xff,0x80,0x00,0x00,0x7f,0xf8,0x00,0x00,0x00,0x03,0xff,0xc0,0x00,0x00,
  0xff,0xf0,0x00,0x00,0x00,0x03,0xff,0xe0,0x00,0x00,0xff,0xf0,0x00,0x00,0x00,0x01,0xff,0xe0,0x00,0x01,0xff,0xe0,0x00,0x00,
  0x00,0x01,0xff,0xf0,0x00,0x01,0xff,0xe0,0x00,0x00,0x00,0x01,0xff,0xf0,0x00,0x01,0xff,0xe0,0x00,0x00,0x00,0x00,0xff,0xf0,
  0x00,0x03,0xff,0xc0,0x00,0x00,0x00,0x00,0xff,0xf8,0x00,0x03,0xff,0xc0,0x00,0x00,0x00,0x00,0xff,0xf8,0x00,0x03,0xff,0xc0,
  0x00,0x00,0x00,0x00,0x7f,0xf8,0x00,0x07,0xff,0xc0,0x00,0x00,0x00,0x00,0x7f,0xfc,0x00,0x07,0xff,0x80,0x00,0x00,0x00,0x00,
  0x7f,0xfc,0x00,0x07,0xff,0x80,0x00,0x00,0x00,0x00,0x7f,0xfc,0x00,0x07,0xff,0x80,0x00,0x00,0x00,0x00,0x3f,0xfc,0x00,0x07,
  0xff,0x80,0x00,0x00,0x00,0x00,0x3f,0xfe,0x00,0x0f,0xff,0x80,0x00,0x00,0x00,0x00,0x3f,0xfe,0x00,0x0f,0xff,0x80,0x00,0x00,
  0x00,0x00,0x3f,0xfe,0x00,0x0f,0xff,0x80,0x00,0x00,0x00,0x00,0x3f,0xfe,0x00,0x0f,0xff,0x80,0x00,0x00,0x00,0x00,0x3f,0xfe,
  0x00,0x0f,0xff,0x80,0x00,0x00,0x00,0x00,0x3f,0xfe,0x00,0x0f,0xff,0x80,0x00,0x00,0x00,0x00,0x3f,0xfe,0x00,0x0f,0xff,0x80,
  0x00,0x00,0x00,0x00,0x3f,0xfe,0x00,0x0f,0xff,0x80,0x00,0x00,0x00,0x00,0x3f,0xfe,0x00,0x0f,0xff,0x80,0x00,0x00,0x00,0x00,
  0x3f,0xfe,0x00,0x0f,0xff,0x80,0x00,0x00,0x00,0x00,0x3f,0xfe,0x00,0x0f,0xff,0x80,0x00,0x00,0x00,0x00,0x3f,0xfe,0x00,0x0f,
  0xff,0x80,0x00,0x00,0x00,0x00,0x3f,0xfe,0x00,0x07,0xff,0x80,0x00,0x00,0x00,0x00,0x3f,0xfc,0x00,0x07,0xff,0xc0,0x00,0x00,
  0x00,0x00,0x3f,0xfc,0x00,0x07,0xff,0xc0,0x00,0x00,0x00,0x00,0x3f,0xfc,0x00,0x07,0xff,0xc0,0x00,0x00,0x00,0x00,0x3f,0xfc,
  0x00,0x07,0xff,0xc0,0x00,0x00,0x00,0x00,0x7f,0xf8,0x00,0x03,0xff,0xe0,0x00,0x00,0x00,0x00,0x7f,0xf8,0x00,0x03,0xff,0xe0,
  0x00,0x00,0x00,0x00,0x7f,0xf8,0x00,0x03,0xff,0xe0,0x00,0x00,0x00,0x00,0x7f,0xf0,0x00,0x01,0xff,0xf0,0x00,0x00,0x00,0x00,
  0xff,0xf0,0x00,0x01,0xff,0xf0,0x00,0x00,0x00,0x00,0xff,0xf0,0x00,0x01,0xff,0xf8,0x00,0x00,0x00,0x01,0xff,0xe0,0x00,0x00,
  0xff,0xf8,0x00,0x00,0x00,0x01,0xff,0xe0,0x00,0x00,0xff,0xfc,0x00,0x00,0x00,0x01,0xff,0xc0,0x00,0x00,0x7f,0xfc,0x00,0x00,
  0x00,0x03,0xff,0x80,0x00,0x00,0x7f,0xfe,0x00,0x00,0x00,0x07,0xff,0x80,0x00,0x00,0x3f,0xfe,0x00,0x00,0x00,0x07,0xff,0x00,
  0x00,0x00,0x1f,0xff,0x00,0x00,0x00,0x0f,0xfe,0x00,0x00,0x00,0x0f,0xff,0x80,0x00,0x00,0x1f,0xfe,0x00,0x00,0x00,0x0f,0xff,
  0xc0,0x00,0x00,0x3f,0xfc,0x00,0x00,0x00,0x07,0xff,0xe0,0x00,0x00,0x7f,0xf8,0x00,0x00,0x00,0x03,0xff,0xf8,0x00,0x00,0xff,
  0xf0,0x00,0x00,0x00,0x01,0xff,0xfc,0x00,0x03,0xff,0xe0,0x00,0x00,0x00,0x00,0xff,0xff,0x80,0x0f,0xff,0x80,0x00,0x00,0x00,
  0x00,0x3f,0xff,0xff,0xff,0xff,0x00,0x00,0x00,0x00,0x00,0x1f,0xff,0xff,0xff,0xfe,0x00,0x00,0x00,0x00,0x00,0x07,0xff,0xff,
  0xff,0xf8,0x00,0x00,0x00,0x00,0x00,0x01,0xff,0xff,0xff,0xe0,0x00,0x00,0x00,0x00,0x00,0x00,0x3f,0xff,0xff,0x00,0x00,0x00,
  0x00,0x00,0x00,0x00,0x01,0xff,0xf0,0x00,0x00,0x00,0x00,0x07,0xff,0xff,0xff,0xf0,0x00,0x00,0x00,0x07,0xff,0xff,0xff,0xff,
  0xc0,0x00,0x00,0x07,0xff,0xff,0xff,0xff,0xf8,0x00,0x00,0x07,0xff,0xff,0xff,0xff,0xfe,0x00,0x00,0x07,0xff,0xff,0xff,0xff,
  0xff,0x80,0x00,0x07,0xff,0xff,0xf8,0xff,0xff,0xe0,0x00,0x00,0x0f,0xff,0xc0,0x07,0xff,0xf0,0x00,0x00,0x0f,0xff,0x80,0x01,
  0xff,0xf8,0x00,0x00,0x0f,0xff,0x80,0x00,0x7f,0xfc,0x00,0x00,0x0f,0xff,0x00,0x00,0x3f,0xfe,0x00,0x00,0x0f,0xff,0x00,0x00,
  0x1f,0xfe,0x00,0x00,0x0f,0xff,0x00,0x00,0x1f,0xff,0x00,0x00,0x0f,0xff,0x00,0x00,0x0f,0xff,0x00,0x00,0x0f,0xff,0x00,0x00,
  0x0f,0xff,0x80,0x00,0x0f,0xff,0x00,0x00,0x07,0xff,0x80,0x00,0x0f,0xff,0x00,0x00,0x07,0xff,0x80,0x00,0x0f,0xff,0x00,0x00,
  0x07,0xff,0xc0,0x00,0x0f,0xff,0x00,0x00,0x07,0xff,0xc0,0x00,0x0f,0xff,0x00,0x00,0x07,0xff,0xc0,0x00,0x0f,0xff,0x00,0x00,
  0x07,0xff,0xc0,0x00,0x0f,0xff,0x00,0x00,0x07,0xff,0xc0,0x00,0x0f,0xff,0x00,0x00,0x07,0xff,0xc0,0x00,0x0f,0xff,0x00,0x00,
  0x07,0xff,0xc0,0x00,0x0f,0xff,0x00,0x00,0x07,0xff,0xc0,0x00,0x0f,0xff,0x00,0x00,0x07,0xff,0xc0,0x00,0x0f,0xff,0x00,0x00,
  0x07,0xff,0x80,0x00,0x0f,0xff,0x00,0x00,0x07,0xff,0x80,0x00,0x0f,0xff,0x00,0x00,0x0f,0xff,0x80,0x00,0x0f,0xff,0x00,0x00,
  0x0f,0xff,0x80,0x00,0x0f,0xff,0x00,0x00,0x1f,0xff,0x00,0x00,0x0f,0xff,0x00,0x00,0x1f,0xff,0x00,0x00,0x0f,0xff,0x00,0x00,
  0x3f,0xfe,0x00,0x00,0x0f,0xff,0x00,0x00,0x7f,0xfc,0x00,0x00,0x0f,0xff,0x00,0x00,0xff,0xfc,0x00,0x00,0x0f,0xff,0x00,0x01,
  0xff,0xf8,0x00,0x00,0x0f,0xff,0x00,0x07,0xff,0xf0,0x00,0x00,0x0f,0xff,0x00,0x3f,0xff,0xe0,0x00,0x00,0x0f,0xff,0xff,0xff,
  0xff,0x80,0x00,0x00,0x0f,0xff,0xff,0xff,0xff,0x00,0x00,0x00,0x0f,0xff,0xff,0xff,0xfc,0x00,0x00,0x00,0x0f,0xff,0xff,0xff,
  0xf0,0x00,0x00,0x00,0x0f,0xff,0xff,0xff,0x80,0x00,0x00,0x00,0x0f,0xff,0xff,0xf8,0x00,0x00,0x00,0x00,0x0f,0xff,0x00,0x00,
  0x00,0x00,0x00,0x00,0x0f,0xff,0x00,0x00,0x00,0x00,0x00,0x00,0x0f,0xff,0x00,0x00,0x00,0x00,0x00,0x00,0x0f,0xff,0x00,0x00,
  0x00,0x00,0x00,0x00,0x0f,0xff,0x00,0x00,0x00,0x00,0x00,0x00,0x0f,0xff,0x00,0x00,0x00,0x00,0x00,0x00,0x0f,0xff,0x00,0x00,
  0x00,0x00,0x00,0x00,0x0f,0xff,0x00,0x00,0x00,0x00,0x00,0x00,0x0f,0xff,0x00,0x00,0x00,0x00,0x00,0x00,0x0f,0xff,0x00,0x00,
  0x00,0x00,0x00,0x00,0x0f,0xff,0x00,0x00,0x00,0x00,0x00,0x00,0x0f,0xff,0x00,0x00,0x00,0x00,0x00,0x00,0x0f,0xff,0x00,0x00,
  0x00,0x00,0x00,0x00,0x0f,0xff,0x00,0x00,0x00,0x00,0x00,0x00,0x0f,0xff,0x00,0x00,0x00,0x00,0x00,0x00,0x0f,0xff,0x00,0x00,
  0x00,0x00,0x00,0x00,0x1f,0xff,0x00,0x00,0x00,0x00,0x00,0x00,0x1f,0xff,0x00,0x00,0x00,0x00,0x00,0x00,0x3f,0xff,0x00,0x00,
  0x00,0x00,0x00,0x00,0x7f,0xff,0xff,0x00,0x00,0x00,0x00,0x07,0xff,0xff,0xff,0x00,0x00,0x00,0x00,0x07,0xff,0xff,0xff,0x00,
  0x00,0x00,0x00,0x07,0xff,0xff,0xff,0x00,0x00,0x00,0x00,0x07,0xff,0xff,0xff,0x00,0x00,0x00,0x00,0x07,0xff,0xff,0xff,0x00,
  0x00,0x00,0x00,0x00,0x00,0x00,0x00,0x7f,0xc0,0x00,0x00,0x00,0x00,0x00,0x00,0x00,0x0f,0xff,0xff,0x00,0x00,0x00,0x00,0x00,
  0x00,0x00,0x7f,0xff,0xff,0xc0,0x00,0x00,0x00,0x00,0x00,0x01,0xff,0xff,0xff,0xf8,0x00,0x00,0x00,0x00,0x00,0x07,0xff,0xff,
  0xff,0xfe,0x00,0x00,0x00,0x00,0x00,0x1f,0xff,0xff,0xff,0xff,0x00,0x00,0x00,0x00,0x00,0x3f,0xff,0x00,0x7f,0xff,0xc0,0x00,
  0x00,0x00,0x00,0x7f,0xf8,0x00,0x0f,0xff,0xe0,0x00,0x00,0x00,0x01,0xff,0xf0,0x00,0x03,0xff,0xf0,0x00,0x00,0x00,0x03,0xff,
  0xc0,0x00,0x00,0xff,0xf8,0x00,0x00,0x00,0x07,0xff,0x80,0x00,0x00,0x7f,0xfc,0x00,0x00,0x00,0x07,0xff,0x00,0x00,0x00,0x3f,
  0xfe,0x00,0x00,0x00,0x0f,0xfe,0x00,0x00,0x00,0x1f,0xfe,0x00,0x00,0x00,0x1f,0xfc,0x00,0x00,0x00,0x0f,0xff,0x00,0x00,0x00,
  0x3f,0xfc,0x00,0x00,0x00,0x0f,0xff,0x80,0x00,0x00,0x3f,0xf8,0x00,0x00,0x00,0x07,0xff,0x80,0x00,0x00,0x7f,0xf8,0x00,0x00,
  0x00,0x03,0xff,0xc0,0x00,0x00,0x7f,0xf0,0x00,0x00,0x00,0x03,0xff,0xe0,0x00,0x00,0xff,0xf0,0x00,0x00,0x00,0x01,0xff,0xe0,
  0x00,0x00,0xff,0xe0,0x00,0x00,0x00,0x01,0xff,0xf0,0x00,0x01,0xff,0xe0,0x00,0x00,0x00,0x00,0xff,0xf0,0x00,0x01,0xff,0xe0,
  0x00,0x00,0x00,0x00,0xff,0xf0,0x00,0x03,0xff,0xc0,0x00,0x00,0x00,0x00,0xff,0xf8,0x00,0x03,0xff,0xc0,0x00,0x00,0x00,0x00,
  0x7f,0xf8,0x00,0x03,0xff,0xc0,0x00,0x00,0x00,0x00,0x7f,0xf8,0x00,0x07,0xff,0xc0,0x00,0x00,0x00,0x00,0x7f,0xfc,0x00,0x07,
  0xff,0x80,0x00,0x00,0x00,0x00,0x7f,0xfc,0x00,0x07,0xff,0x80,0x00,0x00,0x00,0x00,0x7f,0xfc,0x00,0x07,0xff,0x80,0x00,0x00,
  0x00,0x00,0x3f,0xfc,0x00,0x07,0xff,0x80,0x00,0x00,0x00,0x00,0x3f,0xfe,0x00,0x0f,0xff,0x80,0x00,0x00,0x00,0x00,0x3f,0xfe,
  0x00,0x0f,0xff,0x80,0x00,0x00,0x00,0x00,0x3f,0xfe,0x00,0x0f,0xff,0x80,0x00,0x00,0x00,0x00,0x3f,0xfe,0x00,0x0f,0xff,0x80,
  0x00,0x00,0x00,0x00,0x3f,0xfe,0x00,0x0f,0xff,0x80,0x00,0x00,0x00,0x00,0x3f,0xfe,0x00,0x0f,0xff,0x80,0x00,0x00,0x00,0x00,
  0x3f,0xfe,0x00,0x0f,0xff,0x80,0x00,0x00,0x00,0x00,0x3f,0xfe,0x00,0x0f,0xff,0x80,0x00,0x00,0x00,0x00,0x3f,0xfe,0x00,0x0f,
  0xff,0x80,0x00,0x00,0x00,0x00,0x3f,0xfe,0x00,0x0f,0xff,0x80,0x00,0x00,0x00,0x00,0x3f,0xfe,0x00,0x0f,0xff,0x80,0x00,0x00,
  0x00,0x00,0x3f,0xfe,0x00,0x0f,0xff,0x80,0x00,0x00,0x00,0x00,0x3f,0xfe,0x00,0x07,0xff,0x80,0x00,0x00,0x00,0x00,0x3f,0xfc,
  0x00,0x07,0xff,0xc0,0x00,0x00,0x00,0x00,0x3f,0xfc,0x00,0x07,0xff,0xc0,0x00,0x00,0x00,0x00,0x3f,0xfc,0x00,0x07,0xff,0xc0,
  0x00,0x00,0x00,0x00,0x3f,0xfc,0x00,0x07,0xff,0xc0,0x00,0x00,0x00,0x00,0x7f,0xf8,0x00,0x03,0xff,0xe0,0x00,0x00,0x00,0x00,
  0x7f,0xf8,0x00,0x03,0xff,0xe0,0x00,0x00,0x00,0x00,0x7f,0xf8,0x00,0x03,0xff,0xe0,0x00,0x00,0x00,0x00,0x7f,0xf0,0x00,0x01,
  0xff,0xf0,0x00,0x00,0x00,0x00,0xff,0xf0,0x00,0x01,0xff,0xf0,0x00,0x00,0x00,0x00,0xff,0xf0,0x00,0x01,0xff,0xf8,0x00,0x00,
  0x00,0x01,0xff,0xe0,0x00,0x00,0xff,0xf8,0x00,0x00,0x00,0x01,0xff,0xe0,0x00,0x00,0xff,0xfc,0x00,0x00,0x00,0x01,0xff,0xc0,
  0x00,0x00,0x7f,0xfc,0x00,0x00,0x00,0x03,0xff,0x80,0x00,0x00,0x7f,0xfe,0x00,0x00,0x00,0x07,0xff,0x80,0x00,0x00,0x3f,0xfe,
  0x00,0x00,0x00,0x07,0xff,0x00,0x00,0x00,0x1f,0xff,0x00,0x00,0x00,0x0f,0xfe,0x00,0x00,0x00,0x1f,0xff,0x80,0x00,0x00,0x1f,
  0xfe,0x00,0x00,0x00,0x0f,0xff,0xc0,0x00,0x00,0x3f,0xfc,0x00,0x00,0x00,0x07,0xff,0xe0,0x00,0x00,0x7f,0xf8,0x00,0x00,0x00,
  0x03,0xff,0xf8,0x00,0x00,0xff,0xf0,0x00,0x00,0x00,0x01,0xff,0xfc,0x00,0x03,0xff,0xe0,0x00,0x00,0x00,0x00,0xff,0xff,0x80,
  0x1f,0xff,0xc0,0x00,0x00,0x00,0x00,0x3f,0xff,0xff,0xff,0xff,0x00,0x00,0x00,0x00,0x00,0x1f,0xff,0xff,0xff,0xfe,0x00,0x00,
  0x00,0x00,0x00,0x07,0xff,0xff,0xff,0xf8,0x00,0x00,0x00,0x00,0x00,0x01,0xff,0xff,0xff,0xe0,0x00,0x00,0x00,0x00,0x00,0x00,
  0x3f,0xff,0xff,0xe0,0x00,0x00,0x00,0x00,0x00,0x00,0x03,0xff,0xff,0xfe,0x00,0x00,0x00,0x00,0x00,0x00,0x00,0x00,0xff,0xff,
  0xc0,0x00,0x00,0x00,0x00,0x00,0x00,0x00,0x3f,0xff,0xe0,0x00,0x00,0x00,0x00,0x00,0x00,0x00,0x0f,0xff,0xf0,0x00,0x00,0x00,
  0x00,0x00,0x00,0x00,0x07,0xff,0xf8,0x00,0x00,0x00,0x00,0x00,0x00,0x00,0x03,0xff,0xfc,0x00,0x00,0x00,0x00,0x00,0x00,0x00,
  0x01,0xff,0xff,0x00,0x00,0x00,0x00,0x00,0x00,0x00,0x00,0xff,0xff,0x80,0x00,0x00,0x00,0x00,0x00,0x00,0x00,0x7f,0xff,0xc0,
  0x00,0x00,0x00,0x00,0x00,0x00,0x00,0x3f,0xff,0xe0,0x00,0x00,0x00,0x00,0x00,0x00,0x00,0x1f,0xff,0xf0,0x00,0x00,0x00,0x00,
  0x00,0x00,0x00,0x0f,0xff,0xf8,0x00,0x00,0x00,0x00,0x00,0x00,0x00,0x07,0xff,0xfc,0x00,0x00,0x00,0x00,0x00,0x00,0x00,0x03,
  0xff,0xfe,0x00,0x00,0x00,0x00,0x00,0x00,0x00,0x01,0xff,0xff,0x80,0x00,0x00,0x00,0x00,0x00,0x00,0x00,0xff,0xff,0xf0,0x00,
  0x00,0x00,0x00,0x00,0x00,0x00,0x7f,0xff,0xf0,0x00,0x00,0x00,0x00,0x00,0x00,0x00,0x3f,0xff,0xf0,0x00,0x00,0x00,0x00,0x00,
  0x00,0x00,0x0f,0xff,0xf0,0x00,0x00,0x00,0x00,0x00,0x00,0x00,0x07,0xff,0xf0,0x00,0x00,0x00,0x00,0x00,0x00,0x00,0x00,0x7f,
  0xf0,0x07,0xff,0xff,0xff,0xf8,0x00,0x00,0x00,0x07,0xff,0xff,0xff,0xff,0xe0,0x00,0x00,0x07,0xff,0xff,0xff,0xff,0xfc,0x00,
  0x00,0x07,0xff,0xff,0xff,0xff,0xff,0x00,0x00,0x07,0xff,0xff,0xff,0xff,0xff,0xc0,0x00,0x07,0xff,0xff,0xf8,0xff,0xff,0xf0,
  0x00,0x00,0x0f,0xff,0xc0,0x07,0xff,0xf8,0x00,0x00,0x0f,0xff,0x80,0x01,0xff,0xfc,0x00,0x00,0x0f,0xff,0x80,0x00,0x7f,0xfe,
  0x00,0x00,0x0f,0xff,0x00,0x00,0x3f,0xfe,0x00,0x00,0x0f,0xff,0x00,0x00,0x1f,0xff,0x00,0x00,0x0f,0xff,0x00,0x00,0x1f,0xff,
  0x00,0x00,0x0f,0xff,0x00,0x00,0x0f,0xff,0x80,0x00,0x0f,0xff,0x00,0x00,0x0f,0xff,0x80,0x00,0x0f,0xff,0x00,0x00,0x0f,0xff,
  0x80,0x00,0x0f,0xff,0x00,0x00,0x07,0xff,0x80,0x00,0x0f,0xff,0x00,0x00,0x07,0xff,0x80,0x00,0x0f,0xff,0x00,0x00,0x07,0xff,
  0xc0,0x00,0x0f,0xff,0x00,0x00,0x07,0xff,0xc0,0x00,0x0f,0xff,0x00,0x00,0x07,0xff,0xc0,0x00,0x0f,0xff,0x00,0x00,0x07,0xff,
  0xc0,0x00,0x0f,0xff,0x00,0x00,0x07,0xff,0xc0,0x00,0x0f,0xff,0x00,0x00,0x07,0xff,0x80,0x00,0x0f,0xff,0x00,0x00,0x07,0xff,
  0x80,0x00,0x0f,0xff,0x00,0x00,0x0f,0xff,0x80,0x00,0x0f,0xff,0x00,0x00,0x0f,0xff,0x80,0x00,0x0f,0xff,0x00,0x00,0x0f,0xff,
  0x00,0x00,0x0f,0xff,0x00,0x00,0x1f,0xff,0x00,0x00,0x0f,0xff,0x00,0x00,0x1f,0xfe,0x00,0x00,0x0f,0xff,0x00,0x00,0x3f,0xfe,
  0x00,0x00,0x0f,0xff,0x00,0x00,0x7f,0xfc,0x00,0x00,0x0f,0xff,0x00,0x00,0xff,0xf8,0x00,0x00,0x0f,0xff,0x00,0x03,0xff,0xf0,
  0x00,0x00,0x0f,0xff,0x00,0x1f,0xff,0xe0,0x00,0x00,0x0f,0xff,0xff,0xff,0xff,0x80,0x00,0x00,0x0f,0xff,0xff,0xff,0xff,0x00,
  0x00,0x00,0x0f,0xff,0xff,0xff,0xfc,0x00,0x00,0x00,0x0f,0xff,0xff,0xff,0xe0,0x00,0x00,0x00,0x0f,0xff,0xff,0xff,0x80,0x00,
  0x00,0x00,0x0f,0xff,0xff,0xff,0xc0,0x00,0x00,0x00,0x0f,0xff,0x03,0xff,0xe0,0x00,0x00,0x00,0x0f,0xff,0x01,0xff,0xf0,0x00,
  0x00,0x00,0x0f,0xff,0x01,0xff,0xf8,0x00,0x00,0x00,0x0f,0xff,0x00,0xff,0xfc,0x00,0x00,0x00,0x0f,0xff,0x00,0x7f,0xfc,0x00,
  0x00,0x00,0x0f,0xff,0x00,0x7f,0xfe,0x00,0x00,0x00,0x0f,0xff,0x00,0x3f,0xff,0x00,0x00,0x00,0x0f,0xff,0x00,0x3f,0xff,0x00,
  0x00,0x00,0x0f,0xff,0x00,0x1f,0xff,0x80,0x00,0x00,0x0f,0xff,0x00,0x0f,0xff,0xc0,0x00,0x00,0x0f,0xff,0x00,0x0f,0xff,0xc0,
  0x00,0x00,0x0f,0xff,0x00,0x07,0xff,0xe0,0x00,0x00,0x0f,0xff,0x00,0x03,0xff,0xf0,0x00,0x00,0x0f,0xff,0x00,0x03,0xff,0xf0,
  0x00,0x00,0x0f,0xff,0x00,0x01,0xff,0xf8,0x00,0x00,0x0f,0xff,0x00,0x01,0xff,0xfc,0x00,0x00,0x0f,0xff,0x00,0x00,0xff,0xfc,
  0x00,0x00,0x0f,0xff,0x00,0x00,0x7f,0xfe,0x00,0x00,0x1f,0xff,0x00,0x00,0x7f,0xff,0x00,0x00,0x1f,0xff,0x00,0x00,0x3f,0xff,
  0x80,0x00,0x3f,0xff,0x00,0x00,0x1f,0xff,0xc0,0x00,0x7f,0xff,0x00,0x00,0x1f,0xff,0xf0,0x07,0xff,0xff,0xfe,0x00,0x0f,0xff,
  0xfe,0x07,0xff,0xff,0xfe,0x00,0x07,0xff,0xfe,0x07,0xff,0xff,0xfe,0x00,0x07,0xff,0xfe,0x07,0xff,0xff,0xfe,0x00,0x03,0xff,
  0xfe,0x07,0xff,0xff,0xfe,0x00,0x01,0xff,0xfe,0x07,0xff,0xff,0xfe,0x00,0x00,0xff,0xfe,0x00,0x00,0x03,0xfe,0x00,0x00,0x00,
  0x00,0x00,0x7f,0xff,0xf0,0x1f,0x80,0x00,0x01,0xff,0xff,0xfe,0x1f,0x80,0x00,0x07,0xff,0xff,0xff,0x9f,0x80,0x00,0x0f,0xff,
  0xff,0xff,0xdf,0x80,0x00,0x1f,0xff,0xff,0xff,0xff,0x80,0x00,0x3f,0xfe,0x01,0xff,0xff,0x80,0x00,0x7f,0xf8,0x00,0x3f,0xff,
  0x80,0x00,0xff,0xe0,0x00,0x0f,0xff,0x80,0x01,0xff,0xc0,0x00,0x07,0xff,0x80,0x01,0xff,0xc0,0x00,0x03,0xff,0x80,0x03,0xff,
  0x80,0x00,0x01,0xff,0x80,0x03,0xff,0x80,0x00,0x00,0xff,0x80,0x03,0xff,0x00,0x00,0x00,0x7f,0x80,0x07,0xff,0x00,0x00,0x00,
  0x7f,0x80,0x07,0xff,0x00,0x00,0x00,0x3f,0x80,0x07,0xff,0x00,0x00,0x00,0x3f,0x80,0x07,0xff,0x00,0x00,0x00,0x1f,0x80,0x07,
  0xff,0x00,0x00,0x00,0x1f,0x80,0x07,0xff,0x80,0x00,0x00,0x1f,0x80,0x07,0xff,0x80,0x00,0x00,0x1f,0x80,0x07,0xff,0xc0,0x00,
  0x00,0x0f,0x80,0x07,0xff,0xe0,0x00,0x00,0x0f,0x80,0x03,0xff,0xf0,0x00,0x00,0x00,0x00,0x03,0xff,0xfc,0x00,0x00,0x00,0x00,
  0x03,0xff,0xfe,0x00,0x00,0x00,0x00,0x01,0xff,0xff,0x80,0x00,0x00,0x00,0x01,0xff,0xff,0xe0,0x00,0x00,0x00,0x00,0xff,0xff,
  0xf8,0x00,0x00,0x00,0x00,0x7f,0xff,0xfe,0x00,0x00,0x00,0x00,0x7f,0xff,0xff,0xc0,0x00,0x00,0x00,0x3f,0xff,0xff,0xf0,0x00,
  0x00,0x00,0x1f,0xff,0xff,0xfc,0x00,0x00,0x00,0x0f,0xff,0xff,0xff,0x00,0x00,0x00,0x03,0xff,0xff,0xff,0xc0,0x00,0x00,0x01,
  0xff,0xff,0xff,0xe0,0x00,0x00,0x00,0x7f,0xff,0xff,0xf0,0x00,0x00,0x00,0x3f,0xff,0xff,0xfc,0x00,0x00,0x00,0x0f,0xff,0xff,
  0xfe,0x00,0x00,0x00,0x03,0xff,0xff,0xff,0x00,0x00,0x00,0x00,0x7f,0xff,0xff,0x80,0x00,0x00,0x00,0x1f,0xff,0xff,0xc0,0x00,
  0x00,0x00,0x07,0xff,0xff,0xc0,0x00,0x00,0x00,0x01,0xff,0xff,0xe0,0x00,0x00,0x00,0x00,0x7f,0xff,0xe0,0x00,0x00,0x00,0x00,
  0x1f,0xff,0xf0,0x00,0x00,0x00,0x00,0x07,0xff,0xf0,0x00,0x00,0x00,0x00,0x03,0xff,0xf8,0x03,0xe0,0x00,0x00,0x01,0xff,0xf8,
  0x03,0xe0,0x00,0x00,0x00,0xff,0xf8,0x03,0xe0,0x00,0x00,0x00,0x7f,0xf8,0x03,0xf0,0x00,0x00,0x00,0x7f,0xf8,0x03,0xf0,0x00,
  0x00,0x00,0x3f,0xf8,0x03,0xf0,0x00,0x00,0x00,0x3f,0xf8,0x03,0xf8,0x00,0x00,0x00,0x3f,0xf8,0x03,0xf8,0x00,0x00,0x00,0x3f,
  0xf8,0x03,0xfc,0x00,0x00,0x00,0x3f,0xf0,0x03,0xfc,0x00,0x00,0x00,0x3f,0xf0,0x03,0xfe,0x00,0x00,0x00,0x7f,0xf0,0x03,0xff,
  0x00,0x00,0x00,0x7f,0xe0,0x03,0xff,0x80,0x00,0x00,0xff,0xe0,0x03,0xff,0xc0,0x00,0x01,0xff,0xc0,0x03,0xff,0xe0,0x00,0x03,
  0xff,0x80,0x03,0xff,0xf8,0x00,0x07,0xff,0x80,0x03,0xff,0xff,0x00,0x3f,0xff,0x00,0x03,0xff,0xff,0xff,0xff,0xfe,0x00,0x03,
  0xff,0xff,0xff,0xff,0xf8,0x00,0x03,0xf3,0xff,0xff,0xff,0xf0,0x00,0x03,0xf0,0xff,0xff,0xff,0xc0,0x00,0x03,0xf0,0x1f,0xff,
  0xfe,0x00,0x00,0x00,0x00,0x00,0xff,0xe0,0x00,0x00,0x3f,0xff,0xff,0xff,0xff,0xff,0xff,0xf0,0x3f,0xff,0xff,0xff,0xff,0xff,
  0xff,0xf0,0x3f,0xff,0xff,0xff,0xff,0xff,0xff,0xf0,0x3f,0xff,0xff,0xff,0xff,0xff,0xff,0xf0,0x3f,0xff,0xff,0xff,0xff,0xff,
  0xff,0xf0,0x3f,0xff,0xff,0xff,0xff,0xff,0xff,0xf0,0x3f,0xfe,0x00,0x7f,0xf8,0x01,0xff,0xf0,0x3f,0xf0,0x00,0x7f,0xf8,0x00,
  0x7f,0xf0,0x3f,0xe0,0x00,0x7f,0xf8,0x00,0x1f,0xf0,0x3f,0xc0,0x00,0x7f,0xf8,0x00,0x0f,0xf0,0x3f,0x80,0x00,0x7f,0xf8,0x00,
  0x0f,0xf0,0x3f,0x80,0x00,0x7f,0xf8,0x00,0x07,0xf0,0x3f,0x00,0x00,0x7f,0xf8,0x00,0x07,0xf0,0x3f,0x00,0x00,0x7f,0xf8,0x00,
  0x03,0xf0,0x3f,0x00,0x00,0x7f,0xf8,0x00,0x03,0xf0,0x3f,0x00,0x00,0x7f,0xf8,0x00,0x03,0xf0,0x3e,0x00,0x00,0x7f,0xf8,0x00,
  0x01,0xf0,0x3e,0x00,0x00,0x7f,0xf8,0x00,0x01,0xf0,0x3e,0x00,0x00,0x7f,0xf8,0x00,0x01,0xf0,0x3e,0x00,0x00,0x7f,0xf8,0x00,
  0x01,0xf0,0x3e,0x00,0x00,0x7f,0xf8,0x00,0x01,0xf0,0x3e,0x00,0x00,0x7f,0xf8,0x00,0x01,0xf0,0x00,0x00,0x00,0x7f,0xf8,0x00,
  0x00,0x00,0x00,0x00,0x00,0x7f,0xf8,0x00,0x00,0x00,0x00,0x00,0x00,0x7f,0xf8,0x00,0x00,0x00,0x00,0x00,0x00,0x7f,0xf8,0x00,
  0x00,0x00,0x00,0x00,0x00,0x7f,0xf8,0x00,0x00,0x00,0x00,0x00,0x00,0x7f,0xf8,0x00,0x00,0x00,0x00,0x00,0x00,0x7f,0xf8,0x00,
  0x00,0x00,0x00,0x00,0x00,0x7f,0xf8,0x00,0x00,0x00,0x00,0x00,0x00,0x7f,0xf8,0x00,0x00,0x00,0x00,0x00,0x00,0x7f,0xf8,0x00,
  0x00,0x00,0x00,0x00,0x00,0x7f,0xf8,0x00,0x00,0x00,0x00,0x00,0x00,0x7f,0xf8,0x00,0x00,0x00,0x00,0x00,0x00,0x7f,0xf8,0x00,
  0x00,0x00,0x00,0x00,0x00,0x7f,0xf8,0x00,0x00,0x00,0x00,0x00,0x00,0x7f,0xf8,0x00,0x00,0x00,0x00,0x00,0x00,0x7f,0xf8,0x00,
  0x00,0x00,0x00,0x00,0x00,0x7f,0xf8,0x00,0x00,0x00,0x00,0x00,0x00,0x7f,0xf8,0x00,0x00,0x00,0x00,0x00,0x00,0x7f,0xf8,0x00,
  0x00,0x00,0x00,0x00,0x00,0x7f,0xf8,0x00,0x00,0x00,0x00,0x00,0x00,0x7f,0xf8,0x00,0x00,0x00,0x00,0x00,0x00,0x7f,0xf8,0x00,
  0x00,0x00,0x00,0x00,0x00,0x7f,0xf8,0x00,0x00,0x00,0x00,0x00,0x00,0x7f,0xf8,0x00,0x00,0x00,0x00,0x00,0x00,0x7f,0xf8,0x00,
  0x00,0x00,0x00,0x00,0x00,0x7f,0xf8,0x00,0x00,0x00,0x00,0x00,0x00,0x7f,0xf8,0x00,0x00,0x00,0x00,0x00,0x00,0x7f,0xf8,0x00,
  0x00,0x00,0x00,0x00,0x00,0x7f,0xf8,0x00,0x00,0x00,0x00,0x00,0x00,0x7f,0xf8,0x00,0x00,0x00,0x00,0x00,0x00,0x7f,0xf8,0x00,
  0x00,0x00,0x00,0x00,0x00,0x7f,0xf8,0x00,0x00,0x00,0x00,0x00,0x00,0x7f,0xf8,0x00,0x00,0x00,0x00,0x00,0x00,0x7f,0xf8,0x00,
  0x00,0x00,0x00,0x00,0x00,0x7f,0xf8,0x00,0x00,0x00,0x00,0x00,0x00,0x7f,0xf8,0x00,0x00,0x00,0x00,0x00,0x00,0x7f,0xf8,0x00,
  0x00,0x00,0x00,0x00,0x00,0xff,0xf8,0x00,0x00,0x00,0x00,0x00,0x00,0xff,0xf8,0x00,0x00,0x00,0x00,0x00,0x01,0xff,0xf8,0x00,
  0x00,0x00,0x00,0x00,0x03,0xff,0xff,0xf0,0x00,0x00,0x00,0x00,0x3f,0xff,0xff,0xf0,0x00,0x00,0x00,0x00,0x3f,0xff,0xff,0xf0,
  0x00,0x00,0x00,0x00,0x3f,0xff,0xff,0xf0,0x00,0x00,0x00,0x00,0x3f,0xff,0xff,0xf0,0x00,0x00,0x00,0x00,0x3f,0xff,0xff,0xf0,
  0x00,0x00,0x1f,0xff,0xff,0xf8,0x00,0x00,0x3f,0xff,0xfe,0x00,0x1f,0xff,0xff,0xf8,0x00,0x00,0x3f,0xff,0xfe,0x00,0x1f,0xff,
  0xff,0xf8,0x00,0x00,0x3f,0xff,0xfe,0x00,0x1f,0xff,0xff,0xf8,0x00,0x00,0x3f,0xff,0xfe,0x00,0x1f,0xff,0xff,0xf8,0x00,0x00,
  0x3f,0xff,0xfe,0x00,0x1f,0xff,0xff,0xc0,0x00,0x00,0x3f,0xff,0xf0,0x00,0x00,0x3f,0xff,0x00,0x00,0x00,0x00,0x7f,0xc0,0x00,
  0x00,0x3f,0xfe,0x00,0x00,0x00,0x00,0x7f,0x80,0x00,0x00,0x3f,0xfe,0x00,0x00,0x00,0x00,0x7f,0x80,0x00,0x00,0x3f,0xfc,0x00,
  0x00,0x00,0x00,0x7f,0x00,0x00,0x00,0x3f,0xfc,0x00,0x00,0x00,0x00,0x7f,0x00,0x00,0x00,0x3f,0xfc,0x00,0x00,0x00,0x00,0x7f,
  0x00,0x00,0x00,0x3f,0xfc,0x00,0x00,0x00,0x00,0x7f,0x00,0x00,0x00,0x3f,0xfc,0x00,0x00,0x00,0x00,0x7f,0x00,0x00,0x00,0x3f,
  0xfc,0x00,0x00,0x00,0x00,0x7f,0x00,0x00,0x00,0x3f,0xfc,0x00,0x00,0x00,0x00,0x7f,0x00,0x00,0x00,0x3f,0xfc,0x00,0x00,0x00,
  0x00,0x7f,0x00,0x00,0x00,0x3f,0xfc,0x00,0x00,0x00,0x00,0x7f,0x00,0x00,0x00,0x3f,0xfc,0x00,0x00,0x00,0x00,0x7f,0x00,0x00,
  0x00,0x3f,0xfc,0x00,0x00,0x00,0x00,0x7f,0x00,0x00,0x00,0x3f,0xfc,0x00,0x00,0x00,0x00,0x7f,0x00,0x00,0x00,0x3f,0xfc,0x00,
  0x00,0x00,0x00,0x7f,0x00,0x00,0x00,0x3f,0xfc,0x00,0x00,0x00,0x00,0x7f,0x00,0x00,0x00,0x3f,0xfc,0x00,0x00,0x00,0x00,0x7f,
  0x00,0x00,0x00,0x3f,0xfc,0x00,0x00,0x00,0x00,0x7f,0x00,0x00,0x00,0x3f,0xfc,0x00,0x00,0x00,0x00,0x7f,0x00,0x00,0x00,0x3f,
  0xfc,0x00,0x00,0x00,0x00,0x7f,0x00,0x00,0x00,0x3f,0xfc,0x00,0x00,0x00,0x00,0x7f,0x00,0x00,0x00,0x3f,0xfc,0x00,0x00,0x00,
  0x00,0x7f,0x00,0x00,0x00,0x3f,0xfc,0x00,0x00,0x00,0x00,0x7f,0x00,0x00,0x00,0x3f,0xfc,0x00,0x00,0x00,0x00,0x7f,0x00,0x00,
  0x00,0x3f,0xfc,0x00,0x00,0x00,0x00,0x7f,0x00,0x00,0x00,0x3f,0xfc,0x00,0x00,0x00,0x00,0x7f,0x00,0x00,0x00,0x3f,0xfc,0x00,
  0x00,0x00,0x00,0x7f,0x00,0x00,0x00,0x3f,0xfc,0x00,0x00,0x00,0x00,0x7f,0x00,0x00,0x00,0x3f,0xfc,0x00,0x00,0x00,0x00,0x7f,
  0x00,0x00,0x00,0x3f,0xfc,0x00,0x00,0x00,0x00,0x7f,0x00,0x00,0x00,0x3f,0xfc,0x00,0x00,0x00,0x00,0x7f,0x00,0x00,0x00,0x3f,
  0xfc,0x00,0x00,0x00,0x00,0x7f,0x00,0x00,0x00,0x3f,0xfc,0x00,0x00,0x00,0x00,0x7f,0x00,0x00,0x00,0x3f,0xfc,0x00,0x00,0x00,
  0x00,0x7f,0x00,0x00,0x00,0x3f,0xfc,0x00,0x00,0x00,0x00,0x7f,0x00,0x00,0x00,0x3f,0xfc,0x00,0x00,0x00,0x00,0x7f,0x00,0x00,
  0x00,0x3f,0xfc,0x00,0x00,0x00,0x00,0x7f,0x00,0x00,0x00,0x3f,0xfc,0x00,0x00,0x00,0x00,0x7f,0x00,0x00,0x00,0x3f,0xfc,0x00,
  0x00,0x00,0x00,0x7f,0x00,0x00,0x00,0x1f,0xfe,0x00,0x00,0x00,0x00,0xfe,0x00,0x00,0x00,0x1f,0xfe,0x00,0x00,0x00,0x00,0xfe,
  0x00,0x00,0x00,0x1f,0xfe,0x00,0x00,0x00,0x00,0xfe,0x00,0x00,0x00,0x1f,0xfe,0x00,0x00,0x00,0x00,0xfe,0x00,0x00,0x00,0x1f,
  0xff,0x00,0x00,0x00,0x01,0xfe,0x00,0x00,0x00,0x0f,0xff,0x00,0x00,0x00,0x01,0xfc,0x00,0x00,0x00,0x0f,0xff,0x00,0x00,0x00,
  0x01,0xfc,0x00,0x00,0x00,0x0f,0xff,0x80,0x00,0x00,0x03,0xfc,0x00,0x00,0x00,0x07,0xff,0x80,0x00,0x00,0x03,0xf8,0x00,0x00,
  0x00,0x07,0xff,0xc0,0x00,0x00,0x07,0xf8,0x00,0x00,0x00,0x07,0xff,0xe0,0x00,0x00,0x0f,0xf0,0x00,0x00,0x00,0x03,0xff,0xe0,
  0x00,0x00,0x1f,0xf0,0x00,0x00,0x00,0x03,0xff,0xf8,0x00,0x00,0x3f,0xe0,0x00,0x00,0x00,0x01,0xff,0xfc,0x00,0x00,0x7f,0xc0,
  0x00,0x00,0x00,0x00,0xff,0xff,0x00,0x01,0xff,0xc0,0x00,0x00,0x00,0x00,0x7f,0xff,0xe0,0x0f,0xff,0x80,0x00,0x00,0x00,0x00,
  0x3f,0xff,0xff,0xff,0xff,0x00,0x00,0x00,0x00,0x00,0x1f,0xff,0xff,0xff,0xfe,0x00,0x00,0x00,0x00,0x00,0x0f,0xff,0xff,0xff,
  0xf8,0x00,0x00,0x00,0x00,0x00,0x03,0xff,0xff,0xff,0xf0,0x00,0x00,0x00,0x00,0x00,0x00,0xff,0xff,0xff,0xc0,0x00,0x00,0x00,
  0x00,0x00,0x00,0x3f,0xff,0xfe,0x00,0x00,0x00,0x00,0x00,0x00,0x00,0x01,0xff,0xe0,0x00,0x00,0x00,0x00,0x7f,0xff,0xff,0xe0,
  0x00,0x03,0xff,0xff,0xe0,0x7f,0xff,0xff,0xe0,0x00,0x03,0xff,0xff,0xe0,0x7f,0xff,0xff,0xe0,0x00,0x03,0xff,0xff,0xe0,0x7f,
  0xff,0xff,0xe0,0x00,0x03,0xff,0xff,0xe0,0x7f,0xff,0xff,0xe0,0x00,0x03,0xff,0xff,0xe0,0x7f,0xff,0xff,0x80,0x00,0x03,0xff,
  0xff,0x80,0x03,0xff,0xfc,0x00,0x00,0x00,0x07,0xfc,0x00,0x03,0xff,0xf8,0x00,0x00,0x00,0x0f,0xf8,0x00,0x01,0xff,0xf8,0x00,
  0x00,0x00,0x0f,0xf0,0x00,0x01,0xff,0xf8,0x00,0x00,0x00,0x0f,0xe0,0x00,0x01,0xff,0xf8,0x00,0x00,0x00,0x1f,0xe0,0x00,0x01,
  0xff,0xf8,0x00,0x00,0x00,0x1f,0xc0,0x00,0x00,0xff,0xf8,0x00,0x00,0x00,0x3f,0xc0,0x00,0x00,0xff,0xfc,0x00,0x00,0x00,0x3f,
  0x80,0x00,0x00,0xff,0xfc,0x00,0x00,0x00,0x3f,0x80,0x00,0x00,0x7f,0xfc,0x00,0x00,0x00,0x7f,0x80,0x00,0x00,0x7f,0xfe,0x00,
  0x00,0x00,0x7f,0x00,0x00,0x00,0x3f,0xfe,0x00,0x00,0x00,0x7f,0x00,0x00,0x00,0x3f,0xff,0x00,0x00,0x00,0xfe,0x00,0x00,0x00,
  0x3f,0xff,0x00,0x00,0x00,0xfe,0x00,0x00,0x00,0x1f,0xff,0x00,0x00,0x00,0xfe,0x00,0x00,0x00,0x1f,0xff,0x80,0x00,0x01,0xfc,
  0x00,0x00,0x00,0x0f,0xff,0x80,0x00,0x01,0xfc,0x00,0x00,0x00,0x0f,0xff,0xc0,0x00,0x01,0xfc,0x00,0x00,0x00,0x07,0xff,0xc0,
  0x00,0x03,0xf8,0x00,0x00,0x00,0x07,0xff,0xc0,0x00,0x03,0xf8,0x00,0x00,0x00,0x07,0xff,0xe0,0x00,0x07,0xf8,0x00,0x00,0x00,
  0x03,0xff,0xe0,0x00,0x07,0xf0,0x00,0x00,0x00,0x03,0xff,0xf0,0x00,0x07,0xf0,0x00,0x00,0x00,0x01,0xff,0xf0,0x00,0x0f,0xe0,
  0x00,0x00,0x00,0x01,0xff,0xf0,0x00,0x0f,0xe0,0x00,0x00,0x00,0x00,0xff,0xf8,0x00,0x0f,0xe0,0x00,0x00,0x00,0x00,0xff,0xf8,
  0x00,0x1f,0xc0,0x00,0x00,0x00,0x00,0xff,0xfc,0x00,0x1f,0xc0,0x00,0x00,0x00,0x00,0x7f,0xfc,0x00,0x1f,0xc0,0x00,0x00,0x00,
  0x00,0x7f,0xfc,0x00,0x3f,0x80,0x00,0x00,0x00,0x00,0x3f,0xfe,0x00,0x3f,0x80,0x00,0x00,0x00,0x00,0x3f,0xfe,0x00,0x3f,0x00,
  0x00,0x00,0x00,0x00,0x3f,0xff,0x00,0x7f,0x00,0x00,0x00,0x00,0x00,0x1f,0xff,0x00,0x7f,0x00,0x00,0x00,0x00,0x00,0x1f,0xff,
  0x00,0x7e,0x00,0x00,0x00,0x00,0x00,0x0f,0xff,0x80,0xfe,0x00,0x00,0x00,0x00,0x00,0x0f,0xff,0x80,0xfe,0x00,0x00,0x00,0x00,
  0x00,0x07,0xff,0xc0,0xfc,0x00,0x00,0x00,0x00,0x00,0x07,0xff,0xc1,0xfc,0x00,0x00,0x00,0x00,0x00,0x07,0xff,0xc1,0xfc,0x00,
  0x00,0x00,0x00,0x00,0x03,0xff,0xe1,0xf8,0x00,0x00,0x00,0x00,0x00,0x03,0xff,0xe3,0xf8,0x00,0x00,0x00,0x00,0x00,0x01,0xff,
  0xf3,0xf0,0x00,0x00,0x00,0x00,0x00,0x01,0xff,0xf3,0xf0,0x00,0x00,0x00,0x00,0x00,0x00,0xff,0xf7,0xf0,0x00,0x00,0x00,0x00,
  0x00,0x00,0xff,0xff,0xe0,0x00,0x00,0x00,0x00,0x00,0x00,0xff,0xff,0xe0,0x00,0x00,0x00,0x00,0x00,0x00,0x7f,0xff,0xe0,0x00,
  0x00,0x00,0x00,0x00,0x00,0x7f,0xff,0xc0,0x00,0x00,0x00,0x00,0x00,0x00,0x3f,0xff,0xc0,0x00,0x00,0x00,0x00,0x00,0x00,0x3f,
  0xff,0xc0,0x00,0x00,0x00,0x00,0x00,0x00,0x3f,0xff,0x80,0x00,0x00,0x00,0x00,0x00,0x00,0x1f,0xff,0x80,0x00,0x00,0x00,0x00,
  0x00,0x00,0x1f,0xff,0x00,0x00,0x00,0x00,0x00,0x00,0x00,0x0f,0xff,0x00,0x00,0x00,0x00,0x00,0x00,0x00,0x0f,0xff,0x00,0x00,
  0x00,0x00,0x00,0x00,0x00,0x07,0xfe,0x00,0x00,0x00,0x00,0x00,0x00,0x00,0x07,0xfe,0x00,0x00,0x00,0x00,0x00,0x00,0x00,0x07,
  0xfe,0x00,0x00,0x00,0x00,0x00,0x00,0x00,0x03,0xfc,0x00,0x00,0x00,0x00,0x00,0x00,0x00,0x03,0xfc,0x00,0x00,0x00,0x00,0x00,
  0x00,0x00,0x01,0xfc,0x00,0x00,0x00,0x00,0x00,0x00,0x00,0x00,0xf8,0x00,0x00,0x00,0x00,0x7f,0xff,0xff,0xf0,0x00,0x01,0xfc,
  0x00,0x00,0x0f,0xff,0xff,0x80,0x7f,0xff,0xff,0xf0,0x00,0x01,0xfc,0x00,0x00,0x0f,0xff,0xff,0x80,0x7f,0xff,0xff,0xf0,0x00,
  0x01,0xfe,0x00,0x00,0x0f,0xff,0xff,0x80,0x7f,0xff,0xff,0xf0,0x00,0x03,0xfe,0x00,0x00,0x0f,0xff,0xff,0x80,0x7f,0xff,0xff,
  0xf0,0x00,0x03,0xfe,0x00,0x00,0x0f,0xff,0xff,0x80,0x7f,0xff,0xff,0x80,0x00,0x03,0xff,0x00,0x00,0x0f,0xff,0xfe,0x00,0x01,
  0xff,0xfe,0x00,0x00,0x07,0xff,0x00,0x00,0x00,0x1f,0xf0,0x00,0x01,0xff,0xfc,0x00,0x00,0x07,0xff,0x00,0x00,0x00,0x1f,0xe0,
  0x00,0x01,0xff,0xfc,0x00,0x00,0x07,0xff,0x80,0x00,0x00,0x3f,0xc0,0x00,0x01,0xff,0xfc,0x00,0x00,0x07,0xff,0x80,0x00,0x00,
  0x3f,0x80,0x00,0x00,0xff,0xfc,0x00,0x00,0x0f,0xff,0x80,0x00,0x00,0x7f,0x80,0x00,0x00,0xff,0xfc,0x00,0x00,0x0f,0xff,0x80,
  0x00,0x00,0x7f,0x00,0x00,0x00,0xff,0xfc,0x00,0x00,0x0f,0xff,0xc0,0x00,0x00,0xff,0x00,0x00,0x00,0x7f,0xfc,0x00,0x00,0x1f,
  0xff,0xc0,0x00,0x00,0xfe,0x00,0x00,0x00,0x7f,0xfc,0x00,0x00,0x1f,0xff,0xc0,0x00,0x00,0xfe,0x00,0x00,0x00,0x7f,0xfe,0x00,
  0x00,0x1f,0xff,0xe0,0x00,0x00,0xfe,0x00,0x00,0x00,0x7f,0xfe,0x00,0x00,0x3f,0xff,0xe0,0x00,0x01,0xfc,0x00,0x00,0x00,0x3f,
  0xfe,0x00,0x00,0x3f,0xff,0xe0,0x00,0x01,0xfc,0x00,0x00,0x00,0x3f,0xfe,0x00,0x00,0x3f,0xff,0xf0,0x00,0x01,0xfc,0x00,0x00,
  0x00,0x3f,0xff,0x00,0x00,0x7f,0xff,0xf0,0x00,0x03,0xf8,0x00,0x00,0x00,0x1f,0xff,0x00,0x00,0x7e,0xff,0xf0,0x00,0x03,0xf8,
  0x00,0x00,0x00,0x1f,0xff,0x00,0x00,0x7e,0x7f,0xf8,0x00,0x03,0xf8,0x00,0x00,0x00,0x1f,0xff,0x80,0x00,0x7e,0x7f,0xf8,0x00,
  0x03,0xf8,0x00,0x00,0x00,0x0f,0xff,0x80,0x00,0xfe,0x7f,0xf8,0x00,0x07,0xf0,0x00,0x00,0x00,0x0f,0xff,0x80,0x00,0xfc,0x7f,
  0xfc,0x00,0x07,0xf0,0x00,0x00,0x00,0x0f,0xff,0x80,0x00,0xfc,0x3f,0xfc,0x00,0x07,0xf0,0x00,0x00,0x00,0x07,0xff,0xc0,0x01,
  0xfc,0x3f,0xfc,0x00,0x0f,0xe0,0x00,0x00,0x00,0x07,0xff,0xc0,0x01,0xfc,0x3f,0xfc,0x00,0x0f,0xe0,0x00,0x00,0x00,0x07,0xff,
  0xc0,0x01,0xf8,0x3f,0xfe,0x00,0x0f,0xe0,0x00,0x00,0x00,0x03,0xff,0xe0,0x03,0xf8,0x1f,0xfe,0x00,0x0f,0xc0,0x00,0x00,0x00,
  0x03,0xff,0xe0,0x03,0xf8,0x1f,0xfe,0x00,0x1f,0xc0,0x00,0x00,0x00,0x03,0xff,0xe0,0x03,0xf0,0x1f,0xff,0x00,0x1f,0xc0,0x00,
  0x00,0x00,0x01,0xff,0xe0,0x07,0xf0,0x0f,0xff,0x00,0x1f,0x80,0x00,0x00,0x00,0x01,0xff,0xf0,0x07,0xf0,0x0f,0xff,0x00,0x3f,
  0x80,0x00,0x00,0x00,0x01,0xff,0xf0,0x07,0xf0,0x0f,0xff,0x80,0x3f,0x80,0x00,0x00,0x00,0x00,0xff,0xf0,0x07,0xe0,0x07,0xff,
  0x80,0x3f,0x00,0x00,0x00,0x00,0x00,0xff,0xf8,0x0f,0xe0,0x07,0xff,0x80,0x3f,0x00,0x00,0x00,0x00,0x00,0xff,0xf8,0x0f,0xe0,
  0x07,0xff,0xc0,0x7f,0x00,0x00,0x00,0x00,0x00,0x7f,0xf8,0x0f,0xc0,0x03,0xff,0xc0,0x7f,0x00,0x00,0x00,0x00,0x00,0x7f,0xf8,
  0x1f,0xc0,0x03,0xff,0xc0,0x7e,0x00,0x00,0x00,0x00,0x00,0x7f,0xfc,0x1f,0xc0,0x03,0xff,0xc0,0xfe,0x00,0x00,0x00,0x00,0x00,
  0x3f,0xfc,0x1f,0x80,0x01,0xff,0xe0,0xfe,0x00,0x00,0x00,0x00,0x00,0x3f,0xfc,0x1f,0x80,0x01,0xff,0xe0,0xfc,0x00,0x00,0x00,
  0x00,0x00,0x3f,0xfe,0x3f,0x80,0x01,0xff,0xe1,0xfc,0x00,0x00,0x00,0x00,0x00,0x1f,0xfe,0x3f,0x80,0x00,0xff,0xf1,0xfc,0x00,
  0x00,0x00,0x00,0x00,0x1f,0xfe,0x3f,0x00,0x00,0xff,0xf1,0xf8,0x00,0x00,0x00,0x00,0x00,0x1f,0xfe,0x7f,0x00,0x00,0xff,0xf1,
  0xf8,0x00,0x00,0x00,0x00,0x00,0x0f,0xff,0x7f,0x00,0x00,0x7f,0xf3,0xf8,0x00,0x00,0x00,0x00,0x00,0x0f,0xff,0x7e,0x00,0x00,
  0x7f,0xfb,0xf0,0x00,0x00,0x00,0x00,0x00,0x0f,0xff,0x7e,0x00,0x00,0x7f,0xfb,0xf0,0x00,0x00,0x00,0x00,0x00,0x07,0xff,0xfe,
  0x00,0x00,0x3f,0xff,0xf0,0x00,0x00,0x00,0x00,0x00,0x07,0xff,0xfc,0x00,0x00,0x3f,0xff,0xe0,0x00,0x00,0x00,0x00,0x00,0x07,
  0xff,0xfc,0x00,0x00,0x3f,0xff,0xe0,0x00,0x00,0x00,0x00,0x00,0x03,0xff,0xfc,0x00,0x00,0x1f,0xff,0xe0,0x00,0x00,0x00,0x00,
  0x00,0x03,0xff,0xf8,0x00,0x00,0x1f,0xff,0xc0,0x00,0x00,0x00,0x00,0x00,0x03,0xff,0xf8,0x00,0x00,0x1f,0xff,0xc0,0x00,0x00,
  0x00,0x00,0x00,0x01,0xff,0xf8,0x00,0x00,0x0f,0xff,0xc0,0x00,0x00,0x00,0x00,0x00,0x01,0xff,0xf8,0x00,0x00,0x0f,0xff,0xc0,
  0x00,0x00,0x00,0x00,0x00,0x01,0xff,0xf0,0x00,0x00,0x0f,0xff,0x80,0x00,0x00,0x00,0x00,0x00,0x00,0xff,0xf0,0x00,0x00,0x07,
  0xff,0x80,0x00,0x00,0x00,0x00,0x00,0x00,0xff,0xf0,0x00,0x00,0x07,0xff,0x80,0x00,0x00,0x00,0x00,0x00,0x00,0xff,0xe0,0x00,
  0x00,0x07,0xff,0x00,0x00,0x00,0x00,0x00,0x00,0x00,0x7f,0xe0,0x00,0x00,0x03,0xff,0x00,0x00,0x00,0x00,0x00,0x00,0x00,0x7f,
  0xe0,0x00,0x00,0x03,0xff,0x00,0x00,0x00,0x00,0x00,0x00,0x00,0x7f,0xc0,0x00,0x00,0x03,0xfe,0x00,0x00,0x00,0x00,0x00,0x00,
  0x00,0x3f,0xc0,0x00,0x00,0x01,0xfe,0x00,0x00,0x00,0x00,0x00,0x00,0x00,0x3f,0xc0,0x00,0x00,0x01,0xfe,0x00,0x00,0x00,0x00,
  0x00,0x00,0x00,0x3f,0xc0,0x00,0x00,0x01,0xfc,0x00,0x00,0x00,0x00,0x00,0x00,0x00,0x1f,0x80,0x00,0x00,0x00,0xfc,0x00,0x00,
  0x00,0x00,0x7f,0xff,0xff,0xf8,0x00,0x7f,0xff,0xfc,0x00,0x7f,0xff,0xff,0xf8,0x00,0x7f,0xff,0xfc,0x00,0x7f,0xff,0xff,0xf8,
  0x00,0x7f,0xff,0xfc,0x00,0x7f,0xff,0xff,0xf8,0x00,0x7f,0xff,0xfc,0x00,0x7f,0xff,0xff,0xf8,0x00,0x7f,0xff,0xfc,0x00,0x7f,
  0xff,0xff,0xf8,0x00,0x7f,0xff,0xfc,0x00,0x01,0xff,0xff,0x00,0x00,0x00,0xff,0xe0,0x00,0x01,0xff,0xfc,0x00,0x00,0x01,0xff,
  0x80,0x00,0x00,0xff,0xfc,0x00,0x00,0x03,0xff,0x00,0x00,0x00,0xff,0xfc,0x00,0x00,0x07,0xfe,0x00,0x00,0x00,0xff,0xfe,0x00,
  0x00,0x0f,0xfc,0x00,0x00,0x00,0x7f,0xfe,0x00,0x00,0x0f,0xf0,0x00,0x00,0x00,0x3f,0xff,0x00,0x00,0x1f,0xf0,0x00,0x00,0x00,
  0x3f,0xff,0x80,0x00,0x3f,0xe0,0x00,0x00,0x00,0x1f,0xff,0x80,0x00,0x7f,0xc0,0x00,0x00,0x00,0x0f,0xff,0xc0,0x00,0x7f,0x80,
  0x00,0x00,0x00,0x0f,0xff,0xe0,0x00,0xff,0x00,0x00,0x00,0x00,0x07,0xff,0xf0,0x01,0xfe,0x00,0x00,0x00,0x00,0x03,0xff,0xf0,
  0x01,0xfe,0x00,0x00,0x00,0x00,0x01,0xff,0xf8,0x03,0xfc,0x00,0x00,0x00,0x00,0x01,0xff,0xfc,0x07,0xf8,0x00,0x00,0x00,0x00,
  0x00,0xff,0xfe,0x0f,0xf0,0x00,0x00,0x00,0x00,0x00,0x7f,0xfe,0x0f,0xf0,0x00,0x00,0x00,0x00,0x00,0x3f,0xff,0x1f,0xe0,0x00,
  0x00,0x00,0x00,0x00,0x3f,0xff,0xbf,0xc0,0x00,0x00,0x00,0x00,0x00,0x1f,0xff,0xff,0x80,0x00,0x00,0x00,0x00,0x00,0x0f,0xff,
  0xff,0x80,0x00,0x00,0x00,0x00,0x00,0x0f,0xff,0xff,0x00,0x00,0x00,0x00,0x00,0x00,0x07,0xff,0xfe,0x00,0x00,0x00,0x00,0x00,
  0x00,0x03,0xff,0xfc,0x00,0x00,0x00,0x00,0x00,0x00,0x01,0xff,0xfc,0x00,0x00,0x00,0x00,0x00,0x00,0x01,0xff,0xfc,0x00,0x00,
  0x00,0x00,0x00,0x00,0x00,0xff,0xfe,0x00,0x00,0x00,0x00,0x00,0x00,0x00,0x7f,0xfe,0x00,0x00,0x00,0x00,0x00,0x00,0x00,0x3f,
  0xff,0x00,0x00,0x00,0x00,0x00,0x00,0x00,0x3f,0xff,0x80,0x00,0x00,0x00,0x00,0x00,0x00,0x3f,0xff,0xc0,0x00,0x00,0x00,0x00,
  0x00,0x00,0x7f,0xff,0xc0,0x00,0x00,0x00,0x00,0x00,0x00,0x7f,0xff,0xe0,0x00,0x00,0x00,0x00,0x00,0x00,0xff,0xff,0xf0,0x00,
  0x00,0x00,0x00,0x00,0x01,0xff,0xff,0xf8,0x00,0x00,0x00,0x00,0x00,0x01,0xff,0xff,0xf8,0x00,0x00,0x00,0x00,0x00,0x03,0xfd,
  0xff,0xfc,0x00,0x00,0x00,0x00,0x00,0x07,0xf8,0xff,0xfe,0x00,0x00,0x00,0x00,0x00,0x0f,0xf8,0x7f,0xff,0x00,0x00,0x00,0x00,
  0x00,0x0f,0xf0,0x3f,0xff,0x00,0x00,0x00,0x00,0x00,0x1f,0xe0,0x3f,0xff,0x80,0x00,0x00,0x00,0x00,0x3f,0xe0,0x1f,0xff,0xc0,
  0x00,0x00,0x00,0x00,0x7f,0xc0,0x0f,0xff,0xe0,0x00,0x00,0x00,0x00,0x7f,0x80,0x07,0xff,0xe0,0x00,0x00,0x00,0x00,0xff,0x00,
  0x07,0xff,0xf0,0x00,0x00,0x00,0x01,0xff,0x00,0x03,0xff,0xf8,0x00,0x00,0x00,0x01,0xfe,0x00,0x01,0xff,0xfc,0x00,0x00,0x00,
  0x03,0xfc,0x00,0x00,0xff,0xfc,0x00,0x00,0x00,0x07,0xfc,0x00,0x00,0x7f,0xfe,0x00,0x00,0x00,0x0f,0xf8,0x00,0x00,0x7f,0xff,
  0x00,0x00,0x00,0x1f,0xf0,0x00,0x00,0x3f,0xff,0x80,0x00,0x00,0x3f,0xf0,0x00,0x00,0x1f,0xff,0x80,0x00,0x00,0x7f,0xe0,0x00,
  0x00,0x1f,0xff,0xc0,0x00,0x00,0xff,0xc0,0x00,0x00,0x1f,0xff,0xe0,0x00,0x01,0xff,0x80,0x00,0x00,0x1f,0xff,0xe0,0x00,0x07,
  0xff,0x80,0x00,0x00,0x3f,0xff,0xf0,0x00,0x1f,0xff,0xfe,0x00,0x03,0xff,0xff,0xff,0x80,0x1f,0xff,0xfe,0x00,0x03,0xff,0xff,
  0xff,0x80,0x1f,0xff,0xfe,0x00,0x03,0xff,0xff,0xff,0x80,0x1f,0xff,0xfe,0x00,0x03,0xff,0xff,0xff,0x80,0x1f,0xff,0xfe,0x00,
  0x03,0xff,0xff,0xff,0x80,0x1f,0xff,0xfe,0x00,0x03,0xff,0xff,0xff,0x80,0xff,0xff,0xff,0xe0,0x00,0x3f,0xff,0xfe,0xff,0xff,
  0xff,0xe0,0x00,0x3f,0xff,0xfe,0xff,0xff,0xff,0xe0,0x00,0x3f,0xff,0xfe,0xff,0xff,0xff,0xe0,0x00,0x3f,0xff,0xfe,0xff,0xff,
  0xff,0xe0,0x00,0x3f,0xff,0xfe,0xff,0xff,0xff,0x00,0x00,0x3f,0xff,0xf8,0x07,0xff,0xf8,0x00,0x00,0x00,0x7f,0xe0,0x07,0xff,
  0xf0,0x00,0x00,0x00,0x7f,0x80,0x03,0xff,0xf0,0x00,0x00,0x00,0xff,0x00,0x03,0xff,0xf0,0x00,0x00,0x00,0xfe,0x00,0x01,0xff,
  0xf0,0x00,0x00,0x01,0xfe,0x00,0x01,0xff,0xf0,0x00,0x00,0x03,0xfc,0x00,0x01,0xff,0xf8,0x00,0x00,0x03,0xf8,0x00,0x00,0xff,
  0xf8,0x00,0x00,0x07,0xf8,0x00,0x00,0x7f,0xfc,0x00,0x00,0x07,0xf0,0x00,0x00,0x7f,0xfe,0x00,0x00,0x0f,0xf0,0x00,0x00,0x3f,
  0xfe,0x00,0x00,0x0f,0xe0,0x00,0x00,0x3f,0xff,0x00,0x00,0x1f,0xe0,0x00,0x00,0x1f,0xff,0x00,0x00,0x1f,0xc0,0x00,0x00,0x0f,
  0xff,0x80,0x00,0x3f,0xc0,0x00,0x00,0x0f,0xff,0xc0,0x00,0x3f,0x80,0x00,0x00,0x07,0xff,0xc0,0x00,0x7f,0x80,0x00,0x00,0x03,
  0xff,0xe0,0x00,0x7f,0x00,0x00,0x00,0x03,0xff,0xe0,0x00,0xff,0x00,0x00,0x00,0x01,0xff,0xf0,0x00,0xfe,0x00,0x00,0x00,0x01,
  0xff,0xf8,0x01,0xfe,0x00,0x00,0x00,0x00,0xff,0xf8,0x01,0xfc,0x00,0x00,0x00,0x00,0x7f,0xfc,0x03,0xfc,0x00,0x00,0x00,0x00,
  0x7f,0xfe,0x03,0xf8,0x00,0x00,0x00,0x00,0x3f,0xfe,0x07,0xf8,0x00,0x00,0x00,0x00,0x1f,0xff,0x07,0xf0,0x00,0x00,0x00,0x00,
  0x1f,0xff,0x0f,0xf0,0x00,0x00,0x00,0x00,0x0f,0xff,0x8f,0xe0,0x00,0x00,0x00,0x00,0x0f,0xff,0xcf,0xe0,0x00,0x00,0x00,0x00,
  0x07,0xff,0xdf,0xc0,0x00,0x00,0x00,0x00,0x03,0xff,0xff,0xc0,0x00,0x00,0x00,0x00,0x03,0xff,0xff,0x80,0x00,0x00,0x00,0x00,
  0x01,0xff,0xff,0x80,0x00,0x00,0x00,0x00,0x00,0xff,0xff,0x00,0x00,0x00,0x00,0x00,0x00,0xff,0xfe,0x00,0x00,0x00,0x00,0x00,
  0x00,0x7f,0xfe,0x00,0x00,0x00,0x00,0x00,0x00,0x7f,0xfe,0x00,0x00,0x00,0x00,0x00,0x00,0x3f,0xfe,0x00,0x00,0x00,0x00,0x00,
  0x00,0x1f,0xfe,0x00,0x00,0x00,0x00,0x00,0x00,0x1f,0xfe,0x00,0x00,0x00,0x00,0x00,0x00,0x1f,0xfe,0x00,0x00,0x00,0x00,0x00,
  0x00,0x1f,0xfe,0x00,0x00,0x00,0x00,0x00,0x00,0x1f,0xfe,0x00,0x00,0x00,0x00,0x00,0x00,0x1f,0xfe,0x00,0x00,0x00,0x00,0x00,
  0x00,0x1f,0xfe,0x00,0x00,0x00,0x00,0x00,0x00,0x1f,0xfe,0x00,0x00,0x00,0x00,0x00,0x00,0x1f,0xfe,0x00,0x00,0x00,0x00,0x00,
  0x00,0x1f,0xfe,0x00,0x00,0x00,0x00,0x00,0x00,0x1f,0xfe,0x00,0x00,0x00,0x00,0x00,0x00,0x1f,0xfe,0x00,0x00,0x00,0x00,0x00,
  0x00,0x1f,0xfe,0x00,0x00,0x00,0x00,0x00,0x00,0x1f,0xfe,0x00,0x00,0x00,0x00,0x00,0x00,0x1f,0xfe,0x00,0x00,0x00,0x00,0x00,
  0x00,0x1f,0xfe,0x00,0x00,0x00,0x00,0x00,0x00,0x3f,0xfe,0x00,0x00,0x00,0x00,0x00,0x00,0x3f,0xfe,0x00,0x00,0x00,0x00,0x00,
  0x00,0x7f,0xfe,0x00,0x00,0x00,0x00,0x00,0x00,0xff,0xff,0xfc,0x00,0x00,0x00,0x00,0x0f,0xff,0xff,0xfc,0x00,0x00,0x00,0x00,
  0x0f,0xff,0xff,0xfc,0x00,0x00,0x00,0x00,0x0f,0xff,0xff,0xfc,0x00,0x00,0x00,0x00,0x0f,0xff,0xff,0xfc,0x00,0x00,0x00,0x00,
  0x0f,0xff,0xff,0xfc,0x00,0x00,0x07,0xff,0xff,0xff,0xff,0xff,0xfc,0x00,0x07,0xff,0xff,0xff,0xff,0xff,0xfc,0x00,0x07,0xff,
  0xff,0xff,0xff,0xff,0xfc,0x00,0x07,0xff,0xff,0xff,0xff,0xff,0xfc,0x00,0x07,0xff,0xff,0xff,0xff,0xff,0xfc,0x00,0x07,0xff,
  0xff,0xff,0xff,0xff,0xfc,0x00,0x07,0xff,0xc0,0x00,0x00,0x7f,0xfc,0x00,0x07,0xfe,0x00,0x00,0x00,0xff,0xf8,0x00,0x07,0xfc,
  0x00,0x00,0x01,0xff,0xf0,0x00,0x07,0xf8,0x00,0x00,0x03,0xff,0xf0,0x00,0x07,0xf0,0x00,0x00,0x03,0xff,0xe0,0x00,0x07,0xf0,
  0x00,0x00,0x07,0xff,0xc0,0x00,0x07,0xe0,0x00,0x00,0x0f,0xff,0xc0,0x00,0x07,0xe0,0x00,0x00,0x0f,0xff,0x80,0x00,0x07,0xe0,
  0x00,0x00,0x1f,0xff,0x80,0x00,0x07,0xc0,0x00,0x00,0x3f,0xff,0x00,0x00,0x07,0xc0,0x00,0x00,0x3f,0xfe,0x00,0x00,0x07,0xc0,
  0x00,0x00,0x7f,0xfe,0x00,0x00,0x07,0xc0,0x00,0x00,0x7f,0xfc,0x00,0x00,0x07,0xc0,0x00,0x00,0xff,0xf8,0x00,0x00,0x07,0xc0,
  0x00,0x01,0xff,0xf8,0x00,0x00,0x00,0x00,0x00,0x01,0xff,0xf0,0x00,0x00,0x00,0x00,0x00,0x03,0xff,0xe0,0x00,0x00,0x00,0x00,
  0x00,0x07,0xff,0xe0,0x00,0x00,0x00,0x00,0x00,0x07,0xff,0xc0,0x00,0x00,0x00,0x00,0x00,0x0f,0xff,0x80,0x00,0x00,0x00,0x00,
  0x00,0x1f,0xff,0x80,0x00,0x00,0x00,0x00,0x00,0x1f,0xff,0x00,0x00,0x00,0x00,0x00,0x00,0x3f,0xfe,0x00,0x00,0x00,0x00,0x00,
  0x00,0x7f,0xfe,0x00,0x00,0x00,0x00,0x00,0x00,0x7f,0xfc,0x00,0x00,0x00,0x00,0x00,0x00,0xff,0xf8,0x00,0x00,0x00,0x00,0x00,
  0x01,0xff,0xf8,0x00,0x00,0x00,0x00,0x00,0x01,0xff,0xf0,0x00,0x00,0x00,0x00,0x00,0x03,0xff,0xe0,0x00,0x00,0x00,0x00,0x00,
  0x07,0xff,0xe0,0x00,0x00,0x00,0x00,0x00,0x07,0xff,0xc0,0x00,0x00,0x00,0x00,0x00,0x0f,0xff,0x80,0x00,0x00,0x00,0x00,0x00,
  0x1f,0xff,0x80,0x00,0x00,0x00,0x00,0x00,0x1f,0xff,0x00,0x00,0x00,0x00,0x00,0x00,0x3f,0xfe,0x00,0x00,0x00,0x00,0x00,0x00,
  0x7f,0xfe,0x00,0x00,0x00,0x00,0x00,0x00,0x7f,0xfc,0x00,0x00,0x00,0x00,0x00,0x00,0xff,0xf8,0x00,0x00,0x00,0x00,0x00,0x01,
  0xff,0xf8,0x00,0x00,0x00,0x00,0x00,0x01,0xff,0xf0,0x00,0x00,0x00,0x00,0x00,0x03,0xff,0xe0,0x00,0x00,0x00,0x00,0x00,0x07,
  0xff,0xe0,0x00,0x00,0x7c,0x00,0x00,0x07,0xff,0xc0,0x00,0x00,0x7c,0x00,0x00,0x0f,0xff,0x80,0x00,0x00,0x7c,0x00,0x00,0x1f,
  0xff,0x80,0x00,0x00,0x7c,0x00,0x00,0x1f,0xff,0x00,0x00,0x00,0x7c,0x00,0x00,0x3f,0xfe,0x00,0x00,0x00,0x7c,0x00,0x00,0x7f,
  0xfe,0x00,0x00,0x00,0xfc,0x00,0x00,0x7f,0xfc,0x00,0x00,0x00,0xfc,0x00,0x00,0xff,0xf8,0x00,0x00,0x00,0xfc,0x00,0x01,0xff,
  0xf8,0x00,0x00,0x01,0xfc,0x00,0x01,0xff,0xf0,0x00,0x00,0x03,0xfc,0x00,0x03,0xff,0xe0,0x00,0x00,0x03,0xfc,0x00,0x07,0xff,
  0xc0,0x00,0x00,0x0f,0xfc,0x00,0x07,0xff,0xc0,0x00,0x00,0x1f,0xfc,0x00,0x0f,0xff,0x80,0x00,0x00,0xff,0xfc,0x00,0x0f,0xff,
  0xff,0xff,0xff,0xff,0xfc,0x00,0x0f,0xff,0xff,0xff,0xff,0xff,0xfc,0x00,0x0f,0xff,0xff,0xff,0xff,0xff,0xfc,0x00,0x0f,0xff,
  0xff,0xff,0xff,0xff,0xfc,0x00,0x0f,0xff,0xff,0xff,0xff,0xff,0xfc,0x00,0x0f,0xff,0xff,0xff,0xff,0xff,0xfc,0x00,0x01,0xff,
  0xff,0xff,0xf0,0x01,0xff,0xff,0xff,0xf0,0x01,0xff,0xff,0xff,0xf0,0x01,0xff,0xff,0xff,0xf0,0x01,0xff,0xff,0xff,0xf0,0x01,
  0xff,0xff,0xff,0xf0,0x01,0xff,0xff,0xff,0xf0,0x01,0xff,0x80,0x00,0x00,0x01,0xff,0x80,0x00,0x00,0x01,0xff,0x80,0x00,0x00,
  0x01,0xff,0x80,0x00,0x00,0x01,0xff,0x80,0x00,0x00,0x01,0xff,0x80,0x00,0x00,0x01,0xff,0x80,0x00,0x00,0x01,0xff,0x80,0x00,
  0x00,0x01,0xff,0x80,0x00,0x00,0x01,0xff,0x80,0x00,0x00,0x01,0xff,0x80,0x00,0x00,0x01,0xff,0x80,0x00,0x00,0x01,0xff,0x80,
  0x00,0x00,0x01,0xff,0x80,0x00,0x00,0x01,0xff,0x80,0x00,0x00,0x01,0xff,0x80,0x00,0x00,0x01,0xff,0x80,0x00,0x00,0x01,0xff,
  0x80,0x00,0x00,0x01,0xff,0x80,0x00,0x00,0x01,0xff,0x80,0x00,0x00,0x01,0xff,0x80,0x00,0x00,0x01,0xff,0x80,0x00,0x00,0x01,
  0xff,0x80,0x00,0x00,0x01,0xff,0x80,0x00,0x00,0x01,0xff,0x80,0x00,0x00,0x01,0xff,0x80,0x00,0x00,0x01,0xff,0x80,0x00,0x00,
  0x01,0xff,0x80,0x00,0x00,0x01,0xff,0x80,0x00,0x00,0x01,0xff,0x80,0x00,0x00,0x01,0xff,0x80,0x00,0x00,0x01,0xff,0x80,0x00,
  0x00,0x01,0xff,0x80,0x00,0x00,0x01,0xff,0x80,0x00,0x00,0x01,0xff,0x80,0x00,0x00,0x01,0xff,0x80,0x00,0x00,0x01,0xff,0x80,
  0x00,0x00,0x01,0xff,0x80,0x00,0x00,0x01,0xff,0x80,0x00,0x00,0x01,0xff,0x80,0x00,0x00,0x01,0xff,0x80,0x00,0x00,0x01,0xff,
  0x80,0x00,0x00,0x01,0xff,0x80,0x00,0x00,0x01,0xff,0x80,0x00,0x00,0x01,0xff,0x80,0x00,0x00,0x01,0xff,0x80,0x00,0x00,0x01,
  0xff,0x80,0x00,0x00,0x01,0xff,0x80,0x00,0x00,0x01,0xff,0x80,0x00,0x00,0x01,0xff,0x80,0x00,0x00,0x01,0xff,0x80,0x00,0x00,
  0x01,0xff,0x80,0x00,0x00,0x01,0xff,0x80,0x00,0x00,0x01,0xff,0x80,0x00,0x00,0x01,0xff,0x80,0x00,0x00,0x01,0xff,0x80,0x00,
  0x00,0x01,0xff,0x80,0x00,0x00,0x01,0xff,0x80,0x00,0x00,0x01,0xff,0x80,0x00,0x00,0x01,0xff,0x80,0x00,0x00,0x01,0xff,0x80,
  0x00,0x00,0x01,0xff,0x80,0x00,0x00,0x01,0xff,0x80,0x00,0x00,0x01,0xff,0x80,0x00,0x00,0x01,0xff,0x80,0x00,0x00,0x01,0xff,
  0x80,0x00,0x00,0x01,0xff,0x80,0x00,0x00,0x01,0xff,0x80,0x00,0x00,0x01,0xff,0x80,0x00,0x00,0x01,0xff,0x80,0x00,0x00,0x01,
  0xff,0x80,0x00,0x00,0x01,0xff,0x80,0x00,0x00,0x01,0xff,0x80,0x00,0x00,0x01,0xff,0x80,0x00,0x00,0x01,0xff,0x80,0x00,0x00,
  0x01,0xff,0x80,0x00,0x00,0x01,0xff,0x80,0x00,0x00,0x01,0xff,0x80,0x00,0x00,0x01,0xff,0x80,0x00,0x00,0x01,0xff,0x80,0x00,
  0x00,0x01,0xff,0x80,0x00,0x00,0x01,0xff,0x80,0x00,0x00,0x01,0xff,0x80,0x00,0x00,0x01,0xff,0x80,0x00,0x00,0x01,0xff,0xff,
  0xff,0xf0,0x01,0xff,0xff,0xff,0xf0,0x01,0xff,0xff,0xff,0xf0,0x01,0xff,0xff,0xff,0xf0,0x01,0xff,0xff,0xff,0xf0,0x01,0xff,
  0xff,0xff,0xf0,0x01,0xff,0xff,0xff,0xf0,0x00,0x00,0x00,0x00,0x00,0x00,0x00,0x00,0x00,0x00,0x60,0x00,0x00,0x00,0x00,0x00,
  0x00,0x00,0x01,0xe0,0x00,0x00,0x00,0x00,0x00,0x00,0x00,0x03,0xf0,0x00,0x00,0x00,0x00,0x00,0x00,0x00,0x0f,0xf0,0x00,0x00,
  0x00,0x00,0x00,0x00,0x00,0x1f,0xf8,0x00,0x00,0x00,0x00,0x00,0x00,0x00,0x1f,0xfc,0x00,0x00,0x00,0x00,0x00,0x00,0x00,0x1f,
  0xfc,0x00,0x00,0x00,0x00,0x00,0x00,0x00,0x0f,0xfe,0x00,0x00,0x00,0x00,0x00,0x00,0x00,0x0f,0xfe,0x00,0x00,0x00,0x00,0x00,
  0x00,0x00,0x07,0xff,0x00,0x00,0x00,0x00,0x00,0x00,0x00,0x03,0xff,0x00,0x00,0x00,0x00,0x00,0x00,0x00,0x03,0xff,0x80,0x00,
  0x00,0x00,0x00,0x00,0x00,0x01,0xff,0xc0,0x00,0x00,0x00,0x00,0x00,0x00,0x01,0xff,0xc0,0x00,0x00,0x00,0x00,0x00,0x00,0x00,
  0xff,0xe0,0x00,0x00,0x00,0x00,0x00,0x00,0x00,0x7f,0xe0,0x00,0x00,0x00,0x00,0x00,0x00,0x00,0x7f,0xf0,0x00,0x00,0x00,0x00,
  0x00,0x00,0x00,0x3f,0xf0,0x00,0x00,0x00,0x00,0x00,0x00,0x00,0x3f,0xf8,0x00,0x00,0x00,0x00,0x00,0x00,0x00,0x1f,0xfc,0x00,
  0x00,0x00,0x00,0x00,0x00,0x00,0x0f,0xfc,0x00,0x00,0x00,0x00,0x00,0x00,0x00,0x0f,0xfe,0x00,0x00,0x00,0x00,0x00,0x00,0x00,
  0x07,0xfe,0x00,0x00,0x00,0x00,0x00,0x00,0x00,0x07,0xff,0x00,0x00,0x00,0x00,0x00,0x00,0x00,0x03,0xff,0x00,0x00,0x00,0x00,
  0x00,0x00,0x00,0x03,0xff,0x80,0x00,0x00,0x00,0x00,0x00,0x00,0x01,0xff,0xc0,0x00,0x00,0x00,0x00,0x00,0x00,0x00,0xff,0xc0,
  0x00,0x00,0x00,0x00,0x00,0x00,0x00,0xff,0xe0,0x00,0x00,0x00,0x00,0x00,0x00,0x00,0x7f,0xe0,0x00,0x00,0x00,0x00,0x00,0x00,
  0x00,0x7f,0xf0,0x00,0x00,0x00,0x00,0x00,0x00,0x00,0x3f,0xf0,0x00,0x00,0x00,0x00,0x00,0x00,0x00,0x1f,0xf8,0x00,0x00,0x00,
  0x00,0x00,0x00,0x00,0x1f,0xfc,0x00,0x00,0x00,0x00,0x00,0x00,0x00,0x0f,0xfc,0x00,0x00,0x00,0x00,0x00,0x00,0x00,0x0f,0xfe,
  0x00,0x00,0x00,0x00,0x00,0x00,0x00,0x07,0xfe,0x00,0x00,0x00,0x00,0x00,0x00,0x00,0x07,0xff,0x00,0x00,0x00,0x00,0x00,0x00,
  0x00,0x03,0xff,0x00,0x00,0x00,0x00,0x00,0x00,0x00,0x01,0xff,0x80,0x00,0x00,0x00,0x00,0x00,0x00,0x01,0xff,0xc0,0x00,0x00,
  0x00,0x00,0x00,0x00,0x00,0xff,0xc0,0x00,0x00,0x00,0x00,0x00,0x00,0x00,0xff,0xe0,0x00,0x00,0x00,0x00,0x00,0x00,0x00,0x7f,
  0xe0,0x00,0x00,0x00,0x00,0x00,0x00,0x00,0x3f,0xf0,0x00,0x00,0x00,0x00,0x00,0x00,0x00,0x3f,0xf0,0x00,0x00,0x00,0x00,0x00,
  0x00,0x00,0x1f,0xf8,0x00,0x00,0x00,0x00,0x00,0x00,0x00,0x1f,0xfc,0x00,0x00,0x00,0x00,0x00,0x00,0x00,0x0f,0xfc,0x00,0x00,
  0x00,0x00,0x00,0x00,0x00,0x07,0xfe,0x00,0x00,0x00,0x00,0x00,0x00,0x00,0x07,0xfe,0x00,0x00,0x00,0x00,0x00,0x00,0x00,0x03,
  0xff,0x00,0x00,0x00,0x00,0x00,0x00,0x00,0x03,0xff,0x00,0x00,0x00,0x00,0x00,0x00,0x00,0x01,0xff,0x80,0x00,0x00,0x00,0x00,
  0x00,0x00,0x01,0xff,0xc0,0x00,0x00,0x00,0x00,0x00,0x00,0x00,0xff,0xc0,0x00,0x00,0x00,0x00,0x00,0x00,0x00,0x7f,0xe0,0x00,
  0x00,0x00,0x00,0x00,0x00,0x00,0x7f,0xe0,0x00,0x00,0x00,0x00,0x00,0x00,0x00,0x3f,0xf0,0x00,0x00,0x00,0x00,0x00,0x00,0x00,
  0x3f,0xf0,0x00,0x00,0x00,0x00,0x00,0x00,0x00,0x1f,0xf8,0x00,0x00,0x00,0x00,0x00,0x00,0x00,0x0f,0xfc,0x00,0x00,0x00,0x00,
  0x00,0x00,0x00,0x0f,0xfc,0x00,0x00,0x00,0x00,0x00,0x00,0x00,0x07,0xfe,0x00,0x00,0x00,0x00,0x00,0x00,0x00,0x07,0xfe,0x00,
  0x00,0x00,0x00,0x00,0x00,0x00,0x03,0xff,0x00,0x00,0x00,0x00,0x00,0x00,0x00,0x03,0xff,0x00,0x00,0x00,0x00,0x00,0x00,0x00,
  0x01,0xff,0x80,0x00,0x00,0x00,0x00,0x00,0x00,0x00,0xff,0xc0,0x00,0x00,0x00,0x00,0x00,0x00,0x00,0xff,0xc0,0x00,0x00,0x00,
  0x00,0x00,0x00,0x00,0x7f,0xe0,0x00,0x00,0x00,0x00,0x00,0x00,0x00,0x7f,0xe0,0x00,0x00,0x00,0x00,0x00,0x00,0x00,0x3f,0xf0,
  0x00,0x00,0x00,0x00,0x00,0x00,0x00,0x1f,0xf0,0x00,0x00,0x00,0x00,0x00,0x00,0x00,0x1f,0xf8,0x00,0x00,0x00,0x00,0x00,0x00,
  0x00,0x0f,0xfc,0x00,0x00,0x00,0x00,0x00,0x00,0x00,0x0f,0xfc,0x00,0x00,0x00,0x00,0x00,0x00,0x00,0x07,0xfe,0x00,0x00,0x00,
  0x00,0x00,0x00,0x00,0x03,0xfe,0x00,0x00,0x00,0x00,0x00,0x00,0x00,0x03,0xff,0x00,0x00,0x00,0x00,0x00,0x00,0x00,0x01,0xff,
  0x00,0x00,0x00,0x00,0x00,0x00,0x00,0x01,0xff,0x80,0x00,0x00,0x00,0x00,0x00,0x00,0x00,0xff,0xc0,0x00,0x00,0x00,0x00,0x00,
  0x00,0x00,0xff,0xc0,0x00,0x00,0x00,0x00,0x00,0x00,0x00,0x7f,0xe0,0x00,0x00,0x00,0x00,0x00,0x00,0x00,0x3f,0xe0,0x00,0x00,
  0x00,0x00,0x00,0x00,0x00,0x3f,0xf0,0x00,0x00,0x00,0x00,0x00,0x00,0x00,0x1f,0xf0,0x00,0x00,0x00,0x00,0x00,0x00,0x00,0x1f,
  0xf8,0x00,0x00,0x00,0x00,0x00,0x00,0x00,0x0f,0xfc,0x00,0x00,0x00,0x00,0x00,0x00,0x00,0x07,0xfc,0x00,0x00,0x00,0x00,0x00,
  0x00,0x00,0x07,0xfe,0x00,0x00,0x00,0x00,0x00,0x00,0x00,0x03,0xfe,0x00,0x00,0x00,0x00,0x00,0x00,0x00,0x03,0xff,0x00,0x00,
  0x00,0x00,0x00,0x00,0x00,0x01,0xff,0x00,0x00,0x00,0x00,0x00,0x00,0x00,0x01,0xff,0x00,0x00,0x00,0x00,0x00,0x00,0x00,0x00,
  0xfc,0x00,0x00,0x00,0x00,0x00,0x00,0x00,0x00,0x70,0x00,0x00,0x00,0x00,0x00,0x00,0x00,0x00,0x60,0x00,0x00,0x00,0x00,0x00,
  0x00,0x00,0x00,0x00,0x00,0xff,0xff,0xff,0xf8,0x00,0xff,0xff,0xff,0xf8,0x00,0xff,0xff,0xff,0xf8,0x00,0xff,0xff,0xff,0xf8,
  0x00,0xff,0xff,0xff,0xf8,0x00,0xff,0xff,0xff,0xf8,0x00,0xff,0xff,0xff,0xf8,0x00,0x00,0x00,0x1f,0xf8,0x00,0x00,0x00,0x1f,
  0xf8,0x00,0x00,0x00,0x1f,0xf8,0x00,0x00,0x00,0x1f,0xf8,0x00,0x00,0x00,0x1f,0xf8,0x00,0x00,0x00,0x1f,0xf8,0x00,0x00,0x00,
  0x1f,0xf8,0x00,0x00,0x00,0x1f,0xf8,0x00,0x00,0x00,0x1f,0xf8,0x00,0x00,0x00,0x1f,0xf8,0x00,0x00,0x00,0x1f,0xf8,0x00,0x00,
  0x00,0x1f,0xf8,0x00,0x00,0x00,0x1f,0xf8,0x00,0x00,0x00,0x1f,0xf8,0x00,0x00,0x00,0x1f,0xf8,0x00,0x00,0x00,0x1f,0xf8,0x00,
  0x00,0x00,0x1f,0xf8,0x00,0x00,0x00,0x1f,0xf8,0x00,0x00,0x00,0x1f,0xf8,0x00,0x00,0x00,0x1f,0xf8,0x00,0x00,0x00,0x1f,0xf8,
  0x00,0x00,0x00,0x1f,0xf8,0x00,0x00,0x00,0x1f,0xf8,0x00,0x00,0x00,0x1f,0xf8,0x00,0x00,0x00,0x1f,0xf8,0x00,0x00,0x00,0x1f,
  0xf8,0x00,0x00,0x00,0x1f,0xf8,0x00,0x00,0x00,0x1f,0xf8,0x00,0x00,0x00,0x1f,0xf8,0x00,0x00,0x00,0x1f,0xf8,0x00,0x00,0x00,
  0x1f,0xf8,0x00,0x00,0x00,0x1f,0xf8,0x00,0x00,0x00,0x1f,0xf8,0x00,0x00,0x00,0x1f,0xf8,0x00,0x00,0x00,0x1f,0xf8,0x00,0x00,
  0x00,0x1f,0xf8,0x00,0x00,0x00,0x1f,0xf8,0x00,0x00,0x00,0x1f,0xf8,0x00,0x00,0x00,0x1f,0xf8,0x00,0x00,0x00,0x1f,0xf8,0x00,
  0x00,0x00,0x1f,0xf8,0x00,0x00,0x00,0x1f,0xf8,0x00,0x00,0x00,0x1f,0xf8,0x00,0x00,0x00,0x1f,0xf8,0x00,0x00,0x00,0x1f,0xf8,
  0x00,0x00,0x00,0x1f,0xf8,0x00,0x00,0x00,0x1f,0xf8,0x00,0x00,0x00,0x1f,0xf8,0x00,0x00,0x00,0x1f,0xf8,0x00,0x00,0x00,0x1f,
  0xf8,0x00,0x00,0x00,0x1f,0xf8,0x00,0x00,0x00,0x1f,0xf8,0x00,0x00,0x00,0x1f,0xf8,0x00,0x00,0x00,0x1f,0xf8,0x00,0x00,0x00,
  0x1f,0xf8,0x00,0x00,0x00,0x1f,0xf8,0x00,0x00,0x00,0x1f,0xf8,0x00,0x00,0x00,0x1f,0xf8,0x00,0x00,0x00,0x1f,0xf8,0x00,0x00,
  0x00,0x1f,0xf8,0x00,0x00,0x00,0x1f,0xf8,0x00,0x00,0x00,0x1f,0xf8,0x00,0x00,0x00,0x1f,0xf8,0x00,0x00,0x00,0x1f,0xf8,0x00,
  0x00,0x00,0x1f,0xf8,0x00,0x00,0x00,0x1f,0xf8,0x00,0x00,0x00,0x1f,0xf8,0x00,0x00,0x00,0x1f,0xf8,0x00,0x00,0x00,0x1f,0xf8,
  0x00,0x00,0x00,0x1f,0xf8,0x00,0x00,0x00,0x1f,0xf8,0x00,0x00,0x00,0x1f,0xf8,0x00,0x00,0x00,0x1f,0xf8,0x00,0x00,0x00,0x1f,
  0xf8,0x00,0x00,0x00,0x1f,0xf8,0x00,0x00,0x00,0x1f,0xf8,0x00,0x00,0x00,0x1f,0xf8,0x00,0x00,0x00,0x1f,0xf8,0x00,0x00,0x00,
  0x1f,0xf8,0x00,0x00,0x00,0x1f,0xf8,0x00,0x00,0x00,0x1f,0xf8,0x00,0x00,0x00,0x1f,0xf8,0x00,0x00,0x00,0x1f,0xf8,0x00,0x00,
  0x00,0x1f,0xf8,0x00,0xff,0xff,0xff,0xf8,0x00,0xff,0xff,0xff,0xf8,0x00,0xff,0xff,0xff,0xf8,0x00,0xff,0xff,0xff,0xf8,0x00,
  0xff,0xff,0xff,0xf8,0x00,0xff,0xff,0xff,0xf8,0x00,0xff,0xff,0xff,0xf8,0x00,0x00,0x00,0x00,0x00,0x1f,0xf0,0x00,0x00,0x00,
  0x00,0x00,0x00,0x00,0x00,0x3f,0xfc,0x00,0x00,0x00,0x00,0x00,0x00,0x00,0x00,0x7f,0xfe,0x00,0x00,0x00,0x00,0x00,0x00,0x00,
  0x01,0xff,0xff,0x00,0x00,0x00,0x00,0x00,0x00,0x00,0x03,0xff,0xff,0x80,0x00,0x00,0x00,0x00,0x00,0x00,0x07,0xff,0xff,0xc0,
  0x00,0x00,0x00,0x00,0x00,0x00,0x0f,0xfc,0xff,0xe0,0x00,0x00,0x00,0x00,0x00,0x00,0x1f,0xf8,0x7f,0xf0,0x00,0x00,0x00,0x00,
  0x00,0x00,0x3f,0xf0,0x3f,0xf8,0x00,0x00,0x00,0x00,0x00,0x00,0x7f,0xe0,0x1f,0xfc,0x00,0x00,0x00,0x00,0x00,0x00,0xff,0xc0,
  0x0f,0xfe,0x00,0x00,0x00,0x00,0x00,0x01,0xff,0x80,0x07,0xff,0x00,0x00,0x00,0x00,0x00,0x07,0xff,0x00,0x03,0xff,0x80,0x00,
  0x00,0x00,0x00,0x0f,0xfe,0x00,0x01,0xff,0xe0,0x00,0x00,0x00,0x00,0x1f,0xfc,0x00,0x00,0xff,0xf0,0x00,0x00,0x00,0x00,0x3f,
  0xf8,0x00,0x00,0x7f,0xf8,0x00,0x00,0x00,0x00,0x7f,0xf0,0x00,0x00,0x1f,0xfc,0x00,0x00,0x00,0x00,0xff,0xe0,0x00,0x00,0x0f,
  0xfe,0x00,0x00,0x00,0x01,0xff,0x80,0x00,0x00,0x07,0xff,0x00,0x00,0x00,0x03,0xff,0x00,0x00,0x00,0x03,0xff,0x80,0x00,0x00,
  0x0f,0xfe,0x00,0x00,0x00,0x01,0xff,0xc0,0x00,0x00,0x1f,0xfc,0x00,0x00,0x00,0x00,0xff,0xe0,0x00,0x00,0x3f,0xf8,0x00,0x00,
  0x00,0x00,0x7f,0xf0,0x00,0x00,0x7f,0xf0,0x00,0x00,0x00,0x00,0x3f,0xf8,0x00,0x00,0xff,0xe0,0x00,0x00,0x00,0x00,0x1f,0xfe,
  0x00,0x01,0xff,0xc0,0x00,0x00,0x00,0x00,0x0f,0xff,0x00,0x01,0xff,0x00,0x00,0x00,0x00,0x00,0x07,0xff,0x80,0x00,0x00,0x00,
  0x00,0x00,0x00,0x00,0x00,0x00,0x00,0x00,0x00,0x00,0x00,0x00,0x00,0x00,0x00,0x00,0x00,0x00,0x00,0x00,0x00,0x00,0x00,0x00,
  0x00,0x00,0x00,0x00,0x00,0x00,0x00,0x00,0x00,0x00,0x00,0x00,0x00,0x00,0x00,0x00,0x00,0x00,0x00,0x00,0x00,0x00,0x00,0x00,
  0x00,0x00,0x00,0x00,0x00,0x00,0x00,0x00,0x00,0x00,0x00,0x00,0x00,0x00,0x00,0x00,0x00,0x00,0x00,0x00,0x00,0x00,0x00,0x00,
  0x00,0x00,0x00,0x00,0x00,0x00,0x00,0x00,0x00,0x00,0x00,0x00,0x00,0x00,0x00,0x00,0x00,0x00,0x00,0x00,0x00,0x00,0x00,0x00,
  0x00,0x00,0x00,0x00,0x00,0x00,0x00,0x00,0x00,0x00,0x00,0x00,0x00,0x00,0x00,0x00,0x00,0x00,0x00,0x00,0x00,0x00,0x00,0x00,
  0x00,0x00,0x00,0x00,0x00,0x00,0x00,0x00,0x00,0x00,0x00,0x00,0x00,0x00,0x00,0x00,0x00,0x00,0x00,0x00,0x00,0x00,0x00,0x00,
  0x00,0x00,0x00,0x00,0x00,0x00,0x00,0x00,0x00,0x00,0x00,0x00,0x00,0x00,0x00,0x00,0x00,0x00,0x00,0x00,0x00,0x00,0x00,0x00,
  0x00,0x00,0x00,0x00,0x00,0x00,0x00,0x00,0x00,0x00,0x00,0x00,0x00,0x00,0x00,0x00,0x00,0x00,0x00,0x00,0x00,0x00,0x00,0x00,
  0x00,0x00,0x00,0x00,0x00,0x00,0x00,0x00,0x00,0x00,0x00,0x00,0x00,0x00,0x00,0x00,0x00,0x00,0x00,0x00,0x00,0x00,0x00,0x00,
  0x00,0x00,0x00,0x00,0x00,0x00,0x00,0x00,0x00,0x00,0x00,0x00,0x00,0x00,0x00,0x00,0x00,0x00,0x00,0x00,0x00,0x00,0x00,0x00,
  0x00,0x00,0x00,0x00,0x00,0x00,0x00,0x00,0x00,0x00,0x00,0x00,0x00,0x00,0x00,0x00,0x00,0x00,0x00,0x00,0x00,0x00,0x00,0x00,
  0x00,0x00,0x00,0x00,0x00,0x00,0x00,0x00,0x00,0x00,0x00,0x00,0x00,0x00,0x00,0x00,0x00,0x00,0x00,0x00,0x00,0x00,0x00,0x00,
  0x00,0x00,0x00,0x00,0x00,0x00,0x00,0x00,0x00,0x00,0x00,0x00,0x00,0x00,0x00,0x00,0x00,0x00,0x00,0x00,0x00,0x00,0x00,0x00,
  0x00,0x00,0x00,0x00,0x00,0x00,0x00,0x00,0x00,0x00,0x00,0x00,0x00,0x00,0x00,0x00,0x00,0x00,0x00,0x00,0x00,0x00,0x00,0x00,
  0x00,0x00,0x00,0x00,0x00,0x00,0x00,0x00,0x00,0x00,0x00,0x00,0x00,0x00,0x00,0x00,0x00,0x00,0x00,0x00,0x00,0x00,0x00,0x00,
  0x00,0x00,0x00,0x00,0x00,0x00,0x00,0x00,0x00,0x00,0x00,0x00,0x00,0x00,0x00,0x00,0x00,0x00,0x00,0x00,0x00,0x00,0x00,0x00,
  0x00,0x00,0x00,0x00,0x00,0x00,0x00,0x00,0x00,0x00,0x00,0x00,0x00,0x00,0x00,0x00,0x00,0x00,0x00,0x00,0x00,0x00,0x00,0x00,
  0x00,0x00,0x00,0x00,0x00,0x00,0x00,0x00,0x00,0x00,0x00,0x00,0x00,0x00,0x00,0x00,0x00,0x00,0x00,0x00,0x00,0x00,0x00,0x00,
  0x00,0x00,0x00,0x00,0x00,0x00,0x00,0x00,0x00,0x00,0x00,0x00,0x00,0x00,0x00,0x00,0x00,0x00,0x00,0x00,0x00,0x00,0x00,0x00,
  0x00,0x00,0x00,0x00,0x00,0x00,0x00,0x00,0x00,0x00,0x00,0x00,0x7f,0xff,0xff,0xff,0xff,0xff,0xff,0xf0,0x00,0x00,0x7f,0xff,
  0xff,0xff,0xff,0xff,0xff,0xf0,0x00,0x00,0x7f,0xff,0xff,0xff,0xff,0xff,0xff,0xf0,0x00,0x00,0x7f,0xff,0xff,0xff,0xff,0xff,
  0xff,0xf0,0x00,0x00,0x7f,0xff,0xff,0xff,0xff,0xff,0xff,0xf0,0x00,0x00,0x7f,0xff,0xff,0xff,0xff,0xff,0xff,0xf0,0x00,0x00,
  0x7f,0xff,0xff,0xff,0xff,0xff,0xff,0xf0,0x00,0x00,0x7f,0xff,0xff,0xff,0xff,0xff,0xff,0xf0,0x00,0x00,0x7f,0xff,0xff,0xff,
  0xff,0xff,0xff,0xf0,0x00,0x00,0x03,0xc0,0x00,0x00,0x00,0x00,0x0f,0xf0,0x00,0x00,0x00,0x00,0x0f,0xf0,0x00,0x00,0x00,0x00,
  0x0f,0xf8,0x00,0x00,0x00,0x00,0x1f,0xfc,0x00,0x00,0x00,0x00,0x1f,0xfc,0x00,0x00,0x00,0x00,0x0f,0xfe,0x00,0x00,0x00,0x00,
  0x0f,0xff,0x00,0x00,0x00,0x00,0x07,0xff,0x00,0x00,0x00,0x00,0x03,0xff,0x80,0x00,0x00,0x00,0x01,0xff,0x80,0x00,0x00,0x00,
  0x00,0xff,0xc0,0x00,0x00,0x00,0x00,0x7f,0xe0,0x00,0x00,0x00,0x00,0x3f,0xe0,0x00,0x00,0x00,0x00,0x1f,0xf0,0x00,0x00,0x00,
  0x00,0x0f,0xf0,0x00,0x00,0x00,0x00,0x07,0xf8,0x00,0x00,0x00,0x00,0x03,0xf0,0x00,0x00,0x00,0x00,0x00,0xe0,0x00,0x00,0x00,
  0x00,0x00,0x40,0x00,0x00,0x00,0x00,0x00,0x00,0x00,0x00,0x00,0x00,0x00,0x00,0x00,0x00,0x00,0x00,0x00,0x00,0x00,0x00,0x00,
  0x00,0x00,0x00,0x00,0x00,0x00,0x00,0x00,0x00,0x00,0x00,0x00,0x00,0x00,0x00,0x00,0x00,0x00,0x00,0x00,0x00,0x00,0x00,0x00,
  0x00,0x00,0x00,0x00,0x00,0x00,0x00,0x00,0x00,0x00,0x00,0x00,0x00,0x00,0x00,0x00,0x00,0x00,0x00,0x00,0x00,0x00,0x00,0x00,
  0x00,0x00,0x00,0x00,0x00,0x00,0x00,0x00,0x00,0x00,0x00,0x00,0x00,0x00,0x00,0x00,0x00,0x00,0x00,0x00,0x00,0x00,0x00,0x00,
  0x00,0x00,0x00,0x00,0x00,0x00,0x00,0x00,0x00,0x00,0x00,0x00,0x00,0x00,0x00,0x00,0x00,0x00,0x00,0x00,0x00,0x00,0x00,0x00,
  0x00,0x00,0x00,0x00,0x00,0x00,0x00,0x00,0x00,0x00,0x00,0x00,0x00,0x00,0x00,0x00,0x00,0x00,0x00,0x00,0x00,0x00,0x00,0x00,
  0x00,0x00,0x00,0x00,0x00,0x00,0x00,0x00,0x00,0x00,0x00,0x00,0x00,0x00,0x00,0x00,0x00,0x00,0x00,0x00,0x00,0x00,0x00,0x00,
  0x00,0x00,0x00,0x00,0x00,0x00,0x00,0x00,0x00,0x00,0x00,0x00,0x00,0x00,0x00,0x00,0x00,0x00,0x00,0x00,0x00,0x00,0x00,0x00,
  0x00,0x00,0x00,0x00,0x00,0x00,0x00,0x00,0x00,0x00,0x00,0x00,0x00,0x00,0x00,0x00,0x00,0x00,0x00,0x00,0x00,0x00,0x00,0x00,
  0x00,0x00,0x00,0x00,0x00,0x00,0x00,0x00,0x00,0x00,0x00,0x00,0x00,0x00,0x00,0x00,0x00,0x00,0x00,0x00,0x00,0x00,0x00,0x00,
  0x00,0x00,0x00,0x00,0x00,0x00,0x00,0x00,0x00,0x00,0x00,0x00,0x00,0x00,0x00,0x00,0x00,0x00,0x00,0x00,0x00,0x00,0x00,0x00,
  0x00,0x00,0x00,0x00,0x00,0x00,0x00,0x00,0x00,0x00,0x00,0x00,0x00,0x00,0x00,0x00,0x00,0x00,0x00,0x00,0x00,0x00,0x00,0x00,
  0x00,0x00,0x00,0x00,0x00,0x00,0x00,0x00,0x00,0x00,0x00,0x00,0x00,0x00,0x00,0x00,0x00,0x00,0x00,0x00,0x00,0x00,0x00,0x00,
  0x00,0x00,0x00,0x00,0x00,0x00,0x00,0x00,0x00,0x00,0x00,0x00,0x00,0x00,0x00,0x00,0x00,0x00,0x00,0x00,0x00,0x00,0x00,0x00,
  0x00,0x0f,0xf8,0x00,0x00,0x00,0x00,0x00,0xff,0xff,0x80,0x00,0x00,0x00,0x07,0xff,0xff,0xe0,0x00,0x00,0x00,0x1f,0xff,0xff,
  0xf0,0x00,0x00,0x00,0x3f,0xff,0xff,0xf8,0x00,0x00,0x00,0xff,0xff,0xff,0xfc,0x00,0x00,0x01,0xff,0xf0,0x3f,0xfe,0x00,0x00,
  0x01,0xff,0xc0,0x1f,0xff,0x00,0x00,0x03,0xff,0x80,0x0f,0xff,0x00,0x00,0x03,0xff,0x00,0x07,0xff,0x80,0x00,0x07,0xff,0x00,
  0x07,0xff,0x80,0x00,0x07,0xff,0x00,0x07,0xff,0x80,0x00,0x07,0xff,0x00,0x03,0xff,0x80,0x00,0x07,0xff,0x00,0x03,0xff,0xc0,
  0x00,0x07,0xff,0x00,0x03,0xff,0xc0,0x00,0x03,0xfe,0x00,0x03,0xff,0xc0,0x00,0x03,0xfe,0x00,0x03,0xff,0xc0,0x00,0x01,0xfc,
  0x00,0x03,0xff,0xc0,0x00,0x00,0x70,0x00,0x03,0xff,0xc0,0x00,0x00,0x00,0x00,0x03,0xff,0xc0,0x00,0x00,0x00,0x00,0x03,0xff,
  0xc0,0x00,0x00,0x00,0x00,0x03,0xff,0xc0,0x00,0x00,0x00,0x00,0xff,0xff,0xc0,0x00,0x00,0x00,0x1f,0xff,0xff,0xc0,0x00,0x00,
  0x00,0xff,0xff,0xff,0xc0,0x00,0x00,0x03,0xff,0xff,0xff,0xc0,0x00,0x00,0x0f,0xff,0xff,0xff,0xc0,0x00,0x00,0x3f,0xff,0xff,
  0xff,0xc0,0x00,0x00,0x7f,0xff,0x83,0xff,0xc0,0x00,0x01,0xff,0xfc,0x03,0xff,0xc0,0x00,0x03,0xff,0xf0,0x03,0xff,0xc0,0x00,
  0x03,0xff,0xe0,0x03,0xff,0xc0,0x00,0x07,0xff,0xc0,0x03,0xff,0xc0,0x00,0x0f,0xff,0x80,0x03,0xff,0xc0,0x00,0x0f,0xff,0x00,
  0x03,0xff,0xc0,0x00,0x0f,0xff,0x00,0x03,0xff,0xc0,0x00,0x1f,0xff,0x00,0x03,0xff,0xc0,0x00,0x1f,0xff,0x00,0x03,0xff,0xc0,
  0x00,0x1f,0xff,0x00,0x03,0xff,0xc0,0x00,0x1f,0xff,0x00,0x03,0xff,0xc0,0x00,0x1f,0xff,0x00,0x07,0xff,0xc0,0x00,0x1f,0xff,
  0x80,0x0f,0xff,0xc0,0x00,0x1f,0xff,0x80,0x1f,0xff,0xc0,0x00,0x0f,0xff,0xe0,0xff,0xff,0xc0,0x00,0x0f,0xff,0xff,0xff,0xff,
  0xff,0x00,0x0f,0xff,0xff,0xff,0xff,0xff,0x00,0x07,0xff,0xff,0xfd,0xff,0xff,0x00,0x03,0xff,0xff,0xf9,0xff,0xff,0x00,0x01,
  0xff,0xff,0xe1,0xff,0xff,0x00,0x00,0xff,0xff,0xc1,0xff,0xff,0x00,0x00,0x7f,0xff,0x00,0x00,0x00,0x00,0x00,0x0f,0xf8,0x00,
  0x00,0x00,0x00,0x00,0x03,0xe0,0x00,0x00,0x00,0x00,0x00,0x0f,0xe0,0x00,0x00,0x00,0x00,0x00,0xff,0xe0,0x00,0x00,0x00,0x00,
  0xff,0xff,0xe0,0x00,0x00,0x00,0x00,0xff,0xff,0xe0,0x00,0x00,0x00,0x00,0xff,0xff,0xe0,0x00,0x00,0x00,0x00,0xff,0xff,0xe0,
  0x00,0x00,0x00,0x00,0xff,0xff,0xe0,0x00,0x00,0x00,0x00,0x7f,0xff,0xe0,0x00,0x00,0x00,0x00,0x01,0xff,0xe0,0x00,0x00,0x00,
  0x00,0x01,0xff,0xe0,0x00,0x00,0x00,0x00,0x01,0xff,0xe0,0x00,0x00,0x00,0x00,0x01,0xff,0xe0,0x00,0x00,0x00,0x00,0x01,0xff,
  0xe0,0x00,0x00,0x00,0x00,0x01,0xff,0xe0,0x00,0x00,0x00,0x00,0x01,0xff,0xe0,0x00,0x00,0x00,0x00,0x01,0xff,0xe0,0x00,0x00,
  0x00,0x00,0x01,0xff,0xe0,0x00,0x00,0x00,0x00,0x01,0xff,0xe0,0x00,0x00,0x00,0x00,0x01,0xff,0xe0,0x00,0x00,0x00,0x00,0x01,
  0xff,0xe0,0x00,0x00,0x00,0x00,0x01,0xff,0xe0,0x00,0x00,0x00,0x00,0x01,0xff,0xe0,0x00,0x00,0x00,0x00,0x01,0xff,0xe0,0x0f,
  0xf8,0x00,0x00,0x01,0xff,0xe0,0x7f,0xff,0x00,0x00,0x01,0xff,0xe1,0xff,0xff,0xc0,0x00,0x01,0xff,0xe7,0xff,0xff,0xf0,0x00,
  0x01,0xff,0xef,0xff,0xff,0xf8,0x00,0x01,0xff,0xff,0xff,0xff,0xfc,0x00,0x01,0xff,0xff,0xff,0xff,0xfe,0x00,0x01,0xff,0xff,
  0x81,0xff,0xff,0x00,0x01,0xff,0xfe,0x00,0x7f,0xff,0x00,0x01,0xff,0xf8,0x00,0x1f,0xff,0x80,0x01,0xff,0xf0,0x00,0x0f,0xff,
  0x80,0x01,0xff,0xe0,0x00,0x0f,0xff,0xc0,0x01,0xff,0xe0,0x00,0x07,0xff,0xc0,0x01,0xff,0xe0,0x00,0x03,0xff,0xe0,0x01,0xff,
  0xe0,0x00,0x03,0xff,0xe0,0x01,0xff,0xe0,0x00,0x03,0xff,0xe0,0x01,0xff,0xe0,0x00,0x01,0xff,0xf0,0x01,0xff,0xe0,0x00,0x01,
  0xff,0xf0,0x01,0xff,0xe0,0x00,0x01,0xff,0xf0,0x01,0xff,0xe0,0x00,0x01,0xff,0xf0,0x01,0xff,0xe0,0x00,0x00,0xff,0xf0,0x01,
  0xff,0xe0,0x00,0x00,0xff,0xf8,0x01,0xff,0xe0,0x00,0x00,0xff,0xf8,0x01,0xff,0xe0,0x00,0x00,0xff,0xf8,0x01,0xff,0xe0,0x00,
  0x00,0xff,0xf8,0x01,0xff,0xe0,0x00,0x00,0xff,0xf8,0x01,0xff,0xe0,0x00,0x00,0xff,0xf8,0x01,0xff,0xe0,0x00,0x00,0xff,0xf8,
  0x01,0xff,0xe0,0x00,0x00,0xff,0xf0,0x01,0xff,0xe0,0x00,0x00,0xff,0xf0,0x01,0xff,0xe0,0x00,0x00,0xff,0xf0,0x01,0xff,0xe0,
  0x00,0x00,0xff,0xf0,0x01,0xff,0xe0,0x00,0x01,0xff,0xf0,0x01,0xff,0xe0,0x00,0x01,0xff,0xf0,0x01,0xff,0xe0,0x00,0x01,0xff,
  0xe0,0x01,0xff,0xe0,0x00,0x01,0xff,0xe0,0x01,0xff,0xe0,0x00,0x01,0xff,0xe0,0x01,0xff,0xe0,0x00,0x03,0xff,0xc0,0x01,0xff,
  0xe0,0x00,0x03,0xff,0xc0,0x01,0xff,0xe0,0x00,0x07,0xff,0x80,0x01,0xff,0xf0,0x00,0x07,0xff,0x80,0x01,0xff,0xf0,0x00,0x0f,
  0xff,0x00,0x01,0xff,0xf8,0x00,0x1f,0xfe,0x00,0x01,0xff,0xf8,0x00,0x3f,0xfe,0x00,0x01,0xff,0xfe,0x00,0x7f,0xfc,0x00,0x01,
  0xff,0xff,0x81,0xff,0xf8,0x00,0x01,0xff,0xff,0xff,0xff,0xf0,0x00,0x01,0xfc,0xff,0xff,0xff,0xc0,0x00,0x01,0xf8,0x7f,0xff,
  0xff,0x80,0x00,0x01,0xf8,0x1f,0xff,0xfe,0x00,0x00,0x00,0x00,0x07,0xff,0xf8,0x00,0x00,0x00,0x00,0x00,0x3f,0x80,0x00,0x00,
  0x00,0x00,0x00,0xff,0x00,0x00,0x00,0x00,0x00,0x0f,0xff,0xf0,0x00,0x00,0x00,0x00,0x3f,0xff,0xfe,0x00,0x00,0x00,0x00,0xff,
  0xff,0xff,0x00,0x00,0x00,0x03,0xff,0xff,0xff,0xc0,0x00,0x00,0x07,0xff,0xff,0xff,0xe0,0x00,0x00,0x0f,0xff,0x01,0xff,0xf0,
  0x00,0x00,0x1f,0xfc,0x00,0x7f,0xf0,0x00,0x00,0x3f,0xf8,0x00,0x3f,0xf8,0x00,0x00,0x7f,0xf0,0x00,0x1f,0xf8,0x00,0x00,0xff,
  0xe0,0x00,0x1f,0xfc,0x00,0x00,0xff,0xe0,0x00,0x3f,0xfc,0x00,0x01,0xff,0xc0,0x00,0x3f,0xfc,0x00,0x03,0xff,0xc0,0x00,0x3f,
  0xfc,0x00,0x03,0xff,0x80,0x00,0x3f,0xfc,0x00,0x07,0xff,0x80,0x00,0x3f,0xfc,0x00,0x07,0xff,0x80,0x00,0x1f,0xf8,0x00,0x07,
  0xff,0x00,0x00,0x1f,0xf8,0x00,0x0f,0xff,0x00,0x00,0x0f,0xf0,0x00,0x0f,0xff,0x00,0x00,0x03,0xc0,0x00,0x0f,0xff,0x00,0x00,
  0x00,0x00,0x00,0x0f,0xff,0x00,0x00,0x00,0x00,0x00,0x1f,0xff,0x00,0x00,0x00,0x00,0x00,0x1f,0xff,0x00,0x00,0x00,0x00,0x00,
  0x1f,0xff,0x00,0x00,0x00,0x00,0x00,0x1f,0xff,0x00,0x00,0x00,0x00,0x00,0x1f,0xff,0x00,0x00,0x00,0x00,0x00,0x1f,0xff,0x00,
  0x00,0x00,0x00,0x00,0x1f,0xff,0x00,0x00,0x00,0x00,0x00,0x1f,0xff,0x00,0x00,0x00,0x00,0x00,0x1f,0xff,0x00,0x00,0x00,0x00,
  0x00,0x1f,0xff,0x00,0x00,0x00,0x00,0x00,0x1f,0xff,0x80,0x00,0x00,0x00,0x00,0x0f,0xff,0x80,0x00,0x00,0x00,0x00,0x0f,0xff,
  0x80,0x00,0x00,0x00,0x00,0x0f,0xff,0x80,0x00,0x00,0x00,0x00,0x0f,0xff,0xc0,0x00,0x00,0x00,0x00,0x07,0xff,0xc0,0x00,0x00,
  0x00,0x00,0x07,0xff,0xe0,0x00,0x00,0x18,0x00,0x03,0xff,0xe0,0x00,0x00,0x3c,0x00,0x03,0xff,0xf0,0x00,0x00,0x7e,0x00,0x01,
  0xff,0xf8,0x00,0x00,0xfe,0x00,0x01,0xff,0xfc,0x00,0x03,0xfc,0x00,0x00,0xff,0xff,0x00,0x0f,0xfc,0x00,0x00,0x7f,0xff,0xc0,
  0x7f,0xf8,0x00,0x00,0x3f,0xff,0xff,0xff,0xf0,0x00,0x00,0x1f,0xff,0xff,0xff,0xc0,0x00,0x00,0x0f,0xff,0xff,0xff,0x80,0x00,
  0x00,0x03,0xff,0xff,0xff,0x00,0x00,0x00,0x00,0xff,0xff,0xfc,0x00,0x00,0x00,0x00,0x3f,0xff,0xe0,0x00,0x00,0x00,0x00,0x03,
  0xfe,0x00,0x00,0x00,0x00,0x00,0x00,0x00,0x00,0x1f,0x00,0x00,0x00,0x00,0x00,0x00,0x00,0x7f,0x00,0x00,0x00,0x00,0x00,0x00,
  0x07,0xff,0x00,0x00,0x00,0x00,0x00,0x03,0xff,0xff,0x00,0x00,0x00,0x00,0x00,0x03,0xff,0xff,0x00,0x00,0x00,0x00,0x00,0x03,
  0xff,0xff,0x00,0x00,0x00,0x00,0x00,0x03,0xff,0xff,0x00,0x00,0x00,0x00,0x00,0x03,0xff,0xff,0x00,0x00,0x00,0x00,0x00,0x03,
  0xff,0xff,0x00,0x00,0x00,0x00,0x00,0x00,0x0f,0xff,0x00,0x00,0x00,0x00,0x00,0x00,0x0f,0xff,0x00,0x00,0x00,0x00,0x00,0x00,
  0x0f,0xff,0x00,0x00,0x00,0x00,0x00,0x00,0x0f,0xff,0x00,0x00,0x00,0x00,0x00,0x00,0x0f,0xff,0x00,0x00,0x00,0x00,0x00,0x00,
  0x0f,0xff,0x00,0x00,0x00,0x00,0x00,0x00,0x0f,0xff,0x00,0x00,0x00,0x00,0x00,0x00,0x0f,0xff,0x00,0x00,0x00,0x00,0x00,0x00,
  0x0f,0xff,0x00,0x00,0x00,0x00,0x00,0x00,0x0f,0xff,0x00,0x00,0x00,0x00,0x00,0x00,0x0f,0xff,0x00,0x00,0x00,0x00,0x00,0x00,
  0x0f,0xff,0x00,0x00,0x00,0x00,0x00,0x00,0x0f,0xff,0x00,0x00,0x00,0x00,0x00,0x00,0x0f,0xff,0x00,0x00,0x00,0x00,0x01,0xfc,
  0x0f,0xff,0x00,0x00,0x00,0x00,0x1f,0xff,0xcf,0xff,0x00,0x00,0x00,0x00,0x7f,0xff,0xff,0xff,0x00,0x00,0x00,0x01,0xff,0xff,
  0xff,0xff,0x00,0x00,0x00,0x07,0xff,0xff,0xff,0xff,0x00,0x00,0x00,0x0f,0xff,0xff,0xff,0xff,0x00,0x00,0x00,0x1f,0xff,0x80,
  0xff,0xff,0x00,0x00,0x00,0x3f,0xfe,0x00,0x1f,0xff,0x00,0x00,0x00,0x7f,0xf8,0x00,0x0f,0xff,0x00,0x00,0x00,0xff,0xf0,0x00,
  0x0f,0xff,0x00,0x00,0x00,0xff,0xf0,0x00,0x0f,0xff,0x00,0x00,0x01,0xff,0xe0,0x00,0x0f,0xff,0x00,0x00,0x03,0xff,0xc0,0x00,
  0x0f,0xff,0x00,0x00,0x03,0xff,0xc0,0x00,0x0f,0xff,0x00,0x00,0x03,0xff,0x80,0x00,0x0f,0xff,0x00,0x00,0x07,0xff,0x80,0x00,
  0x0f,0xff,0x00,0x00,0x07,0xff,0x80,0x00,0x0f,0xff,0x00,0x00,0x0f,0xff,0x80,0x00,0x0f,0xff,0x00,0x00,0x0f,0xff,0x00,0x00,
  0x0f,0xff,0x00,0x00,0x0f,0xff,0x00,0x00,0x0f,0xff,0x00,0x00,0x0f,0xff,0x00,0x00,0x0f,0xff,0x00,0x00,0x0f,0xff,0x00,0x00,
  0x0f,0xff,0x00,0x00,0x1f,0xff,0x00,0x00,0x0f,0xff,0x00,0x00,0x1f,0xff,0x00,0x00,0x0f,0xff,0x00,0x00,0x1f,0xff,0x00,0x00,
  0x0f,0xff,0x00,0x00,0x1f,0xff,0x00,0x00,0x0f,0xff,0x00,0x00,0x1f,0xff,0x00,0x00,0x0f,0xff,0x00,0x00,0x1f,0xff,0x00,0x00,
  0x0f,0xff,0x00,0x00,0x1f,0xff,0x00,0x00,0x0f,0xff,0x00,0x00,0x1f,0xff,0x00,0x00,0x0f,0xff,0x00,0x00,0x1f,0xff,0x00,0x00,
  0x0f,0xff,0x00,0x00,0x1f,0xff,0x00,0x00,0x0f,0xff,0x00,0x00,0x1f,0xff,0x00,0x00,0x0f,0xff,0x00,0x00,0x0f,0xff,0x80,0x00,
  0x0f,0xff,0x00,0x00,0x0f,0xff,0x80,0x00,0x0f,0xff,0x00,0x00,0x0f,0xff,0x80,0x00,0x0f,0xff,0x00,0x00,0x0f,0xff,0xc0,0x00,
  0x0f,0xff,0x00,0x00,0x0f,0xff,0xc0,0x00,0x0f,0xff,0x00,0x00,0x07,0xff,0xe0,0x00,0x0f,0xff,0x00,0x00,0x07,0xff,0xe0,0x00,
  0x0f,0xff,0x00,0x00,0x03,0xff,0xf0,0x00,0x1f,0xff,0x00,0x00,0x03,0xff,0xf8,0x00,0x7f,0xff,0x00,0x00,0x01,0xff,0xfc,0x00,
  0xff,0xff,0x00,0x00,0x01,0xff,0xff,0x03,0xff,0xff,0x00,0x00,0x00,0xff,0xff,0xff,0xff,0xff,0xfe,0x00,0x00,0x7f,0xff,0xff,
  0xff,0xff,0xfe,0x00,0x00,0x3f,0xff,0xff,0xe7,0xff,0xfe,0x00,0x00,0x1f,0xff,0xff,0xc7,0xff,0xfe,0x00,0x00,0x0f,0xff,0xff,
  0x87,0xff,0xfe,0x00,0x00,0x07,0xff,0xff,0x07,0xff,0xfc,0x00,0x00,0x01,0xff,0xfc,0x00,0x00,0x00,0x00,0x00,0x00,0x3f,0xe0,
  0x00,0x00,0x00,0x00,0x00,0x00,0x01,0xfe,0x00,0x00,0x00,0x00,0x00,0x1f,0xff,0xe0,0x00,0x00,0x00,0x00,0x7f,0xff,0xf8,0x00,
  0x00,0x00,0x01,0xff,0xff,0xfe,0x00,0x00,0x00,0x03,0xff,0xff,0xff,0x00,0x00,0x00,0x0f,0xff,0xff,0xff,0xc0,0x00,0x00,0x1f,
  0xff,0x03,0xff,0xc0,0x00,0x00,0x3f,0xfc,0x00,0xff,0xe0,0x00,0x00,0x7f,0xf8,0x00,0x7f,0xf0,0x00,0x00,0xff,0xf0,0x00,0x3f,
  0xf8,0x00,0x00,0xff,0xe0,0x00,0x1f,0xf8,0x00,0x01,0xff,0xc0,0x00,0x1f,0xfc,0x00,0x01,0xff,0xc0,0x00,0x1f,0xfc,0x00,0x03,
  0xff,0x80,0x00,0x0f,0xfc,0x00,0x03,0xff,0x80,0x00,0x0f,0xfe,0x00,0x07,0xff,0x80,0x00,0x0f,0xfe,0x00,0x07,0xff,0x00,0x00,
  0x0f,0xfe,0x00,0x0f,0xff,0x00,0x00,0x0f,0xfe,0x00,0x0f,0xff,0xff,0xff,0xff,0xff,0x00,0x0f,0xff,0xff,0xff,0xff,0xff,0x00,
  0x0f,0xff,0xff,0xff,0xff,0xff,0x00,0x1f,0xff,0xff,0xff,0xff,0xff,0x00,0x1f,0xff,0xff,0xff,0xff,0xff,0x00,0x1f,0xff,0xff,
  0xff,0xff,0xff,0x00,0x1f,0xff,0x00,0x00,0x00,0x00,0x00,0x1f,0xff,0x00,0x00,0x00,0x00,0x00,0x1f,0xff,0x00,0x00,0x00,0x00,
  0x00,0x1f,0xff,0x00,0x00,0x00,0x00,0x00,0x1f,0xff,0x00,0x00,0x00,0x00,0x00,0x1f,0xff,0x00,0x00,0x00,0x00,0x00,0x1f,0xff,
  0x00,0x00,0x00,0x00,0x00,0x1f,0xff,0x00,0x00,0x00,0x00,0x00,0x0f,0xff,0x00,0x00,0x00,0x00,0x00,0x0f,0xff,0x80,0x00,0x00,
  0x00,0x00,0x0f,0xff,0x80,0x00,0x00,0x00,0x00,0x0f,0xff,0x80,0x00,0x00,0x00,0x00,0x07,0xff,0xc0,0x00,0x00,0x00,0x00,0x07,
  0xff,0xc0,0x00,0x00,0x00,0x00,0x07,0xff,0xe0,0x00,0x00,0x0c,0x00,0x03,0xff,0xe0,0x00,0x00,0x1e,0x00,0x03,0xff,0xf0,0x00,
  0x00,0x3f,0x00,0x01,0xff,0xf8,0x00,0x00,0xff,0x00,0x00,0xff,0xfc,0x00,0x01,0xfe,0x00,0x00,0xff,0xfe,0x00,0x07,0xfc,0x00,
  0x00,0x7f,0xff,0xc0,0x3f,0xf8,0x00,0x00,0x3f,0xff,0xff,0xff,0xf0,0x00,0x00,0x1f,0xff,0xff,0xff,0xe0,0x00,0x00,0x0f,0xff,
  0xff,0xff,0xc0,0x00,0x00,0x03,0xff,0xff,0xff,0x00,0x00,0x00,0x00,0xff,0xff,0xfc,0x00,0x00,0x00,0x00,0x3f,0xff,0xf0,0x00,
  0x00,0x00,0x00,0x03,0xff,0x00,0x00,0x00,0x00,0x00,0x01,0xff,0x80,0x00,0x00,0x0f,0xff,0xf0,0x00,0x00,0x3f,0xff,0xf8,0x00,
  0x00,0x7f,0xff,0xfc,0x00,0x00,0xff,0xff,0xfe,0x00,0x01,0xff,0xff,0xfe,0x00,0x03,0xff,0x07,0xff,0x00,0x07,0xfe,0x07,0xff,
  0x00,0x07,0xfe,0x07,0xff,0x00,0x0f,0xfc,0x07,0xff,0x00,0x0f,0xfc,0x07,0xfe,0x00,0x1f,0xfc,0x03,0xfe,0x00,0x1f,0xfc,0x01,
  0xfc,0x00,0x1f,0xfc,0x00,0x70,0x00,0x1f,0xfc,0x00,0x00,0x00,0x3f,0xfc,0x00,0x00,0x00,0x3f,0xfc,0x00,0x00,0x00,0x3f,0xfc,
  0x00,0x00,0x00,0x3f,0xfc,0x00,0x00,0x00,0x3f,0xfc,0x00,0x00,0x00,0x3f,0xfc,0x00,0x00,0x00,0x3f,0xfc,0x00,0x00,0x00,0x3f,
  0xfc,0x00,0x00,0x00,0x3f,0xfc,0x00,0x00,0x1f,0xff,0xff,0xff,0x80,0x1f,0xff,0xff,0xff,0x80,0x1f,0xff,0xff,0xff,0x80,0x1f,
  0xff,0xff,0xff,0x80,0x1f,0xff,0xff,0xff,0x80,0x1f,0xff,0xff,0xff,0x80,0x1f,0xff,0xfc,0x00,0x00,0x00,0x3f,0xfc,0x00,0x00,
  0x00,0x3f,0xfc,0x00,0x00,0x00,0x3f,0xfc,0x00,0x00,0x00,0x3f,0xfc,0x00,0x00,0x00,0x3f,0xfc,0x00,0x00,0x00,0x3f,0xfc,0x00,
  0x00,0x00,0x3f,0xfc,0x00,0x00,0x00,0x3f,0xfc,0x00,0x00,0x00,0x3f,0xfc,0x00,0x00,0x00,0x3f,0xfc,0x00,0x00,0x00,0x3f,0xfc,
  0x00,0x00,0x00,0x3f,0xfc,0x00,0x00,0x00,0x3f,0xfc,0x00,0x00,0x00,0x3f,0xfc,0x00,0x00,0x00,0x3f,0xfc,0x00,0x00,0x00,0x3f,
  0xfc,0x00,0x00,0x00,0x3f,0xfc,0x00,0x00,0x00,0x3f,0xfc,0x00,0x00,0x00,0x3f,0xfc,0x00,0x00,0x00,0x3f,0xfc,0x00,0x00,0x00,
  0x3f,0xfc,0x00,0x00,0x00,0x3f,0xfc,0x00,0x00,0x00,0x3f,0xfc,0x00,0x00,0x00,0x3f,0xfc,0x00,0x00,0x00,0x3f,0xfc,0x00,0x00,
  0x00,0x3f,0xfc,0x00,0x00,0x00,0x3f,0xfc,0x00,0x00,0x00,0x3f,0xfc,0x00,0x00,0x00,0x3f,0xfc,0x00,0x00,0x00,0x3f,0xfc,0x00,
  0x00,0x00,0x3f,0xfc,0x00,0x00,0x00,0x3f,0xfc,0x00,0x00,0x00,0x3f,0xfc,0x00,0x00,0x00,0x7f,0xfc,0x00,0x00,0x00,0x7f,0xfc,
  0x00,0x00,0x00,0xff,0xfc,0x00,0x00,0x01,0xff,0xff,0xf0,0x00,0x0f,0xff,0xff,0xf0,0x00,0x0f,0xff,0xff,0xf0,0x00,0x0f,0xff,
  0xff,0xf0,0x00,0x0f,0xff,0xff,0xf0,0x00,0x0f,0xff,0xff,0xf0,0x00,0x00,0x00,0x00,0x00,0x00,0x01,0xf8,0x00,0x00,0x00,0x00,
  0x00,0x07,0xfc,0x00,0x00,0x00,0x00,0x00,0x0f,0xfe,0x00,0x00,0x00,0x00,0x00,0x3f,0xff,0x00,0x00,0x00,0x00,0x00,0x3f,0xff,
  0x00,0x00,0x00,0x00,0x00,0x7f,0xff,0x00,0x00,0x00,0x00,0x00,0xff,0xff,0x00,0x00,0x01,0xf8,0x01,0xf9,0xff,0x00,0x00,0x1f,
  0xff,0x81,0xf1,0xfe,0x00,0x00,0xff,0xff,0xf1,0xf0,0xfe,0x00,0x01,0xff,0xff,0xfb,0xe0,0x78,0x00,0x07,0xff,0xff,0xff,0xe0,
  0x00,0x00,0x0f,0xff,0xff,0xff,0xc0,0x00,0x00,0x1f,0xfe,0x07,0xff,0xc0,0x00,0x00,0x3f,0xf8,0x03,0xff,0xe0,0x00,0x00,0x7f,
  0xf0,0x01,0xff,0xf0,0x00,0x00,0xff,0xe0,0x00,0xff,0xf8,0x00,0x00,0xff,0xe0,0x00,0x7f,0xf8,0x00,0x01,0xff,0xc0,0x00,0x7f,
  0xfc,0x00,0x01,0xff,0xc0,0x00,0x3f,0xfc,0x00,0x03,0xff,0xc0,0x00,0x3f,0xfe,0x00,0x03,0xff,0x80,0x00,0x3f,0xfe,0x00,0x03,
  0xff,0x80,0x00,0x3f,0xfe,0x00,0x07,0xff,0x80,0x00,0x1f,0xfe,0x00,0x07,0xff,0x80,0x00,0x1f,0xff,0x00,0x07,0xff,0x80,0x00,
  0x1f,0xff,0x00,0x07,0xff,0x80,0x00,0x1f,0xff,0x00,0x07,0xff,0x80,0x00,0x1f,0xff,0x00,0x07,0xff,0x80,0x00,0x1f,0xfe,0x00,
  0x07,0xff,0x80,0x00,0x1f,0xfe,0x00,0x07,0xff,0xc0,0x00,0x1f,0xfe,0x00,0x03,0xff,0xc0,0x00,0x3f,0xfe,0x00,0x03,0xff,0xc0,
  0x00,0x3f,0xfc,0x00,0x03,0xff,0xe0,0x00,0x3f,0xfc,0x00,0x01,0xff,0xe0,0x00,0x7f,0xf8,0x00,0x01,0xff,0xf0,0x00,0x7f,0xf8,
  0x00,0x00,0xff,0xf8,0x00,0xff,0xf0,0x00,0x00,0x7f,0xfc,0x01,0xff,0xe0,0x00,0x00,0x3f,0xfe,0x07,0xff,0xc0,0x00,0x00,0x1f,
  0xff,0xff,0xff,0x80,0x00,0x00,0x07,0xff,0xff,0xff,0x00,0x00,0x00,0x03,0xff,0xff,0xfe,0x00,0x00,0x00,0x1f,0xff,0xff,0xf8,
  0x00,0x00,0x00,0x7f,0xff,0xff,0xe0,0x00,0x00,0x00,0xff,0xff,0xfe,0x00,0x00,0x00,0x01,0xff,0x80,0x00,0x00,0x00,0x00,0x01,
  0xfe,0x00,0x00,0x00,0x00,0x00,0x03,0xfe,0x00,0x00,0x00,0x00,0x00,0x03,0xfe,0x00,0x00,0x00,0x00,0x00,0x07,0xfe,0x00,0x00,
  0x00,0x00,0x00,0x07,0xff,0x00,0x00,0x00,0x00,0x00,0x07,0xff,0xe0,0x00,0x00,0x00,0x00,0x07,0xff,0xff,0xff,0xf0,0x00,0x00,
  0x07,0xff,0xff,0xff,0xff,0x80,0x00,0x03,0xff,0xff,0xff,0xff,0xf0,0x00,0x03,0xff,0xff,0xff,0xff,0xfc,0x00,0x01,0xff,0xff,
  0xff,0xff,0xfe,0x00,0x00,0xff,0xff,0xff,0xff,0xff,0x00,0x00,0x7f,0xff,0xff,0xff,0xff,0x80,0x00,0x1f,0xff,0xff,0xff,0xff,
  0xc0,0x00,0x3f,0xff,0xff,0xff,0xff,0xe0,0x00,0xff,0xbf,0xff,0xff,0xff,0xe0,0x01,0xff,0x00,0x00,0x3f,0xff,0xe0,0x03,0xfe,
  0x00,0x00,0x03,0xff,0xf0,0x07,0xfc,0x00,0x00,0x00,0xff,0xf0,0x07,0xfc,0x00,0x00,0x00,0x7f,0xf0,0x0f,0xf8,0x00,0x00,0x00,
  0x3f,0xf0,0x0f,0xf8,0x00,0x00,0x00,0x1f,0xf0,0x1f,0xf8,0x00,0x00,0x00,0x1f,0xf0,0x1f,0xf8,0x00,0x00,0x00,0x1f,0xf0,0x1f,
  0xf8,0x00,0x00,0x00,0x1f,0xe0,0x1f,0xfc,0x00,0x00,0x00,0x3f,0xe0,0x1f,0xfc,0x00,0x00,0x00,0x3f,0xe0,0x1f,0xfe,0x00,0x00,
  0x00,0x7f,0xc0,0x0f,0xff,0x00,0x00,0x00,0xff,0x80,0x0f,0xff,0x80,0x00,0x01,0xff,0x80,0x07,0xff,0xe0,0x00,0x07,0xff,0x00,
  0x07,0xff,0xf8,0x00,0x3f,0xfe,0x00,0x03,0xff,0xff,0xff,0xff,0xf8,0x00,0x01,0xff,0xff,0xff,0xff,0xf0,0x00,0x00,0x7f,0xff,
  0xff,0xff,0xc0,0x00,0x00,0x1f,0xff,0xff,0xfe,0x00,0x00,0x00,0x03,0xff,0xff,0xf0,0x00,0x00,0x00,0x00,0x3f,0xff,0x00,0x00,
  0x00,0x00,0x00,0xf8,0x00,0x00,0x00,0x00,0x00,0x00,0x03,0xf8,0x00,0x00,0x00,0x00,0x00,0x00,0x3f,0xf8,0x00,0x00,0x00,0x00,
  0x00,0x3f,0xff,0xf8,0x00,0x00,0x00,0x00,0x00,0x3f,0xff,0xf8,0x00,0x00,0x00,0x00,0x00,0x3f,0xff,0xf8,0x00,0x00,0x00,0x00,
  0x00,0x3f,0xff,0xf8,0x00,0x00,0x00,0x00,0x00,0x3f,0xff,0xf8,0x00,0x00,0x00,0x00,0x00,0x1f,0xff,0xf8,0x00,0x00,0x00,0x00,
  0x00,0x00,0x7f,0xf8,0x00,0x00,0x00,0x00,0x00,0x00,0x7f,0xf8,0x00,0x00,0x00,0x00,0x00,0x00,0x7f,0xf8,0x00,0x00,0x00,0x00,
  0x00,0x00,0x7f,0xf8,0x00,0x00,0x00,0x00,0x00,0x00,0x7f,0xf8,0x00,0x00,0x00,0x00,0x00,0x00,0x7f,0xf8,0x00,0x00,0x00,0x00,
  0x00,0x00,0x7f,0xf8,0x00,0x00,0x00,0x00,0x00,0x00,0x7f,0xf8,0x00,0x00,0x00,0x00,0x00,0x00,0x7f,0xf8,0x00,0x00,0x00,0x00,
  0x00,0x00,0x7f,0xf8,0x00,0x00,0x00,0x00,0x00,0x00,0x7f,0xf8,0x00,0x00,0x00,0x00,0x00,0x00,0x7f,0xf8,0x00,0x00,0x00,0x00,
  0x00,0x00,0x7f,0xf8,0x00,0x00,0x00,0x00,0x00,0x00,0x7f,0xf8,0x00,0x00,0x00,0x00,0x00,0x00,0x7f,0xf8,0x00,0xff,0x00,0x00,
  0x00,0x00,0x7f,0xf8,0x07,0xff,0xe0,0x00,0x00,0x00,0x7f,0xf8,0x3f,0xff,0xf8,0x00,0x00,0x00,0x7f,0xf8,0xff,0xff,0xfc,0x00,
  0x00,0x00,0x7f,0xf9,0xff,0xff,0xfe,0x00,0x00,0x00,0x7f,0xfb,0xff,0xff,0xff,0x00,0x00,0x00,0x7f,0xff,0xff,0xff,0xff,0x00,
  0x00,0x00,0x7f,0xff,0xff,0xff,0xff,0x80,0x00,0x00,0x7f,0xff,0xe0,0x7f,0xff,0x80,0x00,0x00,0x7f,0xff,0x80,0x1f,0xff,0x80,
  0x00,0x00,0x7f,0xfe,0x00,0x0f,0xff,0xc0,0x00,0x00,0x7f,0xfc,0x00,0x07,0xff,0xc0,0x00,0x00,0x7f,0xf8,0x00,0x07,0xff,0xc0,
  0x00,0x00,0x7f,0xf8,0x00,0x03,0xff,0xc0,0x00,0x00,0x7f,0xf8,0x00,0x03,0xff,0xe0,0x00,0x00,0x7f,0xf8,0x00,0x03,0xff,0xe0,
  0x00,0x00,0x7f,0xf8,0x00,0x01,0xff,0xe0,0x00,0x00,0x7f,0xf8,0x00,0x01,0xff,0xe0,0x00,0x00,0x7f,0xf8,0x00,0x01,0xff,0xe0,
  0x00,0x00,0x7f,0xf8,0x00,0x01,0xff,0xe0,0x00,0x00,0x7f,0xf8,0x00,0x01,0xff,0xe0,0x00,0x00,0x7f,0xf8,0x00,0x01,0xff,0xe0,
  0x00,0x00,0x7f,0xf8,0x00,0x01,0xff,0xe0,0x00,0x00,0x7f,0xf8,0x00,0x01,0xff,0xe0,0x00,0x00,0x7f,0xf8,0x00,0x01,0xff,0xe0,
  0x00,0x00,0x7f,0xf8,0x00,0x01,0xff,0xe0,0x00,0x00,0x7f,0xf8,0x00,0x01,0xff,0xe0,0x00,0x00,0x7f,0xf8,0x00,0x01,0xff,0xe0,
  0x00,0x00,0x7f,0xf8,0x00,0x01,0xff,0xe0,0x00,0x00,0x7f,0xf8,0x00,0x01,0xff,0xe0,0x00,0x00,0x7f,0xf8,0x00,0x01,0xff,0xe0,
  0x00,0x00,0x7f,0xf8,0x00,0x01,0xff,0xe0,0x00,0x00,0x7f,0xf8,0x00,0x01,0xff,0xe0,0x00,0x00,0x7f,0xf8,0x00,0x01,0xff,0xe0,
  0x00,0x00,0x7f,0xf8,0x00,0x01,0xff,0xe0,0x00,0x00,0x7f,0xf8,0x00,0x01,0xff,0xe0,0x00,0x00,0x7f,0xf8,0x00,0x01,0xff,0xe0,
  0x00,0x00,0x7f,0xf8,0x00,0x01,0xff,0xe0,0x00,0x00,0x7f,0xf8,0x00,0x01,0xff,0xe0,0x00,0x00,0x7f,0xf8,0x00,0x01,0xff,0xe0,
  0x00,0x00,0x7f,0xf8,0x00,0x01,0xff,0xe0,0x00,0x00,0x7f,0xf8,0x00,0x01,0xff,0xe0,0x00,0x00,0xff,0xf8,0x00,0x03,0xff,0xe0,
  0x00,0x00,0xff,0xf8,0x00,0x03,0xff,0xe0,0x00,0x03,0xff,0xff,0xc0,0x07,0xff,0xff,0x80,0x1f,0xff,0xff,0xc0,0x3f,0xff,0xff,
  0x80,0x1f,0xff,0xff,0xc0,0x3f,0xff,0xff,0x80,0x1f,0xff,0xff,0xc0,0x3f,0xff,0xff,0x80,0x1f,0xff,0xff,0xc0,0x3f,0xff,0xff,
  0x80,0x1f,0xff,0xff,0xc0,0x3f,0xff,0xff,0x80,0x00,0x0f,0x80,0x00,0x00,0x1f,0xe0,0x00,0x00,0x3f,0xf0,0x00,0x00,0x7f,0xf0,
  0x00,0x00,0x7f,0xf8,0x00,0x00,0xff,0xf8,0x00,0x00,0xff,0xf8,0x00,0x00,0xff,0xf8,0x00,0x00,0xff,0xf8,0x00,0x00,0x7f,0xf8,
  0x00,0x00,0x7f,0xf0,0x00,0x00,0x3f,0xf0,0x00,0x00,0x1f,0xe0,0x00,0x00,0x0f,0x80,0x00,0x00,0x00,0x00,0x00,0x00,0x00,0x00,
  0x00,0x00,0x00,0x00,0x00,0x00,0x00,0x00,0x00,0x00,0x00,0x00,0x00,0x00,0x00,0x00,0x00,0x00,0x00,0x00,0x00,0x00,0x00,0x00,
  0x00,0x00,0x00,0x78,0x00,0x00,0x01,0xf8,0x00,0x00,0x0f,0xf8,0x00,0x0f,0xff,0xf8,0x00,0x1f,0xff,0xf8,0x00,0x1f,0xff,0xf8,
  0x00,0x1f,0xff,0xf8,0x00,0x1f,0xff,0xf8,0x00,0x1f,0xff,0xf8,0x00,0x00,0x7f,0xf8,0x00,0x00,0x7f,0xf8,0x00,0x00,0x7f,0xf8,
  0x00,0x00,0x7f,0xf8,0x00,0x00,0x7f,0xf8,0x00,0x00,0x7f,0xf8,0x00,0x00,0x7f,0xf8,0x00,0x00,0x7f,0xf8,0x00,0x00,0x7f,0xf8,
  0x00,0x00,0x7f,0xf8,0x00,0x00,0x7f,0xf8,0x00,0x00,0x7f,0xf8,0x00,0x00,0x7f,0xf8,0x00,0x00,0x7f,0xf8,0x00,0x00,0x7f,0xf8,
  0x00,0x00,0x7f,0xf8,0x00,0x00,0x7f,0xf8,0x00,0x00,0x7f,0xf8,0x00,0x00,0x7f,0xf8,0x00,0x00,0x7f,0xf8,0x00,0x00,0x7f,0xf8,
  0x00,0x00,0x7f,0xf8,0x00,0x00,0x7f,0xf8,0x00,0x00,0x7f,0xf8,0x00,0x00,0x7f,0xf8,0x00,0x00,0x7f,0xf8,0x00,0x00,0x7f,0xf8,
  0x00,0x00,0x7f,0xf8,0x00,0x00,0x7f,0xf8,0x00,0x00,0x7f,0xf8,0x00,0x00,0x7f,0xf8,0x00,0x00,0x7f,0xf8,0x00,0x00,0x7f,0xf8,
  0x00,0x00,0xff,0xf8,0x00,0x00,0xff,0xf8,0x00,0x03,0xff,0xff,0xe0,0x0f,0xff,0xff,0xe0,0x0f,0xff,0xff,0xe0,0x0f,0xff,0xff,
  0xe0,0x0f,0xff,0xff,0xe0,0x0f,0xff,0xff,0xe0,0x00,0x00,0x00,0x00,0x00,0x00,0x0f,0x80,0x00,0x00,0x00,0x1f,0xe0,0x00,0x00,
  0x00,0x3f,0xf0,0x00,0x00,0x00,0x7f,0xf0,0x00,0x00,0x00,0x7f,0xf8,0x00,0x00,0x00,0xff,0xf8,0x00,0x00,0x00,0xff,0xf8,0x00,
  0x00,0x00,0xff,0xf8,0x00,0x00,0x00,0xff,0xf8,0x00,0x00,0x00,0x7f,0xf8,0x00,0x00,0x00,0x7f,0xf0,0x00,0x00,0x00,0x3f,0xf0,
  0x00,0x00,0x00,0x1f,0xe0,0x00,0x00,0x00,0x0f,0x80,0x00,0x00,0x00,0x00,0x00,0x00,0x00,0x00,0x00,0x00,0x00,0x00,0x00,0x00,
  0x00,0x00,0x00,0x00,0x00,0x00,0x00,0x00,0x00,0x00,0x00,0x00,0x00,0x00,0x00,0x00,0x00,0x00,0x00,0x00,0x00,0x00,0x00,0x00,
  0x00,0x00,0x00,0x00,0x00,0x00,0xf8,0x00,0x00,0x00,0x01,0xf8,0x00,0x00,0x00,0x1f,0xf8,0x00,0x00,0x1f,0xff,0xf8,0x00,0x00,
  0x1f,0xff,0xf8,0x00,0x00,0x1f,0xff,0xf8,0x00,0x00,0x1f,0xff,0xf8,0x00,0x00,0x1f,0xff,0xf8,0x00,0x00,0x1f,0xff,0xf8,0x00,
  0x00,0x00,0x7f,0xf8,0x00,0x00,0x00,0x7f,0xf8,0x00,0x00,0x00,0x7f,0xf8,0x00,0x00,0x00,0x7f,0xf8,0x00,0x00,0x00,0x7f,0xf8,
  0x00,0x00,0x00,0x7f,0xf8,0x00,0x00,0x00,0x7f,0xf8,0x00,0x00,0x00,0x7f,0xf8,0x00,0x00,0x00,0x7f,0xf8,0x00,0x00,0x00,0x7f,
  0xf8,0x00,0x00,0x00,0x7f,0xf8,0x00,0x00,0x00,0x7f,0xf8,0x00,0x00,0x00,0x7f,0xf8,0x00,0x00,0x00,0x7f,0xf8,0x00,0x00,0x00,
  0x7f,0xf8,0x00,0x00,0x00,0x7f,0xf8,0x00,0x00,0x00,0x7f,0xf8,0x00,0x00,0x00,0x7f,0xf8,0x00,0x00,0x00,0x7f,0xf8,0x00,0x00,
  0x00,0x7f,0xf8,0x00,0x00,0x00,0x7f,0xf8,0x00,0x00,0x00,0x7f,0xf8,0x00,0x00,0x00,0x7f,0xf8,0x00,0x00,0x00,0x7f,0xf8,0x00,
  0x00,0x00,0x7f,0xf8,0x00,0x00,0x00,0x7f,0xf8,0x00,0x00,0x00,0x7f,0xf8,0x00,0x00,0x00,0x7f,0xf8,0x00,0x00,0x00,0x7f,0xf8,
  0x00,0x00,0x00,0x7f,0xf8,0x00,0x00,0x00,0x7f,0xf8,0x00,0x00,0x00,0x7f,0xf8,0x00,0x00,0x00,0x7f,0xf8,0x00,0x00,0x00,0x7f,
  0xf8,0x00,0x00,0x00,0x7f,0xf8,0x00,0x00,0x00,0x7f,0xf8,0x00,0x00,0x00,0x7f,0xf8,0x00,0x00,0x00,0x7f,0xf8,0x00,0x00,0x00,
  0x7f,0xf8,0x00,0x00,0x00,0x7f,0xf8,0x00,0x00,0x00,0x7f,0xf8,0x00,0x00,0x00,0x7f,0xf8,0x00,0x00,0x00,0x7f,0xf8,0x00,0x00,
  0x00,0x7f,0xf8,0x00,0x00,0x00,0x7f,0xf8,0x00,0x00,0x00,0x7f,0xf8,0x00,0x00,0x00,0x7f,0xf8,0x00,0x00,0x00,0x7f,0xf8,0x00,
  0x00,0x00,0x7f,0xf0,0x00,0x00,0x00,0x7f,0xf0,0x00,0x00,0x00,0x7f,0xf0,0x00,0x00,0x00,0x7f,0xf0,0x00,0x00,0x00,0x7f,0xf0,
  0x00,0x00,0x00,0x7f,0xe0,0x00,0x0f,0x00,0x7f,0xe0,0x00,0x3f,0x80,0x7f,0xc0,0x00,0x7f,0xc0,0x7f,0xc0,0x00,0x7f,0xe0,0xff,
  0x80,0x00,0xff,0xe0,0xff,0x80,0x00,0xff,0xe0,0xff,0x00,0x00,0xff,0xe1,0xff,0x00,0x00,0xff,0xff,0xfe,0x00,0x00,0x7f,0xff,
  0xfc,0x00,0x00,0x7f,0xff,0xf0,0x00,0x00,0x3f,0xff,0xe0,0x00,0x00,0x1f,0xff,0x80,0x00,0x00,0x07,0xfc,0x00,0x00,0x00,0x00,
  0x00,0xf8,0x00,0x00,0x00,0x00,0x00,0x03,0xf8,0x00,0x00,0x00,0x00,0x00,0x3f,0xf8,0x00,0x00,0x00,0x00,0x3f,0xff,0xf8,0x00,
  0x00,0x00,0x00,0x3f,0xff,0xf8,0x00,0x00,0x00,0x00,0x3f,0xff,0xf8,0x00,0x00,0x00,0x00,0x3f,0xff,0xf8,0x00,0x00,0x00,0x00,
  0x3f,0xff,0xf8,0x00,0x00,0x00,0x00,0x1f,0xff,0xf8,0x00,0x00,0x00,0x00,0x00,0x7f,0xf8,0x00,0x00,0x00,0x00,0x00,0x7f,0xf8,
  0x00,0x00,0x00,0x00,0x00,0x7f,0xf8,0x00,0x00,0x00,0x00,0x00,0x7f,0xf8,0x00,0x00,0x00,0x00,0x00,0x7f,0xf8,0x00,0x00,0x00,
  0x00,0x00,0x7f,0xf8,0x00,0x00,0x00,0x00,0x00,0x7f,0xf8,0x00,0x00,0x00,0x00,0x00,0x7f,0xf8,0x00,0x00,0x00,0x00,0x00,0x7f,
  0xf8,0x00,0x00,0x00,0x00,0x00,0x7f,0xf8,0x00,0x00,0x00,0x00,0x00,0x7f,0xf8,0x00,0x00,0x00,0x00,0x00,0x7f,0xf8,0x00,0x00,
  0x00,0x00,0x00,0x7f,0xf8,0x00,0x00,0x00,0x00,0x00,0x7f,0xf8,0x00,0x00,0x00,0x00,0x00,0x7f,0xf8,0x00,0x00,0x00,0x00,0x00,
  0x7f,0xf8,0x00,0x00,0x00,0x00,0x00,0x7f,0xf8,0x00,0xff,0xff,0xf0,0x00,0x7f,0xf8,0x00,0xff,0xff,0xf0,0x00,0x7f,0xf8,0x00,
  0xff,0xff,0xf0,0x00,0x7f,0xf8,0x00,0xff,0xff,0xf0,0x00,0x7f,0xf8,0x00,0xff,0xff,0xf0,0x00,0x7f,0xf8,0x00,0xff,0xff,0x80,
  0x00,0x7f,0xf8,0x00,0x07,0xfc,0x00,0x00,0x7f,0xf8,0x00,0x0f,0xf8,0x00,0x00,0x7f,0xf8,0x00,0x1f,0xe0,0x00,0x00,0x7f,0xf8,
  0x00,0x3f,0xc0,0x00,0x00,0x7f,0xf8,0x00,0x7f,0x80,0x00,0x00,0x7f,0xf8,0x00,0xff,0x00,0x00,0x00,0x7f,0xf8,0x01,0xfe,0x00,
  0x00,0x00,0x7f,0xf8,0x03,0xfc,0x00,0x00,0x00,0x7f,0xf8,0x03,0xf8,0x00,0x00,0x00,0x7f,0xf8,0x07,0xf0,0x00,0x00,0x00,0x7f,
  0xf8,0x0f,0xe0,0x00,0x00,0x00,0x7f,0xf8,0x1f,0xc0,0x00,0x00,0x00,0x7f,0xf8,0x3f,0x80,0x00,0x00,0x00,0x7f,0xf8,0x7f,0x80,
  0x00,0x00,0x00,0x7f,0xff,0xff,0x00,0x00,0x00,0x00,0x7f,0xff,0xff,0x80,0x00,0x00,0x00,0x7f,0xff,0xff,0xc0,0x00,0x00,0x00,
  0x7f,0xff,0xff,0xe0,0x00,0x00,0x00,0x7f,0xff,0xff,0xf0,0x00,0x00,0x00,0x7f,0xff,0xff,0xf8,0x00,0x00,0x00,0x7f,0xf8,0xff,
  0xfc,0x00,0x00,0x00,0x7f,0xf8,0x7f,0xfc,0x00,0x00,0x00,0x7f,0xf8,0x7f,0xfe,0x00,0x00,0x00,0x7f,0xf8,0x3f,0xff,0x00,0x00,
  0x00,0x7f,0xf8,0x1f,0xff,0x80,0x00,0x00,0x7f,0xf8,0x0f,0xff,0x80,0x00,0x00,0x7f,0xf8,0x0f,0xff,0xc0,0x00,0x00,0x7f,0xf8,
  0x07,0xff,0xe0,0x00,0x00,0x7f,0xf8,0x03,0xff,0xf0,0x00,0x00,0x7f,0xf8,0x03,0xff,0xf8,0x00,0x00,0x7f,0xf8,0x01,0xff,0xf8,
  0x00,0x00,0x7f,0xf8,0x00,0xff,0xfc,0x00,0x00,0x7f,0xf8,0x00,0x7f,0xfe,0x00,0x00,0xff,0xf8,0x00,0x7f,0xff,0x00,0x00,0xff,
  0xf8,0x00,0x3f,0xff,0x80,0x01,0xff,0xf8,0x00,0x1f,0xff,0xc0,0x03,0xff,0xff,0xc0,0x0f,0xff,0xf0,0x1f,0xff,0xff,0xc0,0x0f,
  0xff,0xfc,0x1f,0xff,0xff,0xc0,0x07,0xff,0xfc,0x1f,0xff,0xff,0xc0,0x03,0xff,0xfc,0x1f,0xff,0xff,0xc0,0x01,0xff,0xfc,0x1f,
  0xff,0xff,0xc0,0x00,0x7f,0xfc,0x00,0x00,0xf8,0x00,0x00,0x03,0xf8,0x00,0x00,0x3f,0xf8,0x00,0x3f,0xff,0xf8,0x00,0x3f,0xff,
  0xf8,0x00,0x3f,0xff,0xf8,0x00,0x3f,0xff,0xf8,0x00,0x3f,0xff,0xf8,0x00,0x3f,0xff,0xf8,0x00,0x00,0x7f,0xf8,0x00,0x00,0x7f,
  0xf8,0x00,0x00,0x7f,0xf8,0x00,0x00,0x7f,0xf8,0x00,0x00,0x7f,0xf8,0x00,0x00,0x7f,0xf8,0x00,0x00,0x7f,0xf8,0x00,0x00,0x7f,
  0xf8,0x00,0x00,0x7f,0xf8,0x00,0x00,0x7f,0xf8,0x00,0x00,0x7f,0xf8,0x00,0x00,0x7f,0xf8,0x00,0x00,0x7f,0xf8,0x00,0x00,0x7f,
  0xf8,0x00,0x00,0x7f,0xf8,0x00,0x00,0x7f,0xf8,0x00,0x00,0x7f,0xf8,0x00,0x00,0x7f,0xf8,0x00,0x00,0x7f,0xf8,0x00,0x00,0x7f,
  0xf8,0x00,0x00,0x7f,0xf8,0x00,0x00,0x7f,0xf8,0x00,0x00,0x7f,0xf8,0x00,0x00,0x7f,0xf8,0x00,0x00,0x7f,0xf8,0x00,0x00,0x7f,
  0xf8,0x00,0x00,0x7f,0xf8,0x00,0x00,0x7f,0xf8,0x00,0x00,0x7f,0xf8,0x00,0x00,0x7f,0xf8,0x00,0x00,0x7f,0xf8,0x00,0x00,0x7f,
  0xf8,0x00,0x00,0x7f,0xf8,0x00,0x00,0x7f,0xf8,0x00,0x00,0x7f,0xf8,0x00,0x00,0x7f,0xf8,0x00,0x00,0x7f,0xf8,0x00,0x00,0x7f,
  0xf8,0x00,0x00,0x7f,0xf8,0x00,0x00,0x7f,0xf8,0x00,0x00,0x7f,0xf8,0x00,0x00,0x7f,0xf8,0x00,0x00,0x7f,0xf8,0x00,0x00,0x7f,
  0xf8,0x00,0x00,0x7f,0xf8,0x00,0x00,0x7f,0xf8,0x00,0x00,0x7f,0xf8,0x00,0x00,0x7f,0xf8,0x00,0x00,0x7f,0xf8,0x00,0x00,0x7f,
  0xf8,0x00,0x00,0x7f,0xf8,0x00,0x00,0x7f,0xf8,0x00,0x00,0x7f,0xf8,0x00,0x00,0x7f,0xf8,0x00,0x00,0x7f,0xf8,0x00,0x00,0x7f,
  0xf8,0x00,0x00,0xff,0xf8,0x00,0x00,0xff,0xf8,0x00,0x03,0xff,0xff,0xc0,0x1f,0xff,0xff,0xc0,0x1f,0xff,0xff,0xc0,0x1f,0xff,
  0xff,0xc0,0x1f,0xff,0xff,0xc0,0x1f,0xff,0xff,0xc0,0x00,0x00,0x00,0x01,0xff,0x00,0x00,0x1f,0xf0,0x00,0x00,0x00,0x01,0xf8,
  0x0f,0xff,0xc0,0x00,0xff,0xfe,0x00,0x00,0x00,0x0f,0xf8,0x3f,0xff,0xf0,0x03,0xff,0xff,0x80,0x00,0x1f,0xff,0xf8,0xff,0xff,
  0xf8,0x0f,0xff,0xff,0xc0,0x00,0x1f,0xff,0xf9,0xff,0xff,0xfc,0x3f,0xff,0xff,0xe0,0x00,0x1f,0xff,0xff,0xff,0xff,0xfe,0x7f,
  0xff,0xff,0xf0,0x00,0x1f,0xff,0xff,0xff,0xff,0xff,0xff,0xff,0xff,0xf0,0x00,0x1f,0xff,0xff,0xff,0xff,0xff,0xff,0xff,0xff,
  0xf8,0x00,0x1f,0xff,0xff,0xc0,0x7f,0xff,0xfe,0x07,0xff,0xf8,0x00,0x00,0x3f,0xff,0x00,0x1f,0xff,0xf0,0x01,0xff,0xfc,0x00,
  0x00,0x3f,0xfc,0x00,0x0f,0xff,0xc0,0x00,0xff,0xfc,0x00,0x00,0x3f,0xf8,0x00,0x0f,0xff,0x80,0x00,0x7f,0xfc,0x00,0x00,0x3f,
  0xf8,0x00,0x07,0xff,0x80,0x00,0x3f,0xfc,0x00,0x00,0x3f,0xf8,0x00,0x07,0xff,0xc0,0x00,0x3f,0xfc,0x00,0x00,0x3f,0xf8,0x00,
  0x07,0xff,0xc0,0x00,0x3f,0xfe,0x00,0x00,0x3f,0xf8,0x00,0x03,0xff,0xc0,0x00,0x1f,0xfe,0x00,0x00,0x3f,0xf8,0x00,0x03,0xff,
  0xc0,0x00,0x1f,0xfe,0x00,0x00,0x3f,0xf8,0x00,0x03,0xff,0xc0,0x00,0x1f,0xfe,0x00,0x00,0x3f,0xf8,0x00,0x03,0xff,0xc0,0x00,
  0x1f,0xfe,0x00,0x00,0x3f,0xf8,0x00,0x03,0xff,0xc0,0x00,0x1f,0xfe,0x00,0x00,0x3f,0xf8,0x00,0x03,0xff,0xc0,0x00,0x1f,0xfe,
  0x00,0x00,0x3f,0xf8,0x00,0x03,0xff,0xc0,0x00,0x1f,0xfe,0x00,0x00,0x3f,0xf8,0x00,0x03,0xff,0xc0,0x00,0x1f,0xfe,0x00,0x00,
  0x3f,0xf8,0x00,0x03,0xff,0xc0,0x00,0x1f,0xfe,0x00,0x00,0x3f,0xf8,0x00,0x03,0xff,0xc0,0x00,0x1f,0xfe,0x00,0x00,0x3f,0xf8,
  0x00,0x03,0xff,0xc0,0x00,0x1f,0xfe,0x00,0x00,0x3f,0xf8,0x00,0x03,0xff,0xc0,0x00,0x1f,0xfe,0x00,0x00,0x3f,0xf8,0x00,0x03,
  0xff,0xc0,0x00,0x1f,0xfe,0x00,0x00,0x3f,0xf8,0x00,0x03,0xff,0xc0,0x00,0x1f,0xfe,0x00,0x00,0x3f,0xf8,0x00,0x03,0xff,0xc0,
  0x00,0x1f,0xfe,0x00,0x00,0x3f,0xf8,0x00,0x03,0xff,0xc0,0x00,0x1f,0xfe,0x00,0x00,0x3f,0xf8,0x00,0x03,0xff,0xc0,0x00,0x1f,
  0xfe,0x00,0x00,0x3f,0xf8,0x00,0x03,0xff,0xc0,0x00,0x1f,0xfe,0x00,0x00,0x3f,0xf8,0x00,0x03,0xff,0xc0,0x00,0x1f,0xfe,0x00,
  0x00,0x3f,0xf8,0x00,0x03,0xff,0xc0,0x00,0x1f,0xfe,0x00,0x00,0x3f,0xf8,0x00,0x03,0xff,0xc0,0x00,0x1f,0xfe,0x00,0x00,0x3f,
  0xf8,0x00,0x03,0xff,0xc0,0x00,0x1f,0xfe,0x00,0x00,0x3f,0xf8,0x00,0x03,0xff,0xc0,0x00,0x1f,0xfe,0x00,0x00,0x3f,0xf8,0x00,
  0x03,0xff,0xc0,0x00,0x1f,0xfe,0x00,0x00,0x3f,0xf8,0x00,0x03,0xff,0xc0,0x00,0x1f,0xfe,0x00,0x00,0x3f,0xf8,0x00,0x03,0xff,
  0xc0,0x00,0x1f,0xfe,0x00,0x00,0x7f,0xf8,0x00,0x03,0xff,0xc0,0x00,0x1f,0xfe,0x00,0x00,0x7f,0xf8,0x00,0x07,0xff,0xc0,0x00,
  0x3f,0xfe,0x00,0x00,0xff,0xf8,0x00,0x07,0xff,0xc0,0x00,0x3f,0xfe,0x00,0x01,0xff,0xff,0xe0,0x0f,0xff,0xff,0x00,0x7f,0xff,
  0xf8,0x0f,0xff,0xff,0xe0,0x7f,0xff,0xff,0x03,0xff,0xff,0xf8,0x0f,0xff,0xff,0xe0,0x7f,0xff,0xff,0x03,0xff,0xff,0xf8,0x0f,
  0xff,0xff,0xe0,0x7f,0xff,0xff,0x03,0xff,0xff,0xf8,0x0f,0xff,0xff,0xe0,0x7f,0xff,0xff,0x03,0xff,0xff,0xf8,0x0f,0xff,0xff,
  0xe0,0x7f,0xff,0xff,0x03,0xff,0xff,0xf8,0x00,0x00,0x00,0x00,0x7f,0x80,0x00,0x00,0x00,0x00,0xfc,0x03,0xff,0xf0,0x00,0x00,
  0x00,0x0f,0xfc,0x1f,0xff,0xfc,0x00,0x00,0x0f,0xff,0xfc,0x7f,0xff,0xfe,0x00,0x00,0x1f,0xff,0xfc,0xff,0xff,0xff,0x00,0x00,
  0x1f,0xff,0xfd,0xff,0xff,0xff,0x80,0x00,0x1f,0xff,0xff,0xff,0xff,0xff,0x80,0x00,0x1f,0xff,0xff,0xff,0xff,0xff,0xc0,0x00,
  0x1f,0xff,0xff,0xf0,0x3f,0xff,0xc0,0x00,0x00,0x3f,0xff,0x80,0x0f,0xff,0xc0,0x00,0x00,0x3f,0xff,0x00,0x07,0xff,0xe0,0x00,
  0x00,0x3f,0xfc,0x00,0x03,0xff,0xe0,0x00,0x00,0x3f,0xfc,0x00,0x03,0xff,0xe0,0x00,0x00,0x3f,0xfc,0x00,0x01,0xff,0xe0,0x00,
  0x00,0x3f,0xfc,0x00,0x01,0xff,0xf0,0x00,0x00,0x3f,0xfc,0x00,0x01,0xff,0xf0,0x00,0x00,0x3f,0xfc,0x00,0x00,0xff,0xf0,0x00,
  0x00,0x3f,0xfc,0x00,0x00,0xff,0xf0,0x00,0x00,0x3f,0xfc,0x00,0x00,0xff,0xf0,0x00,0x00,0x3f,0xfc,0x00,0x00,0xff,0xf0,0x00,
  0x00,0x3f,0xfc,0x00,0x00,0xff,0xf0,0x00,0x00,0x3f,0xfc,0x00,0x00,0xff,0xf0,0x00,0x00,0x3f,0xfc,0x00,0x00,0xff,0xf0,0x00,
  0x00,0x3f,0xfc,0x00,0x00,0xff,0xf0,0x00,0x00,0x3f,0xfc,0x00,0x00,0xff,0xf0,0x00,0x00,0x3f,0xfc,0x00,0x00,0xff,0xf0,0x00,
  0x00,0x3f,0xfc,0x00,0x00,0xff,0xf0,0x00,0x00,0x3f,0xfc,0x00,0x00,0xff,0xf0,0x00,0x00,0x3f,0xfc,0x00,0x00,0xff,0xf0,0x00,
  0x00,0x3f,0xfc,0x00,0x00,0xff,0xf0,0x00,0x00,0x3f,0xfc,0x00,0x00,0xff,0xf0,0x00,0x00,0x3f,0xfc,0x00,0x00,0xff,0xf0,0x00,
  0x00,0x3f,0xfc,0x00,0x00,0xff,0xf0,0x00,0x00,0x3f,0xfc,0x00,0x00,0xff,0xf0,0x00,0x00,0x3f,0xfc,0x00,0x00,0xff,0xf0,0x00,
  0x00,0x3f,0xfc,0x00,0x00,0xff,0xf0,0x00,0x00,0x3f,0xfc,0x00,0x00,0xff,0xf0,0x00,0x00,0x3f,0xfc,0x00,0x00,0xff,0xf0,0x00,
  0x00,0x3f,0xfc,0x00,0x00,0xff,0xf0,0x00,0x00,0x3f,0xfc,0x00,0x00,0xff,0xf0,0x00,0x00,0x3f,0xfc,0x00,0x00,0xff,0xf0,0x00,
  0x00,0x7f,0xfc,0x00,0x00,0xff,0xf0,0x00,0x00,0x7f,0xfc,0x00,0x01,0xff,0xf0,0x00,0x00,0xff,0xfc,0x00,0x01,0xff,0xf0,0x00,
  0x01,0xff,0xff,0xe0,0x03,0xff,0xff,0xc0,0x0f,0xff,0xff,0xe0,0x1f,0xff,0xff,0xc0,0x0f,0xff,0xff,0xe0,0x1f,0xff,0xff,0xc0,
  0x0f,0xff,0xff,0xe0,0x1f,0xff,0xff,0xc0,0x0f,0xff,0xff,0xe0,0x1f,0xff,0xff,0xc0,0x0f,0xff,0xff,0xe0,0x1f,0xff,0xff,0xc0,
  0x00,0x00,0x01,0xfe,0x00,0x00,0x00,0x00,0x00,0x1f,0xff,0xe0,0x00,0x00,0x00,0x00,0x7f,0xff,0xfc,0x00,0x00,0x00,0x01,0xff,
  0xff,0xfe,0x00,0x00,0x00,0x03,0xff,0xff,0xff,0x80,0x00,0x00,0x0f,0xff,0xff,0xff,0xc0,0x00,0x00,0x1f,0xff,0x03,0xff,0xe0,
  0x00,0x00,0x3f,0xfc,0x00,0xff,0xf0,0x00,0x00,0x7f,0xf8,0x00,0x7f,0xf8,0x00,0x00,0x7f,0xf0,0x00,0x3f,0xfc,0x00,0x00,0xff,
  0xe0,0x00,0x3f,0xfe,0x00,0x01,0xff,0xc0,0x00,0x1f,0xfe,0x00,0x01,0xff,0xc0,0x00,0x0f,0xff,0x00,0x03,0xff,0x80,0x00,0x0f,
  0xff,0x80,0x03,0xff,0x80,0x00,0x0f,0xff,0x80,0x07,0xff,0x80,0x00,0x07,0xff,0x80,0x07,0xff,0x80,0x00,0x07,0xff,0xc0,0x0f,
  0xff,0x00,0x00,0x07,0xff,0xc0,0x0f,0xff,0x00,0x00,0x07,0xff,0xc0,0x0f,0xff,0x00,0x00,0x03,0xff,0xc0,0x0f,0xff,0x00,0x00,
  0x03,0xff,0xe0,0x0f,0xff,0x00,0x00,0x03,0xff,0xe0,0x1f,0xff,0x00,0x00,0x03,0xff,0xe0,0x1f,0xff,0x00,0x00,0x03,0xff,0xe0,
  0x1f,0xff,0x00,0x00,0x03,0xff,0xe0,0x1f,0xff,0x00,0x00,0x03,0xff,0xe0,0x1f,0xff,0x00,0x00,0x03,0xff,0xe0,0x1f,0xff,0x00,
  0x00,0x03,0xff,0xe0,0x1f,0xff,0x00,0x00,0x03,0xff,0xe0,0x1f,0xff,0x00,0x00,0x03,0xff,0xe0,0x1f,0xff,0x00,0x00,0x03,0xff,
  0xe0,0x1f,0xff,0x00,0x00,0x03,0xff,0xc0,0x1f,0xff,0x00,0x00,0x03,0xff,0xc0,0x0f,0xff,0x80,0x00,0x03,0xff,0xc0,0x0f,0xff,
  0x80,0x00,0x03,0xff,0xc0,0x0f,0xff,0x80,0x00,0x03,0xff,0x80,0x07,0xff,0x80,0x00,0x07,0xff,0x80,0x07,0xff,0xc0,0x00,0x07,
  0xff,0x80,0x07,0xff,0xc0,0x00,0x07,0xff,0x00,0x03,0xff,0xe0,0x00,0x07,0xff,0x00,0x03,0xff,0xe0,0x00,0x0f,0xfe,0x00,0x01,
  0xff,0xf0,0x00,0x0f,0xfe,0x00,0x00,0xff,0xf0,0x00,0x1f,0xfc,0x00,0x00,0xff,0xf8,0x00,0x3f,0xf8,0x00,0x00,0x7f,0xfc,0x00,
  0x7f,0xf0,0x00,0x00,0x3f,0xff,0x01,0xff,0xe0,0x00,0x00,0x1f,0xff,0xff,0xff,0xc0,0x00,0x00,0x07,0xff,0xff,0xff,0x80,0x00,
  0x00,0x03,0xff,0xff,0xff,0x00,0x00,0x00,0x00,0xff,0xff,0xfc,0x00,0x00,0x00,0x00,0x3f,0xff,0xf0,0x00,0x00,0x00,0x00,0x03,
  0xff,0x00,0x00,0x00,0x00,0x00,0x00,0x03,0xfe,0x00,0x00,0x00,0x00,0x03,0xf8,0x1f,0xff,0xc0,0x00,0x00,0x00,0x1f,0xf8,0x7f,
  0xff,0xf0,0x00,0x00,0x3f,0xff,0xf9,0xff,0xff,0xf8,0x00,0x00,0x3f,0xff,0xfb,0xff,0xff,0xfc,0x00,0x00,0x3f,0xff,0xff,0xff,
  0xff,0xff,0x00,0x00,0x3f,0xff,0xff,0xff,0xff,0xff,0x00,0x00,0x3f,0xff,0xff,0xe0,0x7f,0xff,0x80,0x00,0x1f,0xff,0xff,0x00,
  0x1f,0xff,0xc0,0x00,0x00,0x7f,0xfe,0x00,0x0f,0xff,0xe0,0x00,0x00,0x7f,0xfc,0x00,0x07,0xff,0xe0,0x00,0x00,0x7f,0xf8,0x00,
  0x03,0xff,0xf0,0x00,0x00,0x7f,0xf8,0x00,0x01,0xff,0xf0,0x00,0x00,0x7f,0xf8,0x00,0x01,0xff,0xf0,0x00,0x00,0x7f,0xf8,0x00,
  0x01,0xff,0xf8,0x00,0x00,0x7f,0xf8,0x00,0x00,0xff,0xf8,0x00,0x00,0x7f,0xf8,0x00,0x00,0xff,0xf8,0x00,0x00,0x7f,0xf8,0x00,
  0x00,0xff,0xf8,0x00,0x00,0x7f,0xf8,0x00,0x00,0x7f,0xfc,0x00,0x00,0x7f,0xf8,0x00,0x00,0x7f,0xfc,0x00,0x00,0x7f,0xf8,0x00,
  0x00,0x7f,0xfc,0x00,0x00,0x7f,0xf8,0x00,0x00,0x7f,0xfc,0x00,0x00,0x7f,0xf8,0x00,0x00,0x7f,0xfc,0x00,0x00,0x7f,0xf8,0x00,
  0x00,0x7f,0xfc,0x00,0x00,0x7f,0xf8,0x00,0x00,0x7f,0xfc,0x00,0x00,0x7f,0xf8,0x00,0x00,0x7f,0xfc,0x00,0x00,0x7f,0xf8,0x00,
  0x00,0x7f,0xfc,0x00,0x00,0x7f,0xf8,0x00,0x00,0x7f,0xfc,0x00,0x00,0x7f,0xf8,0x00,0x00,0x7f,0xfc,0x00,0x00,0x7f,0xf8,0x00,
  0x00,0x7f,0xfc,0x00,0x00,0x7f,0xf8,0x00,0x00,0x7f,0xf8,0x00,0x00,0x7f,0xf8,0x00,0x00,0x7f,0xf8,0x00,0x00,0x7f,0xf8,0x00,
  0x00,0x7f,0xf8,0x00,0x00,0x7f,0xf8,0x00,0x00,0x7f,0xf8,0x00,0x00,0x7f,0xf8,0x00,0x00,0xff,0xf0,0x00,0x00,0x7f,0xf8,0x00,
  0x00,0xff,0xf0,0x00,0x00,0x7f,0xf8,0x00,0x00,0xff,0xf0,0x00,0x00,0x7f,0xf8,0x00,0x01,0xff,0xe0,0x00,0x00,0x7f,0xf8,0x00,
  0x01,0xff,0xe0,0x00,0x00,0x7f,0xf8,0x00,0x03,0xff,0xc0,0x00,0x00,0x7f,0xf8,0x00,0x03,0xff,0x80,0x00,0x00,0x7f,0xf8,0x00,
  0x07,0xff,0x80,0x00,0x00,0x7f,0xf8,0x00,0x0f,0xff,0x00,0x00,0x00,0x7f,0xfe,0x00,0x1f,0xfe,0x00,0x00,0x00,0x7f,0xff,0x80,
  0x7f,0xfc,0x00,0x00,0x00,0x7f,0xff,0xff,0xff,0xf8,0x00,0x00,0x00,0x7f,0xff,0xff,0xff,0xf0,0x00,0x00,0x00,0x7f,0xff,0xff,
  0xff,0xc0,0x00,0x00,0x00,0x7f,0xff,0xff,0xff,0x80,0x00,0x00,0x00,0x7f,0xf9,0xff,0xfc,0x00,0x00,0x00,0x00,0x7f,0xf8,0x1f,
  0xc0,0x00,0x00,0x00,0x00,0x7f,0xf8,0x00,0x00,0x00,0x00,0x00,0x00,0x7f,0xf8,0x00,0x00,0x00,0x00,0x00,0x00,0x7f,0xf8,0x00,
  0x00,0x00,0x00,0x00,0x00,0x7f,0xf8,0x00,0x00,0x00,0x00,0x00,0x00,0x7f,0xf8,0x00,0x00,0x00,0x00,0x00,0x00,0x7f,0xf8,0x00,
  0x00,0x00,0x00,0x00,0x00,0x7f,0xf8,0x00,0x00,0x00,0x00,0x00,0x00,0x7f,0xf8,0x00,0x00,0x00,0x00,0x00,0x00,0x7f,0xf8,0x00,
  0x00,0x00,0x00,0x00,0x00,0x7f,0xf8,0x00,0x00,0x00,0x00,0x00,0x00,0x7f,0xf8,0x00,0x00,0x00,0x00,0x00,0x00,0x7f,0xf8,0x00,
  0x00,0x00,0x00,0x00,0x00,0x7f,0xf8,0x00,0x00,0x00,0x00,0x00,0x00,0x7f,0xf8,0x00,0x00,0x00,0x00,0x00,0x00,0xff,0xf8,0x00,
  0x00,0x00,0x00,0x00,0x00,0xff,0xf8,0x00,0x00,0x00,0x00,0x00,0x00,0xff,0xf8,0x00,0x00,0x00,0x00,0x00,0x03,0xff,0xff,0xc0,
  0x00,0x00,0x00,0x00,0x1f,0xff,0xff,0xc0,0x00,0x00,0x00,0x00,0x1f,0xff,0xff,0xc0,0x00,0x00,0x00,0x00,0x1f,0xff,0xff,0xc0,
  0x00,0x00,0x00,0x00,0x1f,0xff,0xff,0xc0,0x00,0x00,0x00,0x00,0x1f,0xff,0xff,0xc0,0x00,0x00,0x00,0x00,0x00,0x00,0x01,0xff,
  0x00,0x00,0x00,0x00,0x00,0x1f,0xff,0xf0,0x1f,0x00,0x00,0x00,0x7f,0xff,0xff,0xff,0x00,0x00,0x01,0xff,0xff,0xff,0xff,0x00,
  0x00,0x07,0xff,0xff,0xff,0xff,0x00,0x00,0x0f,0xff,0xff,0xff,0xff,0x00,0x00,0x1f,0xff,0x01,0xff,0xff,0x00,0x00,0x3f,0xfc,
  0x00,0x7f,0xff,0x00,0x00,0x7f,0xf8,0x00,0x3f,0xff,0x00,0x00,0xff,0xf0,0x00,0x1f,0xff,0x00,0x00,0xff,0xe0,0x00,0x1f,0xff,
  0x00,0x01,0xff,0xe0,0x00,0x1f,0xff,0x00,0x03,0xff,0xc0,0x00,0x0f,0xff,0x00,0x03,0xff,0xc0,0x00,0x0f,0xff,0x00,0x03,0xff,
  0x80,0x00,0x0f,0xff,0x00,0x07,0xff,0x80,0x00,0x0f,0xff,0x00,0x07,0xff,0x80,0x00,0x0f,0xff,0x00,0x0f,0xff,0x80,0x00,0x0f,
  0xff,0x00,0x0f,0xff,0x00,0x00,0x0f,0xff,0x00,0x0f,0xff,0x00,0x00,0x0f,0xff,0x00,0x0f,0xff,0x00,0x00,0x0f,0xff,0x00,0x1f,
  0xff,0x00,0x00,0x0f,0xff,0x00,0x1f,0xff,0x00,0x00,0x0f,0xff,0x00,0x1f,0xff,0x00,0x00,0x0f,0xff,0x00,0x1f,0xff,0x00,0x00,
  0x0f,0xff,0x00,0x1f,0xff,0x00,0x00,0x0f,0xff,0x00,0x1f,0xff,0x00,0x00,0x0f,0xff,0x00,0x1f,0xff,0x00,0x00,0x0f,0xff,0x00,
  0x1f,0xff,0x00,0x00,0x0f,0xff,0x00,0x1f,0xff,0x00,0x00,0x0f,0xff,0x00,0x1f,0xff,0x00,0x00,0x0f,0xff,0x00,0x1f,0xff,0x00,
  0x00,0x0f,0xff,0x00,0x1f,0xff,0x00,0x00,0x0f,0xff,0x00,0x0f,0xff,0x80,0x00,0x0f,0xff,0x00,0x0f,0xff,0x80,0x00,0x0f,0xff,
  0x00,0x0f,0xff,0x80,0x00,0x0f,0xff,0x00,0x0f,0xff,0x80,0x00,0x0f,0xff,0x00,0x0f,0xff,0xc0,0x00,0x0f,0xff,0x00,0x07,0xff,
  0xc0,0x00,0x0f,0xff,0x00,0x07,0xff,0xe0,0x00,0x0f,0xff,0x00,0x03,0xff,0xe0,0x00,0x1f,0xff,0x00,0x03,0xff,0xf0,0x00,0x1f,
  0xff,0x00,0x01,0xff,0xf8,0x00,0x7f,0xff,0x00,0x01,0xff,0xfc,0x00,0xff,0xff,0x00,0x00,0xff,0xff,0x03,0xff,0xff,0x00,0x00,
  0x7f,0xff,0xff,0xff,0xff,0x00,0x00,0x3f,0xff,0xff,0xff,0xff,0x00,0x00,0x1f,0xff,0xff,0xef,0xff,0x00,0x00,0x0f,0xff,0xff,
  0xcf,0xff,0x00,0x00,0x07,0xff,0xff,0x0f,0xff,0x00,0x00,0x01,0xff,0xfc,0x0f,0xff,0x00,0x00,0x00,0x1f,0xe0,0x0f,0xff,0x00,
  0x00,0x00,0x00,0x00,0x0f,0xff,0x00,0x00,0x00,0x00,0x00,0x0f,0xff,0x00,0x00,0x00,0x00,0x00,0x0f,0xff,0x00,0x00,0x00,0x00,
  0x00,0x0f,0xff,0x00,0x00,0x00,0x00,0x00,0x0f,0xff,0x00,0x00,0x00,0x00,0x00,0x0f,0xff,0x00,0x00,0x00,0x00,0x00,0x0f,0xff,
  0x00,0x00,0x00,0x00,0x00,0x0f,0xff,0x00,0x00,0x00,0x00,0x00,0x0f,0xff,0x00,0x00,0x00,0x00,0x00,0x0f,0xff,0x00,0x00,0x00,
  0x00,0x00,0x0f,0xff,0x00,0x00,0x00,0x00,0x00,0x0f,0xff,0x00,0x00,0x00,0x00,0x00,0x0f,0xff,0x00,0x00,0x00,0x00,0x00,0x0f,
  0xff,0x00,0x00,0x00,0x00,0x00,0x0f,0xff,0x00,0x00,0x00,0x00,0x00,0x1f,0xff,0x00,0x00,0x00,0x00,0x00,0x1f,0xff,0x00,0x00,
  0x00,0x00,0x00,0x3f,0xff,0xfc,0x00,0x00,0x00,0x01,0xff,0xff,0xfc,0x00,0x00,0x00,0x01,0xff,0xff,0xfc,0x00,0x00,0x00,0x01,
  0xff,0xff,0xfc,0x00,0x00,0x00,0x01,0xff,0xff,0xfc,0x00,0x00,0x00,0x01,0xff,0xff,0xfc,0x00,0x00,0x00,0x00,0xfe,0x00,0x00,
  0x01,0xf8,0x03,0xff,0x80,0x00,0x0f,0xf8,0x0f,0xff,0xc0,0x1f,0xff,0xf8,0x1f,0xff,0xe0,0x1f,0xff,0xf8,0x7f,0xff,0xf0,0x1f,
  0xff,0xf8,0xff,0xff,0xf0,0x1f,0xff,0xf9,0xff,0xff,0xf0,0x1f,0xff,0xfb,0xff,0xff,0xf0,0x1f,0xff,0xff,0xf8,0xff,0xf0,0x00,
  0x7f,0xff,0xe0,0xff,0xe0,0x00,0x7f,0xff,0xc0,0x7f,0xe0,0x00,0x7f,0xff,0x80,0x3f,0xc0,0x00,0x7f,0xff,0x00,0x1f,0x00,0x00,
  0x7f,0xfe,0x00,0x00,0x00,0x00,0x7f,0xfe,0x00,0x00,0x00,0x00,0x7f,0xfc,0x00,0x00,0x00,0x00,0x7f,0xf8,0x00,0x00,0x00,0x00,
  0x7f,0xf8,0x00,0x00,0x00,0x00,0x7f,0xf8,0x00,0x00,0x00,0x00,0x7f,0xf8,0x00,0x00,0x00,0x00,0x7f,0xf8,0x00,0x00,0x00,0x00,
  0x7f,0xf8,0x00,0x00,0x00,0x00,0x7f,0xf8,0x00,0x00,0x00,0x00,0x7f,0xf8,0x00,0x00,0x00,0x00,0x7f,0xf8,0x00,0x00,0x00,0x00,
  0x7f,0xf8,0x00,0x00,0x00,0x00,0x7f,0xf8,0x00,0x00,0x00,0x00,0x7f,0xf8,0x00,0x00,0x00,0x00,0x7f,0xf8,0x00,0x00,0x00,0x00,
  0x7f,0xf8,0x00,0x00,0x00,0x00,0x7f,0xf8,0x00,0x00,0x00,0x00,0x7f,0xf8,0x00,0x00,0x00,0x00,0x7f,0xf8,0x00,0x00,0x00,0x00,
  0x7f,0xf8,0x00,0x00,0x00,0x00,0x7f,0xf8,0x00,0x00,0x00,0x00,0x7f,0xf8,0x00,0x00,0x00,0x00,0x7f,0xf8,0x00,0x00,0x00,0x00,
  0x7f,0xf8,0x00,0x00,0x00,0x00,0x7f,0xf8,0x00,0x00,0x00,0x00,0x7f,0xf8,0x00,0x00,0x00,0x00,0x7f,0xf8,0x00,0x00,0x00,0x00,
  0x7f,0xf8,0x00,0x00,0x00,0x00,0xff,0xf8,0x00,0x00,0x00,0x00,0xff,0xf8,0x00,0x00,0x00,0x01,0xff,0xff,0xe0,0x00,0x00,0x0f,
  0xff,0xff,0xe0,0x00,0x00,0x0f,0xff,0xff,0xe0,0x00,0x00,0x0f,0xff,0xff,0xe0,0x00,0x00,0x0f,0xff,0xff,0xe0,0x00,0x00,0x0f,
  0xff,0xff,0xe0,0x00,0x00,0x00,0x00,0x7f,0x80,0x00,0x00,0x00,0x03,0xff,0xf8,0x7e,0x00,0x00,0x1f,0xff,0xfe,0x7e,0x00,0x00,
  0x3f,0xff,0xff,0x7e,0x00,0x00,0x7f,0xff,0xff,0xfe,0x00,0x00,0xff,0xff,0xff,0xfe,0x00,0x01,0xff,0xc0,0x7f,0xfe,0x00,0x03,
  0xff,0x00,0x1f,0xfe,0x00,0x03,0xfe,0x00,0x07,0xfe,0x00,0x07,0xfc,0x00,0x03,0xfe,0x00,0x07,0xfc,0x00,0x01,0xfe,0x00,0x07,
  0xfc,0x00,0x00,0xfe,0x00,0x0f,0xfc,0x00,0x00,0xfe,0x00,0x0f,0xfc,0x00,0x00,0x7e,0x00,0x0f,0xfe,0x00,0x00,0x7e,0x00,0x0f,
  0xfe,0x00,0x00,0x7e,0x00,0x0f,0xff,0x00,0x00,0x3e,0x00,0x0f,0xff,0xc0,0x00,0x3e,0x00,0x0f,0xff,0xf0,0x00,0x00,0x00,0x07,
  0xff,0xfc,0x00,0x00,0x00,0x07,0xff,0xff,0x80,0x00,0x00,0x07,0xff,0xff,0xe0,0x00,0x00,0x03,0xff,0xff,0xfc,0x00,0x00,0x01,
  0xff,0xff,0xff,0x00,0x00,0x00,0xff,0xff,0xff,0xc0,0x00,0x00,0x7f,0xff,0xff,0xe0,0x00,0x00,0x3f,0xff,0xff,0xf8,0x00,0x00,
  0x1f,0xff,0xff,0xfc,0x00,0x00,0x07,0xff,0xff,0xfe,0x00,0x00,0x01,0xff,0xff,0xff,0x00,0x00,0x00,0x3f,0xff,0xff,0x00,0x00,
  0x00,0x0f,0xff,0xff,0x80,0x00,0x00,0x01,0xff,0xff,0x80,0x00,0x00,0x00,0x7f,0xff,0xc0,0x07,0xc0,0x00,0x1f,0xff,0xc0,0x07,
  0xc0,0x00,0x07,0xff,0xc0,0x07,0xc0,0x00,0x03,0xff,0xc0,0x07,0xc0,0x00,0x01,0xff,0xc0,0x07,0xe0,0x00,0x00,0xff,0xc0,0x07,
  0xe0,0x00,0x00,0xff,0xc0,0x07,0xf0,0x00,0x00,0xff,0xc0,0x07,0xf8,0x00,0x00,0xff,0x80,0x07,0xfc,0x00,0x00,0xff,0x80,0x07,
  0xfe,0x00,0x01,0xff,0x80,0x07,0xff,0x80,0x03,0xff,0x00,0x07,0xff,0xe0,0x0f,0xff,0x00,0x07,0xff,0xff,0xff,0xfe,0x00,0x07,
  0xff,0xff,0xff,0xfc,0x00,0x07,0xef,0xff,0xff,0xf8,0x00,0x07,0xe7,0xff,0xff,0xe0,0x00,0x07,0xe0,0xff,0xff,0x80,0x00,0x00,
  0x00,0x0f,0xfc,0x00,0x00,0x00,0x00,0xf8,0x00,0x00,0x00,0x01,0xf8,0x00,0x00,0x00,0x01,0xf8,0x00,0x00,0x00,0x03,0xf8,0x00,
  0x00,0x00,0x03,0xf8,0x00,0x00,0x00,0x07,0xf8,0x00,0x00,0x00,0x07,0xf8,0x00,0x00,0x00,0x0f,0xf8,0x00,0x00,0x00,0x1f,0xf8,
  0x00,0x00,0x00,0x1f,0xf8,0x00,0x00,0x00,0x3f,0xf8,0x00,0x00,0x00,0xff,0xf8,0x00,0x00,0x01,0xff,0xf8,0x00,0x00,0x07,0xff,
  0xf8,0x00,0x00,0x3f,0xff,0xff,0xff,0xc0,0x3f,0xff,0xff,0xff,0xc0,0x3f,0xff,0xff,0xff,0xc0,0x3f,0xff,0xff,0xff,0xc0,0x3f,
  0xff,0xff,0xff,0xc0,0x3f,0xff,0xff,0xff,0xc0,0x3f,0xff,0xf8,0x00,0x00,0x00,0x7f,0xf8,0x00,0x00,0x00,0x7f,0xf8,0x00,0x00,
  0x00,0x7f,0xf8,0x00,0x00,0x00,0x7f,0xf8,0x00,0x00,0x00,0x7f,0xf8,0x00,0x00,0x00,0x7f,0xf8,0x00,0x00,0x00,0x7f,0xf8,0x00,
  0x00,0x00,0x7f,0xf8,0x00,0x00,0x00,0x7f,0xf8,0x00,0x00,0x00,0x7f,0xf8,0x00,0x00,0x00,0x7f,0xf8,0x00,0x00,0x00,0x7f,0xf8,
  0x00,0x00,0x00,0x7f,0xf8,0x00,0x00,0x00,0x7f,0xf8,0x00,0x00,0x00,0x7f,0xf8,0x00,0x00,0x00,0x7f,0xf8,0x00,0x00,0x00,0x7f,
  0xf8,0x00,0x00,0x00,0x7f,0xf8,0x00,0x00,0x00,0x7f,0xf8,0x00,0x00,0x00,0x7f,0xf8,0x00,0x00,0x00,0x7f,0xf8,0x00,0x00,0x00,
  0x7f,0xf8,0x00,0x00,0x00,0x7f,0xf8,0x00,0x00,0x00,0x7f,0xf8,0x00,0x00,0x00,0x7f,0xf8,0x00,0x00,0x00,0x7f,0xf8,0x00,0x00,
  0x00,0x7f,0xf8,0x00,0x00,0x00,0x7f,0xf8,0x00,0x00,0x00,0x7f,0xf8,0x00,0x00,0x00,0x7f,0xf8,0x00,0x00,0x00,0x7f,0xfc,0x00,
  0x18,0x00,0x3f,0xfc,0x00,0x3c,0x00,0x3f,0xfc,0x00,0x7e,0x00,0x3f,0xfe,0x00,0xfe,0x00,0x3f,0xff,0x03,0xfc,0x00,0x1f,0xff,
  0xff,0xfc,0x00,0x1f,0xff,0xff,0xf8,0x00,0x0f,0xff,0xff,0xf0,0x00,0x0f,0xff,0xff,0xe0,0x00,0x07,0xff,0xff,0xc0,0x00,0x03,
  0xff,0xff,0x00,0x00,0x00,0xff,0xfc,0x00,0x00,0x00,0x1f,0xe0,0x00,0x00,0x01,0xf0,0x00,0x00,0x07,0xc0,0x00,0x00,0x07,0xf0,
  0x00,0x00,0x1f,0xc0,0x00,0x00,0x3f,0xf0,0x00,0x00,0xff,0xc0,0x00,0x7f,0xff,0xf0,0x00,0xff,0xff,0xc0,0x00,0x7f,0xff,0xf0,
  0x00,0xff,0xff,0xc0,0x00,0x7f,0xff,0xf0,0x00,0xff,0xff,0xc0,0x00,0x7f,0xff,0xf0,0x00,0xff,0xff,0xc0,0x00,0x7f,0xff,0xf0,
  0x00,0xff,0xff,0xc0,0x00,0x3f,0xff,0xf0,0x00,0xff,0xff,0xc0,0x00,0x00,0xff,0xf0,0x00,0x03,0xff,0xc0,0x00,0x00,0xff,0xf0,
  0x00,0x03,0xff,0xc0,0x00,0x00,0xff,0xf0,0x00,0x03,0xff,0xc0,0x00,0x00,0xff,0xf0,0x00,0x03,0xff,0xc0,0x00,0x00,0xff,0xf0,
  0x00,0x03,0xff,0xc0,0x00,0x00,0xff,0xf0,0x00,0x03,0xff,0xc0,0x00,0x00,0xff,0xf0,0x00,0x03,0xff,0xc0,0x00,0x00,0xff,0xf0,
  0x00,0x03,0xff,0xc0,0x00,0x00,0xff,0xf0,0x00,0x03,0xff,0xc0,0x00,0x00,0xff,0xf0,0x00,0x03,0xff,0xc0,0x00,0x00,0xff,0xf0,
  0x00,0x03,0xff,0xc0,0x00,0x00,0xff,0xf0,0x00,0x03,0xff,0xc0,0x00,0x00,0xff,0xf0,0x00,0x03,0xff,0xc0,0x00,0x00,0xff,0xf0,
  0x00,0x03,0xff,0xc0,0x00,0x00,0xff,0xf0,0x00,0x03,0xff,0xc0,0x00,0x00,0xff,0xf0,0x00,0x03,0xff,0xc0,0x00,0x00,0xff,0xf0,
  0x00,0x03,0xff,0xc0,0x00,0x00,0xff,0xf0,0x00,0x03,0xff,0xc0,0x00,0x00,0xff,0xf0,0x00,0x03,0xff,0xc0,0x00,0x00,0xff,0xf0,
  0x00,0x03,0xff,0xc0,0x00,0x00,0xff,0xf0,0x00,0x03,0xff,0xc0,0x00,0x00,0xff,0xf0,0x00,0x03,0xff,0xc0,0x00,0x00,0xff,0xf0,
  0x00,0x03,0xff,0xc0,0x00,0x00,0xff,0xf0,0x00,0x03,0xff,0xc0,0x00,0x00,0xff,0xf0,0x00,0x03,0xff,0xc0,0x00,0x00,0xff,0xf0,
  0x00,0x03,0xff,0xc0,0x00,0x00,0xff,0xf0,0x00,0x03,0xff,0xc0,0x00,0x00,0xff,0xf8,0x00,0x03,0xff,0xc0,0x00,0x00,0x7f,0xf8,
  0x00,0x03,0xff,0xc0,0x00,0x00,0x7f,0xf8,0x00,0x07,0xff,0xc0,0x00,0x00,0x7f,0xfc,0x00,0x0f,0xff,0xc0,0x00,0x00,0x7f,0xfc,
  0x00,0x1f,0xff,0xc0,0x00,0x00,0x7f,0xfe,0x00,0x3f,0xff,0xc0,0x00,0x00,0x3f,0xff,0x81,0xff,0xff,0xc0,0x00,0x00,0x3f,0xff,
  0xff,0xff,0xff,0xff,0x00,0x00,0x1f,0xff,0xff,0xfd,0xff,0xff,0x00,0x00,0x1f,0xff,0xff,0xf9,0xff,0xff,0x00,0x00,0x0f,0xff,
  0xff,0xe1,0xff,0xff,0x00,0x00,0x07,0xff,0xff,0xc1,0xff,0xff,0x00,0x00,0x03,0xff,0xff,0x01,0xff,0xff,0x00,0x00,0x00,0xff,
  0xfe,0x00,0x00,0x00,0x00,0x00,0x00,0x1f,0xf0,0x00,0x00,0x00,0x00,0x7f,0xff,0xfc,0x00,0x3f,0xff,0xe0,0x7f,0xff,0xfc,0x00,
  0x3f,0xff,0xe0,0x7f,0xff,0xfc,0x00,0x3f,0xff,0xe0,0x7f,0xff,0xfc,0x00,0x3f,0xff,0xe0,0x7f,0xff,0xfc,0x00,0x3f,0xff,0xe0,
  0x7f,0xff,0xf0,0x00,0x3f,0xff,0x80,0x07,0xff,0xe0,0x00,0x00,0xff,0x00,0x07,0xff,0xe0,0x00,0x01,0xfe,0x00,0x07,0xff,0xe0,
  0x00,0x01,0xfc,0x00,0x03,0xff,0xe0,0x00,0x03,0xf8,0x00,0x03,0xff,0xe0,0x00,0x03,0xf8,0x00,0x03,0xff,0xe0,0x00,0x07,0xf0,
  0x00,0x03,0xff,0xe0,0x00,0x07,0xf0,0x00,0x01,0xff,0xf0,0x00,0x07,0xf0,0x00,0x01,0xff,0xf0,0x00,0x0f,0xe0,0x00,0x00,0xff,
  0xf8,0x00,0x0f,0xe0,0x00,0x00,0xff,0xf8,0x00,0x1f,0xc0,0x00,0x00,0x7f,0xf8,0x00,0x1f,0xc0,0x00,0x00,0x7f,0xfc,0x00,0x1f,
  0x80,0x00,0x00,0x7f,0xfc,0x00,0x3f,0x80,0x00,0x00,0x3f,0xfe,0x00,0x3f,0x80,0x00,0x00,0x3f,0xfe,0x00,0x3f,0x00,0x00,0x00,
  0x1f,0xff,0x00,0x7f,0x00,0x00,0x00,0x1f,0xff,0x00,0x7e,0x00,0x00,0x00,0x0f,0xff,0x00,0x7e,0x00,0x00,0x00,0x0f,0xff,0x80,
  0xfe,0x00,0x00,0x00,0x07,0xff,0x80,0xfc,0x00,0x00,0x00,0x07,0xff,0xc1,0xfc,0x00,0x00,0x00,0x03,0xff,0xc1,0xfc,0x00,0x00,
  0x00,0x03,0xff,0xc1,0xf8,0x00,0x00,0x00,0x03,0xff,0xe3,0xf8,0x00,0x00,0x00,0x01,0xff,0xe3,0xf0,0x00,0x00,0x00,0x01,0xff,
  0xf3,0xf0,0x00,0x00,0x00,0x00,0xff,0xf7,0xf0,0x00,0x00,0x00,0x00,0xff,0xff,0xe0,0x00,0x00,0x00,0x00,0x7f,0xff,0xe0,0x00,
  0x00,0x00,0x00,0x7f,0xff,0xc0,0x00,0x00,0x00,0x00,0x3f,0xff,0xc0,0x00,0x00,0x00,0x00,0x3f,0xff,0xc0,0x00,0x00,0x00,0x00,
  0x1f,0xff,0x80,0x00,0x00,0x00,0x00,0x1f,0xff,0x80,0x00,0x00,0x00,0x00,0x1f,0xff,0x00,0x00,0x00,0x00,0x00,0x0f,0xff,0x00,
  0x00,0x00,0x00,0x00,0x0f,0xff,0x00,0x00,0x00,0x00,0x00,0x07,0xfe,0x00,0x00,0x00,0x00,0x00,0x07,0xfe,0x00,0x00,0x00,0x00,
  0x00,0x03,0xfc,0x00,0x00,0x00,0x00,0x00,0x03,0xfc,0x00,0x00,0x00,0x00,0x00,0x01,0xf8,0x00,0x00,0x00,0x7f,0xff,0xfe,0x00,
  0x0f,0xf8,0x00,0x0f,0xff,0xfc,0x7f,0xff,0xfe,0x00,0x0f,0xf8,0x00,0x0f,0xff,0xfc,0x7f,0xff,0xfe,0x00,0x0f,0xf8,0x00,0x0f,
  0xff,0xfc,0x7f,0xff,0xfe,0x00,0x1f,0xfc,0x00,0x0f,0xff,0xfc,0x7f,0xff,0xfe,0x00,0x1f,0xfc,0x00,0x0f,0xff,0xfc,0x7f,0xff,
  0xf8,0x00,0x1f,0xfc,0x00,0x0f,0xff,0xf0,0x07,0xff,0xf0,0x00,0x3f,0xfe,0x00,0x00,0x7f,0xc0,0x03,0xff,0xe0,0x00,0x3f,0xfe,
  0x00,0x00,0x7f,0x80,0x03,0xff,0xe0,0x00,0x3f,0xfe,0x00,0x00,0xff,0x00,0x03,0xff,0xe0,0x00,0x7f,0xfe,0x00,0x00,0xfe,0x00,
  0x03,0xff,0xe0,0x00,0x7f,0xff,0x00,0x00,0xfe,0x00,0x01,0xff,0xe0,0x00,0x7f,0xff,0x00,0x01,0xfc,0x00,0x01,0xff,0xe0,0x00,
  0xff,0xff,0x00,0x01,0xfc,0x00,0x01,0xff,0xf0,0x00,0xff,0xff,0x80,0x01,0xf8,0x00,0x00,0xff,0xf0,0x00,0xff,0xff,0x80,0x03,
  0xf8,0x00,0x00,0xff,0xf0,0x01,0xff,0xff,0x80,0x03,0xf8,0x00,0x00,0xff,0xf8,0x01,0xfb,0xff,0xc0,0x03,0xf0,0x00,0x00,0x7f,
  0xf8,0x01,0xf9,0xff,0xc0,0x07,0xf0,0x00,0x00,0x7f,0xf8,0x01,0xf9,0xff,0xc0,0x07,0xf0,0x00,0x00,0x7f,0xf8,0x03,0xf1,0xff,
  0xe0,0x07,0xe0,0x00,0x00,0x3f,0xfc,0x03,0xf1,0xff,0xe0,0x0f,0xe0,0x00,0x00,0x3f,0xfc,0x03,0xf0,0xff,0xe0,0x0f,0xc0,0x00,
  0x00,0x1f,0xfc,0x07,0xf0,0xff,0xf0,0x0f,0xc0,0x00,0x00,0x1f,0xfe,0x07,0xe0,0xff,0xf0,0x1f,0xc0,0x00,0x00,0x1f,0xfe,0x07,
  0xe0,0x7f,0xf0,0x1f,0x80,0x00,0x00,0x0f,0xfe,0x0f,0xe0,0x7f,0xf0,0x1f,0x80,0x00,0x00,0x0f,0xfe,0x0f,0xc0,0x7f,0xf8,0x3f,
  0x80,0x00,0x00,0x0f,0xff,0x0f,0xc0,0x3f,0xf8,0x3f,0x00,0x00,0x00,0x07,0xff,0x0f,0xc0,0x3f,0xf8,0x3f,0x00,0x00,0x00,0x07,
  0xff,0x1f,0x80,0x3f,0xfc,0x7f,0x00,0x00,0x00,0x07,0xff,0x9f,0x80,0x1f,0xfc,0x7e,0x00,0x00,0x00,0x03,0xff,0x9f,0x80,0x1f,
  0xfc,0x7e,0x00,0x00,0x00,0x03,0xff,0xbf,0x00,0x1f,0xfe,0xfe,0x00,0x00,0x00,0x03,0xff,0xbf,0x00,0x0f,0xfe,0xfc,0x00,0x00,
  0x00,0x01,0xff,0xff,0x00,0x0f,0xfe,0xfc,0x00,0x00,0x00,0x01,0xff,0xfe,0x00,0x0f,0xff,0xf8,0x00,0x00,0x00,0x01,0xff,0xfe,
  0x00,0x07,0xff,0xf8,0x00,0x00,0x00,0x00,0xff,0xfe,0x00,0x07,0xff,0xf8,0x00,0x00,0x00,0x00,0xff,0xfc,0x00,0x07,0xff,0xf0,
  0x00,0x00,0x00,0x00,0xff,0xfc,0x00,0x03,0xff,0xf0,0x00,0x00,0x00,0x00,0x7f,0xfc,0x00,0x03,0xff,0xf0,0x00,0x00,0x00,0x00,
  0x7f,0xf8,0x00,0x03,0xff,0xe0,0x00,0x00,0x00,0x00,0x7f,0xf8,0x00,0x01,0xff,0xe0,0x00,0x00,0x00,0x00,0x3f,0xf8,0x00,0x01,
  0xff,0xe0,0x00,0x00,0x00,0x00,0x3f,0xf0,0x00,0x01,0xff,0xc0,0x00,0x00,0x00,0x00,0x3f,0xf0,0x00,0x00,0xff,0xc0,0x00,0x00,
  0x00,0x00,0x1f,0xf0,0x00,0x00,0xff,0xc0,0x00,0x00,0x00,0x00,0x1f,0xe0,0x00,0x00,0xff,0x80,0x00,0x00,0x00,0x00,0x0f,0xc0,
  0x00,0x00,0x7f,0x00,0x00,0x00,0x3f,0xff,0xfe,0x01,0xff,0xff,0x00,0x3f,0xff,0xfe,0x01,0xff,0xff,0x00,0x3f,0xff,0xfe,0x01,
  0xff,0xff,0x00,0x3f,0xff,0xfe,0x01,0xff,0xff,0x00,0x3f,0xff,0xfe,0x01,0xff,0xff,0x00,0x3f,0xff,0xf0,0x01,0xff,0xfc,0x00,
  0x07,0xff,0xe0,0x00,0x0f,0xf8,0x00,0x03,0xff,0xe0,0x00,0x1f,0xe0,0x00,0x03,0xff,0xf0,0x00,0x3f,0xc0,0x00,0x01,0xff,0xf0,
  0x00,0x7f,0x80,0x00,0x00,0xff,0xf8,0x00,0xff,0x00,0x00,0x00,0xff,0xfc,0x01,0xfe,0x00,0x00,0x00,0x7f,0xfe,0x01,0xfc,0x00,
  0x00,0x00,0x3f,0xfe,0x03,0xf8,0x00,0x00,0x00,0x1f,0xff,0x07,0xf0,0x00,0x00,0x00,0x0f,0xff,0x8f,0xf0,0x00,0x00,0x00,0x0f,
  0xff,0xdf,0xe0,0x00,0x00,0x00,0x07,0xff,0xff,0xc0,0x00,0x00,0x00,0x03,0xff,0xff,0x80,0x00,0x00,0x00,0x01,0xff,0xff,0x00,
  0x00,0x00,0x00,0x00,0xff,0xfe,0x00,0x00,0x00,0x00,0x00,0xff,0xfe,0x00,0x00,0x00,0x00,0x00,0x7f,0xfe,0x00,0x00,0x00,0x00,
  0x00,0x3f,0xff,0x00,0x00,0x00,0x00,0x00,0x1f,0xff,0x80,0x00,0x00,0x00,0x00,0x0f,0xff,0x80,0x00,0x00,0x00,0x00,0x1f,0xff,
  0xc0,0x00,0x00,0x00,0x00,0x3f,0xff,0xe0,0x00,0x00,0x00,0x00,0x7f,0xff,0xf0,0x00,0x00,0x00,0x00,0x7f,0xff,0xf8,0x00,0x00,
  0x00,0x00,0xff,0xff,0xfc,0x00,0x00,0x00,0x01,0xfe,0x7f,0xfe,0x00,0x00,0x00,0x03,0xfc,0x3f,0xfe,0x00,0x00,0x00,0x07,0xf8,
  0x1f,0xff,0x00,0x00,0x00,0x0f,0xf8,0x0f,0xff,0x80,0x00,0x00,0x0f,0xf0,0x07,0xff,0xc0,0x00,0x00,0x1f,0xe0,0x07,0xff,0xe0,
  0x00,0x00,0x3f,0xc0,0x03,0xff,0xf0,0x00,0x00,0x7f,0x80,0x01,0xff,0xf8,0x00,0x00,0xff,0x00,0x00,0xff,0xf8,0x00,0x01,0xfe,
  0x00,0x00,0xff,0xfc,0x00,0x03,0xfc,0x00,0x00,0xff,0xfe,0x00,0x0f,0xff,0xe0,0x00,0xff,0xff,0xc0,0x1f,0xff,0xe0,0x07,0xff,
  0xff,0xc0,0x1f,0xff,0xe0,0x07,0xff,0xff,0xc0,0x1f,0xff,0xe0,0x07,0xff,0xff,0xc0,0x1f,0xff,0xe0,0x07,0xff,0xff,0xc0,0x1f,
  0xff,0xe0,0x07,0xff,0xff,0xc0,0x7f,0xff,0xff,0x00,0x0f,0xff,0xf0,0x7f,0xff,0xff,0x00,0x0f,0xff,0xf0,0x7f,0xff,0xff,0x00,
  0x0f,0xff,0xf0,0x7f,0xff,0xff,0x00,0x0f,0xff,0xf0,0x7f,0xff,0xff,0x00,0x0f,0xff,0xf0,0x7f,0xff,0xfc,0x00,0x0f,0xff,0xe0,
  0x03,0xff,0xf0,0x00,0x00,0x7f,0x80,0x03,0xff,0xf0,0x00,0x00,0x7f,0x00,0x03,0xff,0xf0,0x00,0x00,0xfe,0x00,0x01,0xff,0xf0,
  0x00,0x00,0xfe,0x00,0x01,0xff,0xf0,0x00,0x01,0xfc,0x00,0x01,0xff,0xf0,0x00,0x01,0xfc,0x00,0x00,0xff,0xf0,0x00,0x01,0xf8,
  0x00,0x00,0xff,0xf8,0x00,0x03,0xf8,0x00,0x00,0xff,0xf8,0x00,0x03,0xf0,0x00,0x00,0x7f,0xfc,0x00,0x03,0xf0,0x00,0x00,0x7f,
  0xfc,0x00,0x07,0xf0,0x00,0x00,0x3f,0xfe,0x00,0x07,0xe0,0x00,0x00,0x3f,0xfe,0x00,0x07,0xe0,0x00,0x00,0x1f,0xfe,0x00,0x0f,
  0xe0,0x00,0x00,0x1f,0xff,0x00,0x0f,0xc0,0x00,0x00,0x0f,0xff,0x00,0x0f,0xc0,0x00,0x00,0x0f,0xff,0x80,0x1f,0xc0,0x00,0x00,
  0x07,0xff,0x80,0x1f,0x80,0x00,0x00,0x07,0xff,0xc0,0x1f,0x80,0x00,0x00,0x03,0xff,0xc0,0x3f,0x80,0x00,0x00,0x03,0xff,0xc0,
  0x3f,0x00,0x00,0x00,0x01,0xff,0xe0,0x3f,0x00,0x00,0x00,0x01,0xff,0xe0,0x3f,0x00,0x00,0x00,0x01,0xff,0xf0,0x7e,0x00,0x00,
  0x00,0x00,0xff,0xf0,0x7e,0x00,0x00,0x00,0x00,0xff,0xf8,0x7c,0x00,0x00,0x00,0x00,0x7f,0xf8,0xfc,0x00,0x00,0x00,0x00,0x7f,
  0xfc,0xfc,0x00,0x00,0x00,0x00,0x3f,0xfc,0xf8,0x00,0x00,0x00,0x00,0x3f,0xfd,0xf8,0x00,0x00,0x00,0x00,0x1f,0xff,0xf8,0x00,
  0x00,0x00,0x00,0x1f,0xff,0xf0,0x00,0x00,0x00,0x00,0x0f,0xff,0xf0,0x00,0x00,0x00,0x00,0x0f,0xff,0xf0,0x00,0x00,0x00,0x00,
  0x07,0xff,0xe0,0x00,0x00,0x00,0x00,0x07,0xff,0xe0,0x00,0x00,0x00,0x00,0x03,0xff,0xe0,0x00,0x00,0x00,0x00,0x03,0xff,0xc0,
  0x00,0x00,0x00,0x00,0x01,0xff,0xc0,0x00,0x00,0x00,0x00,0x01,0xff,0xc0,0x00,0x00,0x00,0x00,0x00,0xff,0x80,0x00,0x00,0x00,
  0x00,0x00,0xff,0x80,0x00,0x00,0x00,0x00,0x00,0x7f,0x80,0x00,0x00,0x00,0x00,0x00,0x7f,0x00,0x00,0x00,0x00,0x00,0x00,0x7f,
  0x00,0x00,0x00,0x00,0x00,0x00,0x3f,0x00,0x00,0x00,0x00,0x00,0x00,0x7e,0x00,0x00,0x00,0x00,0x00,0x00,0x7e,0x00,0x00,0x00,
  0x00,0x00,0x00,0x7e,0x00,0x00,0x00,0x00,0x00,0x00,0xfc,0x00,0x00,0x00,0x00,0x00,0x00,0xfc,0x00,0x00,0x00,0x00,0x00,0x00,
  0xf8,0x00,0x00,0x00,0x00,0x00,0x01,0xf8,0x00,0x00,0x00,0x00,0x00,0x01,0xf8,0x00,0x00,0x00,0x00,0x00,0x03,0xf0,0x00,0x00,
  0x00,0x00,0x00,0x03,0xf0,0x00,0x00,0x00,0x00,0x78,0x07,0xe0,0x00,0x00,0x00,0x00,0xfe,0x07,0xe0,0x00,0x00,0x00,0x01,0xfe,
  0x0f,0xe0,0x00,0x00,0x00,0x03,0xff,0x0f,0xc0,0x00,0x00,0x00,0x03,0xff,0x1f,0xc0,0x00,0x00,0x00,0x03,0xff,0x3f,0x80,0x00,
  0x00,0x00,0x03,0xff,0xff,0x00,0x00,0x00,0x00,0x03,0xff,0xff,0x00,0x00,0x00,0x00,0x03,0xff,0xfe,0x00,0x00,0x00,0x00,0x01,
  0xff,0xfc,0x00,0x00,0x00,0x00,0x00,0xff,0xf8,0x00,0x00,0x00,0x00,0x00,0x7f,0xf0,0x00,0x00,0x00,0x00,0x00,0x1f,0xc0,0x00,
  0x00,0x00,0x00,0x03,0xff,0xff,0xff,0xff,0xf8,0x00,0x03,0xff,0xff,0xff,0xff,0xf8,0x00,0x03,0xff,0xff,0xff,0xff,0xf8,0x00,
  0x03,0xff,0xff,0xff,0xff,0xf8,0x00,0x03,0xff,0xff,0xff,0xff,0xf8,0x00,0x03,0xff,0xff,0xff,0xff,0xf8,0x00,0x03,0xff,0x00,
  0x00,0xff,0xf0,0x00,0x03,0xfc,0x00,0x01,0xff,0xf0,0x00,0x03,0xf8,0x00,0x01,0xff,0xe0,0x00,0x03,0xf8,0x00,0x03,0xff,0xc0,
  0x00,0x03,0xf0,0x00,0x07,0xff,0x80,0x00,0x03,0xf0,0x00,0x0f,0xff,0x80,0x00,0x07,0xe0,0x00,0x1f,0xff,0x00,0x00,0x07,0xe0,
  0x00,0x1f,0xfe,0x00,0x00,0x07,0xe0,0x00,0x3f,0xfc,0x00,0x00,0x07,0xe0,0x00,0x7f,0xfc,0x00,0x00,0x07,0xc0,0x00,0xff,0xf8,
  0x00,0x00,0x07,0xc0,0x00,0xff,0xf0,0x00,0x00,0x07,0xc0,0x01,0xff,0xf0,0x00,0x00,0x00,0x00,0x03,0xff,0xe0,0x00,0x00,0x00,
  0x00,0x07,0xff,0xc0,0x00,0x00,0x00,0x00,0x0f,0xff,0x80,0x00,0x00,0x00,0x00,0x0f,0xff,0x80,0x00,0x00,0x00,0x00,0x1f,0xff,
  0x00,0x00,0x00,0x00,0x00,0x3f,0xfe,0x00,0x00,0x00,0x00,0x00,0x7f,0xfc,0x00,0x00,0x00,0x00,0x00,0x7f,0xfc,0x00,0x00,0x00,
  0x00,0x00,0xff,0xf8,0x00,0x00,0x00,0x00,0x01,0xff,0xf0,0x00,0x00,0x00,0x00,0x03,0xff,0xe0,0x00,0x00,0x00,0x00,0x03,0xff,
  0xe0,0x00,0x3c,0x00,0x00,0x07,0xff,0xc0,0x00,0x7c,0x00,0x00,0x0f,0xff,0x80,0x00,0x7c,0x00,0x00,0x1f,0xff,0x00,0x00,0x7c,
  0x00,0x00,0x1f,0xff,0x00,0x00,0x7c,0x00,0x00,0x3f,0xfe,0x00,0x00,0xfc,0x00,0x00,0x7f,0xfc,0x00,0x00,0xfc,0x00,0x00,0xff,
  0xf8,0x00,0x00,0xfc,0x00,0x01,0xff,0xf8,0x00,0x01,0xfc,0x00,0x01,0xff,0xf0,0x00,0x01,0xfc,0x00,0x03,0xff,0xe0,0x00,0x03,
  0xfc,0x00,0x07,0xff,0xc0,0x00,0x07,0xfc,0x00,0x0f,0xff,0x80,0x00,0x1f,0xf8,0x00,0x0f,0xff,0xff,0xff,0xff,0xf8,0x00,0x0f,
  0xff,0xff,0xff,0xff,0xf8,0x00,0x0f,0xff,0xff,0xff,0xff,0xf8,0x00,0x0f,0xff,0xff,0xff,0xff,0xf8,0x00,0x0f,0xff,0xff,0xff,
  0xff,0xf8,0x00,0x0f,0xff,0xff,0xff,0xff,0xf8,0x00,0x00,0x00,0x00,0x7f,0xc0,0x00,0x00,0x07,0xff,0xc0,0x00,0x00,0x1f,0xff,
  0xc0,0x00,0x00,0x7f,0xff,0xc0,0x00,0x00,0xff,0xff,0xc0,0x00,0x01,0xff,0xff,0xc0,0x00,0x03,0xff,0xf0,0x00,0x00,0x03,0xff,
  0xc0,0x00,0x00,0x07,0xff,0x00,0x00,0x00,0x07,0xff,0x00,0x00,0x00,0x0f,0xfe,0x00,0x00,0x00,0x0f,0xfe,0x00,0x00,0x00,0x0f,
  0xfe,0x00,0x00,0x00,0x0f,0xfc,0x00,0x00,0x00,0x1f,0xfc,0x00,0x00,0x00,0x1f,0xfc,0x00,0x00,0x00,0x1f,0xfc,0x00,0x00,0x00,
  0x1f,0xfc,0x00,0x00,0x00,0x1f,0xfc,0x00,0x00,0x00,0x1f,0xfc,0x00,0x00,0x00,0x1f,0xfc,0x00,0x00,0x00,0x1f,0xfc,0x00,0x00,
  0x00,0x1f,0xfc,0x00,0x00,0x00,0x1f,0xfc,0x00,0x00,0x00,0x1f,0xfc,0x00,0x00,0x00,0x1f,0xfe,0x00,0x00,0x00,0x1f,0xfe,0x00,
  0x00,0x00,0x1f,0xfe,0x00,0x00,0x00,0x1f,0xfe,0x00,0x00,0x00,0x0f,0xfe,0x00,0x00,0x00,0x0f,0xfe,0x00,0x00,0x00,0x0f,0xfe,
  0x00,0x00,0x00,0x0f,0xfe,0x00,0x00,0x00,0x0f,0xfe,0x00,0x00,0x00,0x0f,0xfe,0x00,0x00,0x00,0x0f,0xfe,0x00,0x00,0x00,0x0f,
  0xfc,0x00,0x00,0x00,0x0f,0xfc,0x00,0x00,0x00,0x0f,0xfc,0x00,0x00,0x00,0x0f,0xf8,0x00,0x00,0x00,0x0f,0xf8,0x00,0x00,0x00,
  0x1f,0xf0,0x00,0x00,0x00,0x1f,0xf0,0x00,0x00,0x00,0x3f,0xe0,0x00,0x00,0x00,0xff,0xc0,0x00,0x00,0x7f,0xff,0x00,0x00,0x00,
  0xff,0xfc,0x00,0x00,0x00,0xff,0xf0,0x00,0x00,0x00,0xff,0xc0,0x00,0x00,0x00,0xff,0xfc,0x00,0x00,0x00,0xff,0xff,0x00,0x00,
  0x00,0x01,0xff,0x80,0x00,0x00,0x00,0x7f,0xc0,0x00,0x00,0x00,0x3f,0xe0,0x00,0x00,0x00,0x1f,0xf0,0x00,0x00,0x00,0x1f,0xf8,
  0x00,0x00,0x00,0x0f,0xf8,0x00,0x00,0x00,0x0f,0xfc,0x00,0x00,0x00,0x0f,0xfc,0x00,0x00,0x00,0x0f,0xfc,0x00,0x00,0x00,0x0f,
  0xfe,0x00,0x00,0x00,0x0f,0xfe,0x00,0x00,0x00,0x0f,0xfe,0x00,0x00,0x00,0x0f,0xfe,0x00,0x00,0x00,0x0f,0xfe,0x00,0x00,0x00,
  0x0f,0xfe,0x00,0x00,0x00,0x0f,0xfe,0x00,0x00,0x00,0x0f,0xfe,0x00,0x00,0x00,0x0f,0xfe,0x00,0x00,0x00,0x1f,0xfe,0x00,0x00,
  0x00,0x1f,0xfe,0x00,0x00,0x00,0x1f,0xfe,0x00,0x00,0x00,0x1f,0xfc,0x00,0x00,0x00,0x1f,0xfc,0x00,0x00,0x00,0x1f,0xfc,0x00,
  0x00,0x00,0x1f,0xfc,0x00,0x00,0x00,0x1f,0xfc,0x00,0x00,0x00,0x1f,0xfc,0x00,0x00,0x00,0x1f,0xfc,0x00,0x00,0x00,0x1f,0xfc,
  0x00,0x00,0x00,0x1f,0xfc,0x00,0x00,0x00,0x1f,0xfc,0x00,0x00,0x00,0x1f,0xfc,0x00,0x00,0x00,0x1f,0xfc,0x00,0x00,0x00,0x1f,
  0xfc,0x00,0x00,0x00,0x0f,0xfc,0x00,0x00,0x00,0x0f,0xfe,0x00,0x00,0x00,0x0f,0xfe,0x00,0x00,0x00,0x0f,0xfe,0x00,0x00,0x00,
  0x07,0xfe,0x00,0x00,0x00,0x07,0xff,0x00,0x00,0x00,0x03,0xff,0x80,0x00,0x00,0x03,0xff,0xc0,0x00,0x00,0x01,0xff,0xf0,0x00,
  0x00,0x00,0xff,0xff,0xc0,0x00,0x00,0x7f,0xff,0xc0,0x00,0x00,0x3f,0xff,0xc0,0x00,0x00,0x0f,0xff,0xc0,0x00,0x00,0x03,0xff,
  0xc0,0x00,0x00,0x00,0x7f,0xc0,0x01,0xff,0xc0,0x01,0xff,0xc0,0x01,0xff,0xc0,0x01,0xff,0xc0,0x01,0xff,0xc0,0x01,0xff,0xc0,
  0x01,0xff,0xc0,0x01,0xff,0xc0,0x01,0xff,0xc0,0x01,0xff,0xc0,0x01,0xff,0xc0,0x01,0xff,0xc0,0x01,0xff,0xc0,0x01,0xff,0xc0,
  0x01,0xff,0xc0,0x01,0xff,0xc0,0x01,0xff,0xc0,0x01,0xff,0xc0,0x01,0xff,0xc0,0x01,0xff,0xc0,0x01,0xff,0xc0,0x01,0xff,0xc0,
  0x01,0xff,0xc0,0x01,0xff,0xc0,0x01,0xff,0xc0,0x01,0xff,0xc0,0x01,0xff,0xc0,0x01,0xff,0xc0,0x01,0xff,0xc0,0x01,0xff,0xc0,
  0x01,0xff,0xc0,0x01,0xff,0xc0,0x01,0xff,0xc0,0x01,0xff,0xc0,0x01,0xff,0xc0,0x01,0xff,0xc0,0x01,0xff,0xc0,0x01,0xff,0xc0,
  0x01,0xff,0xc0,0x01,0xff,0xc0,0x01,0xff,0xc0,0x01,0xff,0xc0,0x01,0xff,0xc0,0x01,0xff,0xc0,0x01,0xff,0xc0,0x01,0xff,0xc0,
  0x01,0xff,0xc0,0x01,0xff,0xc0,0x01,0xff,0xc0,0x01,0xff,0xc0,0x01,0xff,0xc0,0x01,0xff,0xc0,0x01,0xff,0xc0,0x01,0xff,0xc0,
  0x01,0xff,0xc0,0x01,0xff,0xc0,0x01,0xff,0xc0,0x01,0xff,0xc0,0x01,0xff,0xc0,0x01,0xff,0xc0,0x01,0xff,0xc0,0x01,0xff,0xc0,
  0x01,0xff,0xc0,0x01,0xff,0xc0,0x01,0xff,0xc0,0x01,0xff,0xc0,0x01,0xff,0xc0,0x01,0xff,0xc0,0x01,0xff,0xc0,0x01,0xff,0xc0,
  0x01,0xff,0xc0,0x01,0xff,0xc0,0x01,0xff,0xc0,0x01,0xff,0xc0,0x01,0xff,0xc0,0x01,0xff,0xc0,0x01,0xff,0xc0,0x01,0xff,0xc0,
  0x01,0xff,0xc0,0x01,0xff,0xc0,0x01,0xff,0xc0,0x01,0xff,0xc0,0x01,0xff,0xc0,0x01,0xff,0xc0,0x01,0xff,0xc0,0x01,0xff,0xc0,
  0x01,0xff,0xc0,0x01,0xff,0xc0,0x01,0xff,0xc0,0x01,0xff,0xc0,0x01,0xff,0xc0,0x01,0xff,0xc0,0x01,0xff,0xc0,0x01,0xff,0xc0,
  0x01,0xff,0xc0,0x01,0xff,0xc0,0x01,0xff,0xc0,0x01,0xff,0xc0,0x01,0xff,0xc0,0x01,0xff,0xc0,0xff,0x80,0x00,0x00,0x00,0xff,
  0xf8,0x00,0x00,0x00,0xff,0xfe,0x00,0x00,0x00,0xff,0xff,0x80,0x00,0x00,0xff,0xff,0xc0,0x00,0x00,0x7f,0xff,0xe0,0x00,0x00,
  0x03,0xff,0xf0,0x00,0x00,0x00,0x7f,0xf0,0x00,0x00,0x00,0x3f,0xf8,0x00,0x00,0x00,0x3f,0xf8,0x00,0x00,0x00,0x1f,0xfc,0x00,
  0x00,0x00,0x1f,0xfc,0x00,0x00,0x00,0x1f,0xfc,0x00,0x00,0x00,0x0f,0xfc,0x00,0x00,0x00,0x0f,0xfe,0x00,0x00,0x00,0x0f,0xfe,
  0x00,0x00,0x00,0x0f,0xfe,0x00,0x00,0x00,0x0f,0xfe,0x00,0x00,0x00,0x0f,0xfe,0x00,0x00,0x00,0x0f,0xfe,0x00,0x00,0x00,0x0f,
  0xfe,0x00,0x00,0x00,0x0f,0xfe,0x00,0x00,0x00,0x0f,0xfe,0x00,0x00,0x00,0x0f,0xfe,0x00,0x00,0x00,0x0f,0xfe,0x00,0x00,0x00,
  0x1f,0xfe,0x00,0x00,0x00,0x1f,0xfe,0x00,0x00,0x00,0x1f,0xfe,0x00,0x00,0x00,0x1f,0xfc,0x00,0x00,0x00,0x1f,0xfc,0x00,0x00,
  0x00,0x1f,0xfc,0x00,0x00,0x00,0x1f,0xfc,0x00,0x00,0x00,0x1f,0xfc,0x00,0x00,0x00,0x1f,0xfc,0x00,0x00,0x00,0x1f,0xfc,0x00,
  0x00,0x00,0x1f,0xfc,0x00,0x00,0x00,0x1f,0xfc,0x00,0x00,0x00,0x0f,0xfc,0x00,0x00,0x00,0x0f,0xfc,0x00,0x00,0x00,0x0f,0xfc,
  0x00,0x00,0x00,0x07,0xfe,0x00,0x00,0x00,0x07,0xfe,0x00,0x00,0x00,0x03,0xfe,0x00,0x00,0x00,0x01,0xff,0x00,0x00,0x00,0x00,
  0xff,0xc0,0x00,0x00,0x00,0x3f,0xff,0xc0,0x00,0x00,0x0f,0xff,0xc0,0x00,0x00,0x03,0xff,0xc0,0x00,0x00,0x00,0xff,0xc0,0x00,
  0x00,0x07,0xff,0xc0,0x00,0x00,0x1f,0xff,0xc0,0x00,0x00,0x7f,0xe0,0x00,0x00,0x00,0xff,0x80,0x00,0x00,0x01,0xff,0x00,0x00,
  0x00,0x03,0xfe,0x00,0x00,0x00,0x07,0xfe,0x00,0x00,0x00,0x07,0xfc,0x00,0x00,0x00,0x0f,0xfc,0x00,0x00,0x00,0x0f,0xfc,0x00,
  0x00,0x00,0x0f,0xfc,0x00,0x00,0x00,0x1f,0xfc,0x00,0x00,0x00,0x1f,0xfc,0x00,0x00,0x00,0x1f,0xfc,0x00,0x00,0x00,0x1f,0xfc,
  0x00,0x00,0x00,0x1f,0xfc,0x00,0x00,0x00,0x1f,0xfc,0x00,0x00,0x00,0x1f,0xfc,0x00,0x00,0x00,0x1f,0xfc,0x00,0x00,0x00,0x1f,
  0xfc,0x00,0x00,0x00,0x1f,0xfc,0x00,0x00,0x00,0x1f,0xfe,0x00,0x00,0x00,0x1f,0xfe,0x00,0x00,0x00,0x1f,0xfe,0x00,0x00,0x00,
  0x0f,0xfe,0x00,0x00,0x00,0x0f,0xfe,0x00,0x00,0x00,0x0f,0xfe,0x00,0x00,0x00,0x0f,0xfe,0x00,0x00,0x00,0x0f,0xfe,0x00,0x00,
  0x00,0x0f,0xfe,0x00,0x00,0x00,0x0f,0xfe,0x00,0x00,0x00,0x0f,0xfe,0x00,0x00,0x00,0x0f,0xfe,0x00,0x00,0x00,0x0f,0xfe,0x00,
  0x00,0x00,0x0f,0xfe,0x00,0x00,0x00,0x0f,0xfe,0x00,0x00,0x00,0x0f,0xfc,0x00,0x00,0x00,0x1f,0xfc,0x00,0x00,0x00,0x1f,0xfc,
  0x00,0x00,0x00,0x1f,0xfc,0x00,0x00,0x00,0x1f,0xf8,0x00,0x00,0x00,0x3f,0xf8,0x00,0x00,0x00,0x7f,0xf0,0x00,0x00,0x00,0xff,
  0xf0,0x00,0x00,0x03,0xff,0xe0,0x00,0x00,0x7f,0xff,0xc0,0x00,0x00,0xff,0xff,0x80,0x00,0x00,0xff,0xff,0x00,0x00,0x00,0xff,
  0xfe,0x00,0x00,0x00,0xff,0xf8,0x00,0x00,0x00,0xff,0x80,0x00,0x00,0x00,0x00,0x0f,0xf8,0x00,0x00,0x00,0x00,0x00,0x7f,0xfe,
  0x00,0x00,0x00,0x00,0x00,0xff,0xff,0x80,0x00,0x00,0x00,0x03,0xff,0xff,0xe0,0x00,0x02,0x00,0x07,0xff,0xff,0xf0,0x00,0x06,
  0x00,0x0f,0xff,0xff,0xfc,0x00,0x1e,0x00,0x0f,0xff,0xff,0xff,0x00,0xfe,0x00,0x0f,0xff,0xff,0xff,0xff,0xfe,0x00,0x0f,0xff,
  0xff,0xff,0xff,0xfe,0x00,0x0f,0xff,0xff,0xff,0xff,0xfe,0x00,0x0f,0xf0,0x1f,0xff,0xff,0xfe,0x00,0x0f,0x80,0x07,0xff,0xff,
  0xfe,0x00,0x0e,0x00,0x01,0xff,0xff,0xfe,0x00,0x0c,0x00,0x00,0x7f,0xff,0xfc,0x00,0x00,0x00,0x00,0x3f,0xff,0xf0,0x00,0x00,
  0x00,0x00,0x0f,0xff,0xe0,0x00,0x00,0x00,0x00,0x03,0xff,0x80,0x00,0x00,0x00,0x00,0x00,0x00,0x00,0x00,0x00,0x00,0x00,0x00,
  0x00,0x00,0x00,0x00,0x00,0x00,0x00,0x00,0x00,0x00,0x00,0x00,0x00,0x00,0x00,0x00,0x00,0x00,0x00,0x00,0x00,0x00,0x00,0x00,
  0x00,0x00,0x00,0x00,0x00,0x00,0x00,0x00,0x00,0x00,0x00,0x00,0x00,0x00,0x00,0x00,0x00,0x00,0x00,0x00,0x00,0x00,0x00,0x00,
  0x00,0x00,0x00,0x00,0x00,0x00,0x00,0x00,0x00,0x00,0x00,0x00,0x00,0x00,0x00,0x00,0x00,0x00,0x00,0x00,0x00,0x00,0x00,0x00,
  0x00,0x00,0x00,0x00,0x00,0x00,0x00,0x00,0x00,0x00,0x00,0x00,0x00,0x00,0x00,0x00,0x00,0x00,0x00,0x00,0x00,0x00,0x00,0x00,
  0x00,0x00,0x00,0x00,0x00,0x00,0x00,0x00,0x00,0x00,0x00,0x00,0x00,0x00,0x00,0x00,0x00,0x00,0x00,0x00,0x00,0x00,0x00,0x00,
  0x00,0x00,0x00,0x00,0x00,0x00,0x00,0x00,0x00,0x00,0x00,0x00,0x00,0x00,0x00,0x00,0x00,0x00,0xfc,0x00,0x00,0x00,0x0f,0xff,
  0x80,0x00,0x00,0x1f,0xff,0xe0,0x00,0x00,0x7f,0xff,0xf8,0x00,0x00,0xff,0xff,0xfc,0x00,0x01,0xff,0xff,0xfe,0x00,0x03,0xff,
  0x07,0xfe,0x00,0x07,0xfc,0x01,0xff,0x00,0x07,0xf8,0x00,0xff,0x80,0x0f,0xf0,0x00,0x7f,0x80,0x0f,0xe0,0x00,0x3f,0x80,0x0f,
  0xe0,0x00,0x3f,0xc0,0x1f,0xc0,0x00,0x1f,0xc0,0x1f,0xc0,0x00,0x1f,0xc0,0x1f,0xc0,0x00,0x1f,0xc0,0x1f,0xc0,0x00,0x1f,0xc0,
  0x1f,0xc0,0x00,0x1f,0xc0,0x1f,0xc0,0x00,0x1f,0xc0,0x1f,0xc0,0x00,0x1f,0xc0,0x1f,0xe0,0x00,0x3f,0x80,0x0f,0xe0,0x00,0x3f,
  0x80,0x0f,0xf0,0x00,0x7f,0x80,0x07,0xf8,0x00,0xff,0x00,0x07,0xfc,0x01,0xff,0x00,0x03,0xfe,0x03,0xfe,0x00,0x03,0xff,0xff,
  0xfc,0x00,0x01,0xff,0xff,0xf8,0x00,0x00,0xff,0xff,0xf0,0x00,0x00,0x3f,0xff,0xe0,0x00,0x00,0x1f,0xff,0x80,0x00,0x00,0x03,
  0xfc,0x00,0x00,0x00,0x00,0x00,0x00,0x00,0x00,0x00,0x00,0x00,0x00,0x00,0x00,0x00,0x00,0x00,0x00,0x00,0x00,0x00,0x00,0x00,
  0x00,0x00,0x00,0x00,0x00,0x00,0x00,0x00,0x00,0x00,0x00,0x00,0x00,0x00,0x00,0x00,0x00,0x00,0x00,0x00,0x00,0x00,0x00,0x00,
  0x00,0x00,0x00,0x00,0x00,0x00,0x00,0x00,0x00,0x00,0x00,0x00,0x00,0x00,0x00,0x00,0x00,0x00,0x00,0x00,0x00,0x00,0x00,0x00,
  0x00,0x00,0x00,0x00,0x00,0x00,0x00,0x00,0x00,0x00,0x00,0x00,0x00,0x00,0x00,0x00,0x00,0x00,0x00,0x00,0x00,0x00,0x00,0x00,
  0x00,0x00,0x00,0x00,0x00,0x00,0x00,0x00,0x00,0x00,0x00,0x00,0x00,0x00,0x00,0x00,0x00,0x00,0x00,0x00,0x00,0x00,0x00,0x00,
  0x00,0x00,0x00,0x00,0x00,0x00,0x00,0x00,0x00,0x00,0x00,0x00,0x00,0x00,0x00,0x00,0x00,0x00,0x00,0x00,0x00,0x00,0x00,0x00,
  0x00,0x00,0x00,0x00,0x00,0x00,0x00,0x00,0x00,0x00,0x00,0x00,0x00,0x00,0x00,0x00,0x00,0x00,0x00,0x00,0x00,0x00,0x00,0x00,
  0x00,0x00,0x00,0x00,0x00,0x00,0x00,0x00,0x00,0x00,0x00,0x00,0x00,0x00,0x00,0x00,0x00,0x00,0x00,0x00,0x00,0x00,0x00,0x00,
  0x00,0x00,0x00,0x00,0x00,0x00,0x00,0x7c,0x00,0x00,0xfe,0x00,0x01,0xff,0x00,0x03,0xff,0x80,0x07,0xff,0x80,0x07,0xff,0xc0,
  0x07,0xff,0xc0,0x07,0xff,0xc0,0x07,0xff,0xc0,0x07,0xff,0x80,0x03,0xff,0x80,0x03,0xff,0x00,0x01,0xfe,0x00,0x00,0x7c,0x00,
  0x00,0x00,0x00,0x00,0x00,0x00,0x00,0x00,0x00,0x00,0x00,0x00,0x00,0x00,0x00,0x00,0x00,0x00,0x00,0x00,0x00,0x00,0x00,0x00,
  0x00,0x00,0x00,0x00,0x00,0x00,0x00,0x00,0x00,0x00,0x00,0x00,0x00,0x00,0x00,0x00,0x00,0x00,0x00,0x00,0x00,0x00,0x00,0x00,
  0x00,0x00,0x00,0x00,0x00,0x00,0x00,0x00,0x00,0x00,0x00,0x00,0x00,0x00,0x00,0x00,0x00,0x00,0x00,0x00,0x00,0x00,0x00,0x00,
  0x00,0x00,0x00,0x00,0x00,0x00,0x00,0x00,0x00,0x00,0x00,0x00,0x00,0x00,0x0c,0x00,0x00,0x06,0x00,0x00,0x00,0x1e,0x00,0x00,
  0x0f,0x00,0x00,0x00,0x3f,0x00,0x00,0x1f,0x80,0x00,0x00,0x7f,0x80,0x00,0x3f,0xc0,0x00,0x00,0x7f,0xc0,0x00,0x7f,0xe0,0x00,
  0x00,0x3f,0xe0,0x00,0xff,0xc0,0x00,0x00,0x1f,0xf0,0x01,0xff,0x80,0x00,0x00,0x1f,0xf8,0x03,0xff,0x00,0x00,0x00,0x0f,0xfc,
  0x07,0xfe,0x00,0x00,0x00,0x07,0xfe,0x0f,0xfc,0x00,0x00,0x00,0x03,0xff,0x1f,0xf8,0x00,0x00,0x00,0x01,0xff,0xbf,0xf0,0x00,
  0x00,0x00,0x00,0xff,0xff,0xe0,0x00,0x00,0x00,0x00,0x7f,0xff,0xc0,0x00,0x00,0x00,0x00,0x3f,0xff,0x80,0x00,0x00,0x00,0x00,
  0x1f,0xff,0x00,0x00,0x00,0x00,0x00,0x0f,0xfe,0x00,0x00,0x00,0x00,0x00,0x0f,0xfe,0x00,0x00,0x00,0x00,0x00,0x1f,0xff,0x00,
  0x00,0x00,0x00,0x00,0x3f,0xff,0x80,0x00,0x00,0x00,0x00,0x7f,0xff,0xc0,0x00,0x00,0x00,0x00,0xff,0xff,0xe0,0x00,0x00,0x00,
  0x01,0xff,0xbf,0xf0,0x00,0x00,0x00,0x03,0xff,0x1f,0xf8,0x00,0x00,0x00,0x03,0xfe,0x0f,0xfc,0x00,0x00,0x00,0x07,0xfc,0x07,
  0xfe,0x00,0x00,0x00,0x0f,0xf8,0x03,0xff,0x00,0x00,0x00,0x1f,0xf0,0x01,0xff,0x80,0x00,0x00,0x3f,0xe0,0x00,0xff,0xc0,0x00,
  0x00,0x7f,0xc0,0x00,0x7f,0xe0,0x00,0x00,0xff,0x80,0x00,0x3f,0xc0,0x00,0x00,0x7f,0x00,0x00,0x1f,0x80,0x00,0x00,0x3e,0x00,
  0x00,0x0f,0x00,0x00,0x00,0x1c,0x00,0x00,0x07,0x00,0x00,0x00,0x00,0x00,0x00,0x00,0x00,0x00,0x00,0x00,0x00,0x00,0x00,0x00,
  0x00,0x00,0x00,0x00,0x00,0x00,0x00,0x00,0x00,0x00,0x00,0x00,0x00,0x00,0x00,0x00,0x00,0x00,0x00,0x00,0x00,0x00,0x00,0x00,
  0x00,0x00,0x00,0x00,0x00,0x00,0x00,0x00,0x00,0x00,0x00,0x00,0x00,0x00,0x00,0x00,0x00,0x00,0x00,0x00,0x00,0x00,0x00,0x00,
  0x00,0x00,0x00,0x00,0x00,0x00,0x00,0x00,0x00,0x00,0x00,0x00,0x00,0x00,0x00,0x00,0x00,0x00,0x00,0x00,0x00,0x00,0x00,0x00,
  0x00,0x00,0x00,0x00,0x00,0x00,0x00,0x00,0x00,0x00,0x00,0x00,0x00,0x00,0x00,0x00,0x00,0x00,0x00,0x00,0x00,0x00,0x00,0x00,
  0x00,0x00,0x00,0x00,0x00,0x00,0x00,0x00,0x00,0x00,0x00,0x00,0x00,0x00,0x00,0x00,0x00,0x00,0x00,0x00,0x07,0x80,0x00,0x00,
  0x00,0x00,0x00,0x1f,0xc0,0x00,0x00,0x00,0x00,0x00,0x3f,0xe0,0x00,0x00,0x00,0x00,0x00,0x3f,0xe0,0x00,0x00,0x00,0x00,0x00,
  0x7f,0xe0,0x00,0x00,0x00,0x00,0x00,0x7f,0xe0,0x00,0x00,0x00,0x00,0x00,0xff,0xe0,0x00,0x00,0x00,0x00,0x01,0xff,0xe0,0x00,
  0x00,0x00,0x00,0x01,0xff,0xc0,0x00,0x00,0x00,0x00,0x03,0xff,0x80,0x00,0x00,0x00,0x00,0x03,0xff,0x00,0x00,0x00,0x00,0x00,
  0x07,0xfe,0x00,0x00,0x00,0x00,0x00,0x0f,0xfc,0x00,0x00,0x00,0x00,0x00,0x0f,0xf8,0x00,0x00,0x00,0x00,0x00,0x1f,0xf0,0x00,
  0x00,0x00,0x00,0x00,0x1f,0xe0,0x00,0x00,0x00,0x00,0x00,0x3f,0xc0,0x00,0x00,0x00,0x00,0x00,0x1f,0x00,0x00,0x00,0x00,0x00,
  0x00,0x0e,0x00,0x00,0x00,0x00,0x00,0x00,0x04,0x00,0x00,0x00,0x00,0x00,0x00,0x00,0x00,0x00,0x00,0x00,0x00,0x00,0x00,0x00,
  0x00,0x00,0x00,0x00,0x00,0x00,0x00,0x00,0x00,0x00,0x00,0x00,0x00,0x00,0x00,0x00,0x00,0x00,0x00,0x00,0x00,0x00,0x00,0x00,
  0x00,0x00,0x01,0xfe,0x00,0x00,0x00,0x00,0x00,0x1f,0xff,0xe0,0x00,0x00,0x00,0x00,0x7f,0xff,0xf8,0x00,0x00,0x00,0x01,0xff,
  0xff,0xfe,0x00,0x00,0x00,0x03,0xff,0xff,0xff,0x00,0x00,0x00,0x0f,0xff,0xff,0xff,0xc0,0x00,0x00,0x1f,0xff,0x03,0xff,0xc0,
  0x00,0x00,0x3f,0xfc,0x00,0xff,0xe0,0x00,0x00,0x7f,0xf8,0x00,0x7f,0xf0,0x00,0x00,0xff,0xf0,0x00,0x3f,0xf8,0x00,0x00,0xff,
  0xe0,0x00,0x1f,0xf8,0x00,0x01,0xff,0xc0,0x00,0x1f,0xfc,0x00,0x01,0xff,0xc0,0x00,0x1f,0xfc,0x00,0x03,0xff,0x80,0x00,0x0f,
  0xfc,0x00,0x03,0xff,0x80,0x00,0x0f,0xfe,0x00,0x07,0xff,0x80,0x00,0x0f,0xfe,0x00,0x07,0xff,0x00,0x00,0x0f,0xfe,0x00,0x0f,
  0xff,0x00,0x00,0x0f,0xfe,0x00,0x0f,0xff,0xff,0xff,0xff,0xff,0x00,0x0f,0xff,0xff,0xff,0xff,0xff,0x00,0x0f,0xff,0xff,0xff,
  0xff,0xff,0x00,0x1f,0xff,0xff,0xff,0xff,0xff,0x00,0x1f,0xff,0xff,0xff,0xff,0xff,0x00,0x1f,0xff,0xff,0xff,0xff,0xff,0x00,
  0x1f,0xff,0x00,0x00,0x00,0x00,0x00,0x1f,0xff,0x00,0x00,0x00,0x00,0x00,0x1f,0xff,0x00,0x00,0x00,0x00,0x00,0x1f,0xff,0x00,
  0x00,0x00,0x00,0x00,0x1f,0xff,0x00,0x00,0x00,0x00,0x00,0x1f,0xff,0x00,0x00,0x00,0x00,0x00,0x1f,0xff,0x00,0x00,0x00,0x00,
  0x00,0x1f,0xff,0x00,0x00,0x00,0x00,0x00,0x0f,0xff,0x00,0x00,0x00,0x00,0x00,0x0f,0xff,0x80,0x00,0x00,0x00,0x00,0x0f,0xff,
  0x80,0x00,0x00,0x00,0x00,0x0f,0xff,0x80,0x00,0x00,0x00,0x00,0x07,0xff,0xc0,0x00,0x00,0x00,0x00,0x07,0xff,0xc0,0x00,0x00,
  0x00,0x00,0x07,0xff,0xe0,0x00,0x00,0x0c,0x00,0x03,0xff,0xe0,0x00,0x00,0x1e,0x00,0x03,0xff,0xf0,0x00,0x00,0x3f,0x00,0x01,
  0xff,0xf8,0x00,0x00,0xff,0x00,0x00,0xff,0xfc,0x00,0x01,0xfe,0x00,0x00,0xff,0xfe,0x00,0x07,0xfc,0x00,0x00,0x7f,0xff,0xc0,
  0x3f,0xf8,0x00,0x00,0x3f,0xff,0xff,0xff,0xf0,0x00,0x00,0x1f,0xff,0xff,0xff,0xe0,0x00,0x00,0x0f,0xff,0xff,0xff,0xc0,0x00,
  0x00,0x03,0xff,0xff,0xff,0x00,0x00,0x00,0x00,0xff,0xff,0xfc,0x00,0x00,0x00,0x00,0x3f,0xff,0xf0,0x00,0x00,0x00,0x00,0x03,
  0xff,0x00,0x00,0x00,0x07,0xff,0xff,0xff,0xff,0xff,0x80,0x07,0xff,0xff,0xff,0xff,0xff,0x80,0x07,0xff,0xff,0xff,0xff,0xff,
  0x80,0x07,0xff,0xff,0xff,0xff,0xff,0x80,0x07,0xff,0xff,0xff,0xff,0xff,0x80,0x07,0xff,0xff,0xff,0xff,0xff,0x80,0x07,0xff,
  0xff,0xff,0xff,0xff,0x80,0x07,0xff,0xff,0xff,0xff,0xff,0x80,0x07,0xff,0xff,0xff,0xff,0xff,0x80,0x00,0x00,0x00,0x00,0x00,
  0x00,0x00,0x00,0x00,0x00,0x00,0x00,0x00,0x00,0x00,0x00,0x00,0x00,0x00,0x00,0x00,0x00,0x00,0x00,0x00,0x00,0x00,0x00,0x00,
  0x00,0x00,0x00,0x00,0x00,0x00,0x00,0x00,0x00,0x00,0x00,0x00,0x00,0x00,0x00,0x00,0x00,0x00,0x00,0x00,0x00,0x00,0x00,0x00,
  0x00,0x00,0x00,0x00,0x00,0x00,0x00,0x00,0x00,0x00,0x00,0x00,0x00,0x00,0x00,0x00,0x00,0x00,0x00,0x00,0x00,0x00,0x00,0x00,
  0x00,0x00,0x00,0x00,0x00,0x00,0x00,0x00,0x00,0x00,0x00,0x00,0x00,0x00,0x00,0x00,0x00,0x00,0x00,0x00,0x00,0x00,0x00,0x00,
  0x00,0x00,0x00,0x00,0x00,0x00,0x00,0x00,0x00,0x00,0x00,0x00,0x00,0x00,0x00,0x00,0x00,0x00,0x00,0x00,0x00,0x00,0x00,0x00,
  0x00,0x00,0x00,0x00,0x00,0x00,0x00,0x00,0x00,0x00,0x00,0x00,0x00,0x00,0x00,0x00,0x00,0x00,0x00,0x00,0x00,0x00,0x00,0x00,
  0x00,0x00,0x00,0x00,0x00,0x00,0x00,0x00,0x00,0x00,0x00,0x00,0x00,0x00,0x00,0x00,0x00,0x00,0x00,0x00,0x00,0x00,0x00,0x00,
  0x00,0x00,0x00,0x00,0x00,0x00,0x00,0x00,0x00,0x07,0xff,0xff,0xff,0xff,0xff,0xff,0xff,0xff,0xe0,0x00,0x07,0xff,0xff,0xff,
  0xff,0xff,0xff,0xff,0xff,0xe0,0x00,0x07,0xff,0xff,0xff,0xff,0xff,0xff,0xff,0xff,0xe0,0x00,0x07,0xff,0xff,0xff,0xff,0xff,
  0xff,0xff,0xff,0xe0,0x00,0x07,0xff,0xff,0xff,0xff,0xff,0xff,0xff,0xff,0xe0,0x00,0x07,0xff,0xff,0xff,0xff,0xff,0xff,0xff,
  0xff,0xe0,0x00,0x07,0xff,0xff,0xff,0xff,0xff,0xff,0xff,0xff,0xe0,0x00,0x07,0xff,0xff,0xff,0xff,0xff,0xff,0xff,0xff,0xe0,
  0x00,0x07,0xff,0xff,0xff,0xff,0xff,0xff,0xff,0xff,0xe0,0x00,0x00,0x00,0x00,0x00,0x00,0x00,0x00,0x00,0x00,0x00,0x00,0x00,
  0x00,0x00,0x00,0x00,0x00,0x00,0x00,0x00,0x00,0x00,0x00,0x00,0x00,0x00,0x00,0x00,0x00,0x00,0x00,0x00,0x00,0x00,0x00,0x00,
  0x00,0x00,0x00,0x00,0x00,0x00,0x00,0x00,0x00,0x00,0x00,0x00,0x00,0x00,0x00,0x00,0x00,0x00,0x00,0x00,0x00,0x00,0x00,0x00,
  0x00,0x00,0x00,0x00,0x00,0x00,0x00,0x00,0x00,0x00,0x00,0x00,0x00,0x00,0x00,0x00,0x00,0x00,0x00,0x00,0x00,0x00,0x00,0x00,
  0x00,0x00,0x00,0x00,0x00,0x00,0x00,0x00,0x00,0x00,0x00,0x00,0x00,0x00,0x00,0x00,0x00,0x00,0x00,0x00,0x00,0x00,0x00,0x00,
  0x00,0x00,0x00,0x00,0x00,0x00,0x00,0x00,0x00,0x00,0x00,0x00,0x00,0x00,0x00,0x00,0x00,0x00,0x00,0x00,0x00,0x00,0x00,0x00,
  0x00,0x00,0x00,0x00,0x00,0x00,0x00,0x00,0x00,0x00,0x00,0x00,0x00,0x00,0x00,0x00,0x00,0x00,0x00,0x00,0x00,0x00,0x00,0x00,
  0x00,0x00,0x00,0x00,0x00,0x00,0x00,0x00,0x00,0x00,0x00,0x00,0x00,0x00,0x00,0x00,0x00,0x00,0x00,0x00,0x00,0x00,0x00,0x00,
  0x00,0x00,0x00,0x00,0x00,0x00,0x00,0x00,0x00,0x00,0x00,0x00,0x00,0x00,0x00,0x00,0x00,0x00,0x00,0x00,0x00,0x00,0x00,0x00,
  0x00,0x00,0x00,0x00,0x00,0x00,0x00,0x00,0x00,0x00,0x00,0x00,0x00,0x00,0x00,0x00,0x00,0x00,0x00,0x00,0x00,0x00,0x00,0x00,
  0x00,0x00,0x00,0x00,0x00,0x00,0x00,0x00,0x00,0x00,0x00,0x00,0x00,0x00,0x00,0x00,0x00,0x00,0x00,0x00,0x00,0x00,0x00,0x00,
  0x00,0x00,0x00,0x00,0x00,0x00,0x00,0x00,0x00,0x00,0x00,0x00,0x00,0x00,0x00,0x00,0x00,0x00,0x00,0x00,0x00,0x00,0x00,0x00,
  0x00,0x00,0x00,0x00,0x00,0x00,0x00,0x00,0x00,0x00,0x00,0x00,0x00,0x00,0x0c,0x00,0x00,0x1e,0x00,0x00,0x3f,0x00,0x00,0x3e,
  0x00,0x00,0x7c,0x00,0x00,0xfc,0x00,0x00,0xf8,0x00,0x01,0xf8,0x00,0x01,0xf0,0x00,0x03,0xf0,0x00,0x03,0xf0,0x00,0x03,0xe0,
  0x00,0x07,0xe0,0x00,0x07,0xe0,0x00,0x07,0xe0,0x00,0x07,0xe0,0x00,0x0f,0xe0,0x00,0x0f,0xfe,0x00,0x0f,0xff,0x80,0x0f,0xff,
  0xc0,0x0f,0xff,0xe0,0x0f,0xff,0xe0,0x0f,0xff,0xe0,0x0f,0xff,0xe0,0x07,0xff,0xe0,0x07,0xff,0xe0,0x03,0xff,0xc0,0x03,0xff,
  0xc0,0x00,0xff,0x80,0x00,0x7e,0x00,0x00,0x00,0x00,0x00,0x00,0x00,0x00,0x00,0x00,0x00,0x00,0x00,0x00,0x00,0x00,0x00,0x00,
  0x00,0x00,0x00,0x00,0x00,0x00,0x00,0x00,0x00,0x00,0x00,0x00,0x00,0x00,0x00,0x00,0x00,0x00,0x00,0x00,0x00,0x00,0x00,0x00,
  0x00,0x00,0x00,0x00,0x00,0x00,0x00,0x00,0x00,0x00,0x00,0x00,0x00,0x00,0x00,0x00,0x00,0x00,0x00,0x00,0x00,0x00,0x00,0x00,
  0x00,0x00,0x00,0x00,0x00,0x00,0x00,0x00,0x00,0x00,0x00,0x00,0x00,0x00,0x00,0x00,0x00,0x00,0x00,0x00,0x00,0x00,0x00,0x00,
  0x00,0x00,0x00,0x00,0x00,0x00,0x00,0x00,0x00,0x00,0x00,0x00,0x00,0x00,0x00,0x00,0x00,0x00,0x00,0x00,0x00,0x00,0x00,0x00,
  0x00,0x00,0x00,0x00,0x00,0x00,0x00,0x00,0x00,0x00,0x00,0x00,0x00,0x00,0x00,0x00,0x00,0x00,0x00,0x03,0xf0,0x00,0x0f,0xf8,
  0x00,0x1f,0xfe,0x00,0x1f,0xfe,0x00,0x3f,0xff,0x00,0x3f,0xff,0x00,0x3f,0xff,0x80,0x3f,0xff,0x80,0x3f,0xff,0x80,0x3f,0xff,
  0x80,0x1f,0xff,0x80,0x0f,0xff,0x80,0x03,0xff,0x80,0x00,0x3f,0x80,0x00,0x3f,0x00,0x00,0x3f,0x00,0x00,0x3f,0x00,0x00,0x3f,
  0x00,0x00,0x7e,0x00,0x00,0x7e,0x00,0x00,0x7e,0x00,0x00,0xfc,0x00,0x00,0xfc,0x00,0x00,0xf8,0x00,0x01,0xf8,0x00,0x01,0xf0,
  0x00,0x03,0xe0,0x00,0x07,0xe0,0x00,0x03,0xc0,0x00,0x01,0x80,0x00,0x00,0x00,0x00,0x00,0x00,0x00,0x00,0x00,0x00,0x00,0x00,
  0x00,0x00,0x00,0x00,0x00,0x00,0x00,0x00,0x00,0x00,0x00,0x00,0x00,0x00,0x00,0x00,0x00,0x00,0x00,0x00,0x00,0x00,0x00,0x00,
  0x00,0x00,0x00,0x00,0x00,0x00,0x00,0x00,0x00,0x00,0x00,0x00,0x00,0x00,0x00,0x00,0x00,0x00,0x00,0x00,0x00,0x00,0x00,0x00,
  0x00,0x00,0x00,0x00,0x00,0x00,0x00,0x00,0x00,0x00,0x00,0x00,0x00,0x00,0x00,0x00,0x00,0x00,0x00,0x00,0x00,0x00,0x00,0x00,
  0x00,0x00,0x00,0x00,0x00,0x00,0x00,0x00,0x00,0x00,0x00,0x00,0x00,0x00,0x00,0x00,0x00,0x00,0x00,0x00,0x00,0x00,0x00,0x00,
  0x00,0x00,0x00,0x00,0x00,0x00,0x00,0x00,0x00,0x00,0x00,0x00,0x00,0x00,0x00,0x00,0x00,0x00,0x00,0x00,0x00,0x00,0x00,0x00,
  0x00,0x00,0x00,0x00,0x00,0x00,0x00,0x0c,0x00,0x03,0x00,0x00,0x1e,0x00,0x07,0x80,0x00,0x3f,0x00,0x0f,0xc0,0x00,0x3e,0x00,
  0x0f,0x80,0x00,0x7c,0x00,0x1f,0x00,0x00,0xfc,0x00,0x3f,0x00,0x00,0xf8,0x00,0x3e,0x00,0x01,0xf8,0x00,0x7e,0x00,0x01,0xf0,
  0x00,0x7c,0x00,0x03,0xf0,0x00,0xfc,0x00,0x03,0xf0,0x00,0xfc,0x00,0x03,0xe0,0x00,0xf8,0x00,0x07,0xe0,0x01,0xf8,0x00,0x07,
  0xe0,0x01,0xf8,0x00,0x07,0xe0,0x01,0xf8,0x00,0x07,0xe0,0x01,0xf8,0x00,0x0f,0xe0,0x03,0xf8,0x00,0x0f,0xfe,0x03,0xff,0x80,
  0x0f,0xff,0x83,0xff,0xe0,0x0f,0xff,0xc3,0xff,0xf0,0x0f,0xff,0xe3,0xff,0xf8,0x0f,0xff,0xe3,0xff,0xf8,0x0f,0xff,0xe3,0xff,
  0xf8,0x0f,0xff,0xe3,0xff,0xf8,0x07,0xff,0xe1,0xff,0xf8,0x07,0xff,0xe1,0xff,0xf8,0x03,0xff,0xc0,0xff,0xf0,0x03,0xff,0xc0,
  0xff,0xf0,0x00,0xff,0x80,0x7f,0xe0,0x00,0x7e,0x00,0x1f,0x80,0x00,0x00,0x00,0x00,0x00,0x00,0x00,0x00,0x00,0x00,0x00,0x00,
  0x00,0x00,0x00,0x00,0x00,0x00,0x00,0x00,0x00,0x00,0x00,0x00,0x00,0x00,0x00,0x00,0x00,0x00,0x00,0x00,0x00,0x00,0x00,0x00,
  0x00,0x00,0x00,0x00,0x00,0x00,0x00,0x00,0x00,0x00,0x00,0x00,0x00,0x00,0x00,0x00,0x00,0x00,0x00,0x00,0x00,0x00,0x00,0x00,
  0x00,0x00,0x00,0x00,0x00,0x00,0x00,0x00,0x00,0x00,0x00,0x00,0x00,0x00,0x00,0x00,0x00,0x00,0x00,0x00,0x00,0x00,0x00,0x00,
  0x00,0x00,0x00,0x00,0x00,0x00,0x00,0x00,0x00,0x00,0x00,0x00,0x00,0x00,0x00,0x00,0x00,0x00,0x00,0x00,0x00,0x00,0x00,0x00,
  0x00,0x00,0x00,0x00,0x00,0x00,0x00,0x00,0x00,0x00,0x00,0x00,0x00,0x00,0x00,0x00,0x00,0x00,0x00,0x00,0x00,0x00,0x00,0x00,
  0x00,0x00,0x00,0x00,0x00,0x00,0x00,0x00,0x00,0x00,0x00,0x00,0x00,0x00,0x00,0x00,0x00,0x00,0x00,0x00,0x00,0x00,0x00,0x00,
  0x00,0x00,0x00,0x00,0x00,0x00,0x00,0x00,0x00,0x00,0x00,0x00,0x00,0x00,0x00,0x00,0x00,0x00,0x00,0x00,0x00,0x00,0x00,0x00,
  0x00,0x00,0x00,0x00,0x00,0x00,0x00,0x00,0x00,0x00,0x00,0x00,0x00,0x00,0x00,0x00,0x00,0x00,0x00,0x00,0x00,0x00,0x00,0x00,
  0x00,0x00,0x00,0x00,0x00,0x00,0x00,0x00,0x00,0x00,0x00,0x00,0x00,0x00,0x00,0x00,0x03,0xf0,0x00,0xfc,0x00,0x0f,0xf8,0x03,
  0xfe,0x00,0x1f,0xfe,0x07,0xff,0x80,0x1f,0xfe,0x07,0xff,0x80,0x3f,0xff,0x0f,0xff,0xc0,0x3f,0xff,0x0f,0xff,0xc0,0x3f,0xff,
  0x8f,0xff,0xe0,0x3f,0xff,0x8f,0xff,0xe0,0x3f,0xff,0x8f,0xff,0xe0,0x3f,0xff,0x8f,0xff,0xe0,0x1f,0xff,0x87,0xff,0xe0,0x0f,
  0xff,0x83,0xff,0xe0,0x03,0xff,0x80,0xff,0xe0,0x00,0x3f,0x80,0x0f,0xe0,0x00,0x3f,0x00,0x0f,0xc0,0x00,0x3f,0x00,0x0f,0xc0,
  0x00,0x3f,0x00,0x0f,0xc0,0x00,0x3f,0x00,0x0f,0xc0,0x00,0x7e,0x00,0x1f,0x80,0x00,0x7e,0x00,0x1f,0x80,0x00,0x7e,0x00,0x1f,
  0x80,0x00,0xfc,0x00,0x3f,0x00,0x00,0xfc,0x00,0x3f,0x00,0x00,0xf8,0x00,0x3e,0x00,0x01,0xf8,0x00,0x7e,0x00,0x01,0xf0,0x00,
  0x7c,0x00,0x03,0xe0,0x00,0xf8,0x00,0x07,0xe0,0x01,0xf8,0x00,0x03,0xc0,0x00,0xf0,0x00,0x01,0x80,0x00,0x60,0x00,0x00,0x00,
  0x00,0x00,0x00,0x00,0x00,0x00,0x00,0x00,0x00,0x00,0x00,0x00,0x00,0x00,0x00,0x00,0x00,0x00,0x00,0x00,0x00,0x00,0x00,0x00,
  0x00,0x00,0x00,0x00,0x00,0x00,0x00,0x00,0x00,0x00,0x00,0x00,0x00,0x00,0x00,0x00,0x00,0x00,0x00,0x00,0x00,0x00,0x00,0x00,
  0x00,0x00,0x00,0x00,0x00,0x00,0x00,0x00,0x00,0x00,0x00,0x00,0x00,0x00,0x00,0x00,0x00,0x00,0x00,0x00,0x00,0x00,0x00,0x00,
  0x00,0x00,0x00,0x00,0x00,0x00,0x00,0x00,0x00,0x00,0x00,0x00,0x00,0x00,0x00,0x00,0x00,0x00,0x00,0x00,0x00,0x00,0x00,0x00,
  0x00,0x00,0x00,0x00,0x00,0x00,0x00,0x00,0x00,0x00,0x00,0x00,0x00,0x00,0x00,0x00,0x00,0x00,0x00,0x00,0x00,0x00,0x00,0x00,
  0x00,0x00,0x00,0x00,0x00,0x00,0x00,0x00,0x00,0x00,0x00,0x00,0x00,0x00,0x00,0x00,0x00,0x00,0x00,0x00,0x00,0x00,0x00,0x00,
  0x00,0x00,0x00,0x00,0x00,0x00,0x00,0x00,0x00,0x00,0x00,0x00,0x00,0x00,0x00,0x00,0x00,0x00,0x00,0x00,0x00,0x00,0x00,0x00,
  0x00,0x00,0x00,0x00,0x00,0x00,0x00,0x00,0x00,0x00,0x00,0x00,0x00,0x00,0x00,0x00,0x00,0x00,0x00,0x00,0x00,0x00,0x00,0x00,
  0x00,0x00,0x00,0x00,0x00,0x00,0x00,0x00,0x00,0x00,0x00,0x00,0x00,0x00,0x00,0x00,0x00,0x00,0x00,0x00,0x00,0x00,0x00,0x00,
  0x00,0x00,0x00,0x01,0xfe,0x00,0x00,0x00,0x0f,0xff,0x80,0x00,0x00,0x1f,0xff,0xe0,0x00,0x00,0x7f,0xff,0xf8,0x00,0x00,0xff,
  0xff,0xfc,0x00,0x01,0xff,0xff,0xfe,0x00,0x01,0xff,0xff,0xfe,0x00,0x03,0xff,0xff,0xff,0x00,0x07,0xff,0xff,0xff,0x00,0x07,
  0xff,0xff,0xff,0x80,0x07,0xff,0xff,0xff,0x80,0x0f,0xff,0xff,0xff,0xc0,0x0f,0xff,0xff,0xff,0xc0,0x0f,0xff,0xff,0xff,0xc0,
  0x0f,0xff,0xff,0xff,0xc0,0x0f,0xff,0xff,0xff,0xc0,0x0f,0xff,0xff,0xff,0xc0,0x0f,0xff,0xff,0xff,0xc0,0x0f,0xff,0xff,0xff,
  0xc0,0x07,0xff,0xff,0xff,0x80,0x07,0xff,0xff,0xff,0x80,0x07,0xff,0xff,0xff,0x80,0x03,0xff,0xff,0xff,0x00,0x01,0xff,0xff,
  0xfe,0x00,0x01,0xff,0xff,0xfe,0x00,0x00,0xff,0xff,0xfc,0x00,0x00,0x7f,0xff,0xf8,0x00,0x00,0x1f,0xff,0xe0,0x00,0x00,0x0f,
  0xff,0xc0,0x00,0x00,0x01,0xfe,0x00,0x00,0x00,0x00,0x00,0x00,0x00,0x00,0x00,0x00,0x00,0x00,0x00,0x00,0x00,0x00,0x00,0x00,
  0x00,0x00,0x00,0x00,0x00,0x00,0x00,0x00,0x00,0x00,0x00,0x00,0x00,0x00,0x00,0x00,0x00,0x00,0x00,0x00,0x00,0x00,0x00,0x00,
  0x00,0x00,0x00,0x00,0x00,0x00,0x00,0x00,0x00,0x00,0x00,0x00,0x00,0x00,0x00,0x00,0x00,0x00,0x00,0x00,0x00,0x00,0x00,0x00,
  0x00,0x00,0x00,0x00,0x00,0x00,0x00,0x00,0x00,0x00,0x00,0x00,0x00,0x00,0x00,0x00,0x00,0x00,0x00,0x00,0x00,0x00,0x00,0x00,
  0x00,0x00,0x00,0x00,0x00,0x00,0x00,0x00,0x00,0x00,0x00,0x00,0x00,0x00,0x00,0x00,0x00,0x00,0x7c,0x00,0x00,0x1f,0x00,0x00,
  0x07,0xc0,0x00,0x00,0xfe,0x00,0x00,0x3f,0x80,0x00,0x0f,0xe0,0x00,0x01,0xff,0x00,0x00,0x7f,0xc0,0x00,0x1f,0xf0,0x00,0x03,
  0xff,0x80,0x00,0xff,0xe0,0x00,0x3f,0xf8,0x00,0x07,0xff,0x80,0x01,0xff,0xe0,0x00,0x7f,0xf8,0x00,0x07,0xff,0xc0,0x01,0xff,
  0xf0,0x00,0x7f,0xfc,0x00,0x07,0xff,0xc0,0x01,0xff,0xf0,0x00,0x7f,0xfc,0x00,0x07,0xff,0xc0,0x01,0xff,0xf0,0x00,0x7f,0xfc,
  0x00,0x07,0xff,0xc0,0x01,0xff,0xf0,0x00,0x7f,0xfc,0x00,0x07,0xff,0x80,0x01,0xff,0xe0,0x00,0x7f,0xf8,0x00,0x03,0xff,0x80,
  0x00,0xff,0xe0,0x00,0x3f,0xf8,0x00,0x03,0xff,0x00,0x00,0xff,0xc0,0x00,0x3f,0xf0,0x00,0x01,0xfe,0x00,0x00,0x7f,0x80,0x00,
  0x1f,0xe0,0x00,0x00,0x7c,0x00,0x00,0x1f,0x00,0x00,0x07,0xc0,0x00,0x0f,0xff,0xff,0xff,0xff,0xfc,0x00,0x0f,0xff,0xff,0xff,
  0xff,0xfc,0x00,0x0f,0xff,0xff,0xff,0xff,0xfc,0x00,0x0f,0xff,0xff,0xff,0xff,0xfc,0x00,0x0f,0xff,0xff,0xff,0xff,0xfc,0x00,
  0x0f,0xff,0xff,0xff,0xff,0xfc,0x00,0x0f,0xfe,0x00,0x00,0x1f,0xfc,0x00,0x0f,0xfe,0x00,0x00,0x1f,0xfc,0x00,0x0f,0xfe,0x00,
  0x00,0x1f,0xfc,0x00,0x0f,0xfe,0x00,0x00,0x1f,0xfc,0x00,0x0f,0xfe,0x00,0x00,0x1f,0xfc,0x00,0x0f,0xfe,0x00,0x00,0x1f,0xfc,
  0x00,0x0f,0xfe,0x00,0x00,0x1f,0xfc,0x00,0x0f,0xfe,0x00,0x00,0x1f,0xfc,0x00,0x0f,0xfe,0x00,0x00,0x1f,0xfc,0x00,0x0f,0xfe,
  0x00,0x00,0x1f,0xfc,0x00,0x0f,0xfe,0x00,0x00,0x1f,0xfc,0x00,0x0f,0xfe,0x00,0x00,0x1f,0xfc,0x00,0x0f,0xfe,0x00,0x00,0x1f,
  0xfc,0x00,0x0f,0xfe,0x00,0x00,0x1f,0xfc,0x00,0x0f,0xfe,0x00,0x00,0x1f,0xfc,0x00,0x0f,0xfe,0x00,0x00,0x1f,0xfc,0x00,0x0f,
  0xfe,0x00,0x00,0x1f,0xfc,0x00,0x0f,0xfe,0x00,0x00,0x1f,0xfc,0x00,0x0f,0xfe,0x00,0x00,0x1f,0xfc,0x00,0x0f,0xfe,0x00,0x00,
  0x1f,0xfc,0x00,0x0f,0xfe,0x00,0x00,0x1f,0xfc,0x00,0x0f,0xfe,0x00,0x00,0x1f,0xfc,0x00,0x0f,0xfe,0x00,0x00,0x1f,0xfc,0x00,
  0x0f,0xfe,0x00,0x00,0x1f,0xfc,0x00,0x0f,0xfe,0x00,0x00,0x1f,0xfc,0x00,0x0f,0xfe,0x00,0x00,0x1f,0xfc,0x00,0x0f,0xfe,0x00,
  0x00,0x1f,0xfc,0x00,0x0f,0xfe,0x00,0x00,0x1f,0xfc,0x00,0x0f,0xfe,0x00,0x00,0x1f,0xfc,0x00,0x0f,0xfe,0x00,0x00,0x1f,0xfc,
  0x00,0x0f,0xfe,0x00,0x00,0x1f,0xfc,0x00,0x0f,0xfe,0x00,0x00,0x1f,0xfc,0x00,0x0f,0xfe,0x00,0x00,0x1f,0xfc,0x00,0x0f,0xfe,
  0x00,0x00,0x1f,0xfc,0x00,0x0f,0xfe,0x00,0x00,0x1f,0xfc,0x00,0x0f,0xfe,0x00,0x00,0x1f,0xfc,0x00,0x0f,0xff,0xff,0xff,0xff,
  0xfc,0x00,0x0f,0xff,0xff,0xff,0xff,0xfc,0x00,0x0f,0xff,0xff,0xff,0xff,0xfc,0x00,0x0f,0xff,0xff,0xff,0xff,0xfc,0x00,0x0f,
  0xff,0xff,0xff,0xff,0xfc,0x00,0x0f,0xff,0xff,0xff,0xff,0xfc,0x00,0x0f,0xff,0xff,0xff,0xff,0xfc,0x00,0x0f,0xff,0xff,0xff,
  0xff,0xfc,0x00,0x0f,0xff,0xff,0xff,0xff,0xfc,0x00,0x0f,0xff,0xff,0xff,0xff,0xfc,0x00,0x0f,0xff,0xff,0xff,0xff,0xfc,0x00,
  0x0f,0xff,0xff,0xff,0xff,0xfc,0x00,0x0f,0xfe,0x00,0x00,0x1f,0xfc,0x00,0x0f,0xfe,0x00,0x00,0x1f,0xfc,0x00,0x0f,0xfe,0x00,
  0x00,0x1f,0xfc,0x00,0x0f,0xfe,0x00,0x00,0x1f,0xfc,0x00,0x0f,0xfe,0x00,0x00,0x1f,0xfc,0x00,0x0f,0xfe,0x00,0x00,0x1f,0xfc,
  0x00,0x0f,0xfe,0x00,0x00,0x1f,0xfc,0x00,0x0f,0xfe,0x00,0x00,0x1f,0xfc,0x00,0x0f,0xfe,0x00,0x00,0x1f,0xfc,0x00,0x0f,0xfe,
  0x00,0x00,0x1f,0xfc,0x00,0x0f,0xfe,0x00,0x00,0x1f,0xfc,0x00,0x0f,0xfe,0x00,0x00,0x1f,0xfc,0x00,0x0f,0xfe,0x00,0x00,0x1f,
  0xfc,0x00,0x0f,0xfe,0x00,0x00,0x1f,0xfc,0x00,0x0f,0xfe,0x00,0x00,0x1f,0xfc,0x00,0x0f,0xfe,0x00,0x00,0x1f,0xfc,0x00,0x0f,
  0xfe,0x00,0x00,0x1f,0xfc,0x00,0x0f,0xfe,0x00,0x00,0x1f,0xfc,0x00,0x0f,0xfe,0x00,0x00,0x1f,0xfc,0x00,0x0f,0xfe,0x00,0x00,
  0x1f,0xfc,0x00,0x0f,0xfe,0x00,0x00,0x1f,0xfc,0x00,0x0f,0xfe,0x00,0x00,0x1f,0xfc,0x00,0x0f,0xfe,0x00,0x00,0x1f,0xfc,0x00,
  0x0f,0xfe,0x00,0x00,0x1f,0xfc,0x00,0x0f,0xfe,0x00,0x00,0x1f,0xfc,0x00,0x0f,0xfe,0x00,0x00,0x1f,0xfc,0x00,0x0f,0xfe,0x00,
  0x00,0x1f,0xfc,0x00,0x0f,0xfe,0x00,0x00,0x1f,0xfc,0x00,0x0f,0xfe,0x00,0x00,0x1f,0xfc,0x00,0x0f,0xfe,0x00,0x00,0x1f,0xfc,
  0x00,0x0f,0xfe,0x00,0x00,0x1f,0xfc,0x00,0x0f,0xfe,0x00,0x00,0x1f,0xfc,0x00,0x0f,0xfe,0x00,0x00,0x1f,0xfc,0x00,0x0f,0xfe,
  0x00,0x00,0x1f,0xfc,0x00,0x0f,0xfe,0x00,0x00,0x1f,0xfc,0x00,0x0f,0xfe,0x00,0x00,0x1f,0xfc,0x00,0x0f,0xff,0xff,0xff,0xff,
  0xfc,0x00,0x0f,0xff,0xff,0xff,0xff,0xfc,0x00,0x0f,0xff,0xff,0xff,0xff,0xfc,0x00,0x0f,0xff,0xff,0xff,0xff,0xfc,0x00,0x0f,
  0xff,0xff,0xff,0xff,0xfc,0x00,0x0f,0xff,0xff,0xff,0xff,0xfc,0x00,0x0f,0xff,0xff,0xff,0xff,0xfe,0x00,0x0f,0xff,0xff,0xff,
  0xff,0xfe,0x00,0x0f,0xff,0xff,0xff,0xff,0xfe,0x00,0x0f,0xff,0xff,0xff,0xff,0xfe,0x00,0x0f,0xff,0xff,0xff,0xff,0xfe,0x00,
  0x0f,0xff,0xff,0xff,0xff,0xfe,0x00,0x0f,0xff,0xff,0xff,0xff,0xfe,0x00,0x00,0x00,0x00,0x00,0x00,0x00,0x00,0x00,0x00,0x00,
  0x00,0x00,0x00,0x00,0x00,0x00,0x00,0x00,0x00,0x00,0x00,0x00,0x00,0x00,0x00,0x00,0x00,0x00,0x00,0x00,0x00,0x00,0x00,0x00,
  0x00,0x00,0x00,0x00,0x00,0x00,0x00,0x00,0x00,0x00,0x00,0x00,0x00,0x00,0x00,0x00,0x00,0x00,0x00,0x00,0x00,0x00,0x00,0x00,
  0x00,0x00,0x00,0x00,0x00,0x00,0x00,0x00,0x00,0x00,0x00,0x00,0x00,0x00,0x00,0x00,0x00,0x00,0x00,0x00,0x00,0x00,0x00,0x00,
  0x00,0x00,0x00,0x00,0x00,0x00,0x00,0x00,0x00,0x00,0x00,0x00,0x00,0x00,0x00,0x00,0x00,0x00,0x00,0x00,0x00,0x00,0x00,0x00,
  0x00,0x00,0x00,0x00,0x00,0x00,0x00,0x00,0x00,0x00,0x00,0x00,0x00,0x00,0x00,0x00,0x00,0x00,0x00,0x00,0x00,0x00,0x00,0x00,
  0x00,0x00,0x00,0x00,0x00,0x00,0x00,0x00,0x00,0x00,0x00,0x00,0x00,0x00,0x00,0x00,0x00,0x00,0x00,0x00,0x00,0x00,0x00,0x00,
  0x00,0x00,0x00,0x00,0x00,0x00,0x00,0x00,0x00,0x00,0x00,0x00,0x00,0x00,0x00,0x00,0x00,0x00,0x00,0x00,0x00,0x00,0x00,0x00,
  0x00,0x00,0x00,0x00,0x00,0x00,0x00,0x00,0x00,0x00,0x00,0x00,0x00,0x00,0x00,0x00,0x00,0x00,0x00,0x00,0x00,0x00,0x00,0x00,
  0x00,0x00,0x00,0x00,0x00,0x00,0x00,0x00,0x00,0x00,0x00,0x00,0x00,0x00,0x00,0x00,0x00,0x00,0x00,0x00,0x00,0x00
};

static const Glyph F_HUGE_glyphs[] = {
  {0x0020,0,25,0,25,0,0},
  {0x0021,0,25,71,25,0,-69},
  {0x0022,284,32,70,32,0,-70},
  {0x0023,564,82,71,82,0,-70},
  {0x0024,1345,55,96,55,0,-81},
  {0x0025,2017,86,72,86,0,-69},
  {0x0026,2809,66,71,65,0,-69},
  {0x0027,3448,19,70,19,0,-70},
  {0x0028,3658,29,101,29,0,-74},
  {0x0029,4062,29,101,29,0,-74},
  {0x002a,4466,51,70,51,0,-70},
  {0x002b,4956,51,57,51,0,-57},
  {0x002c,5355,24,31,24,0,-13},
  {0x002d,5448,46,35,46,0,-35},
  {0x002e,5658,23,14,23,0,-12},
  {0x002f,5700,67,101,67,0,-74},
  {0x0030,6609,61,71,61,0,-69},
  {0x0031,7177,38,70,38,0,-70},
  {0x0032,7527,51,69,51,0,-69},
  {0x0033,8010,54,71,54,0,-69},
  {0x0034,8507,52,70,52,0,-70},
  {0x0035,8997,52,76,52,0,-74},
  {0x0036,9529,55,71,55,0,-69},
  {0x0037,10026,45,70,45,0,-68},
  {0x0038,10446,55,71,55,0,-69},
  {0x0039,10943,55,71,55,0,-69},
  {0x003a,11440,24,53,24,0,-51},
  {0x003b,11599,26,70,26,0,-52},
  {0x003c,11879,51,54,51,0,-54},
  {0x003d,12257,51,47,51,0,-47},
  {0x003e,12586,51,54,51,0,-54},
  {0x003f,12964,47,71,47,0,-69},
  {0x0040,13390,76,71,76,0,-62},
  {0x0041,14100,64,70,63,0,-70},
  {0x0042,14660,62,68,62,0,-68},
  {0x0043,15204,66,71,66,0,-69},
  {0x0044,15843,72,68,72,0,-68},
  {0x0045,16455,60,68,60,0,-68},
  {0x0046,16999,54,68,54,0,-68},
  {0x0047,17475,73,71,73,0,-69},
  {0x0048,18185,77,68,77,0,-68},
  {0x0049,18865,36,68,36,0,-68},
  {0x004a,19205,41,69,41,0,-67},
  {0x004b,19619,67,68,67,0,-68},
  {0x004c,20231,57,68,57,0,-68},
  {0x004d,20775,92,69,92,0,-68},
  {0x004e,21603,74,69,74,0,-68},
  {0x004f,22293,75,71,75,0,-69},
  {0x0050,23003,60,68,60,0,-68},
  {0x0051,23547,76,91,75,0,-70},
  {0x0052,24457,64,68,64,0,-68},
  {0x0053,25001,56,71,56,0,-69},
  {0x0054,25498,62,68,62,0,-68},
  {0x0055,26042,73,69,73,0,-67},
  {0x0056,26732,67,69,66,0,-68},
  {0x0057,27353,97,69,97,0,-68},
  {0x0058,28250,65,68,65,0,-68},
  {0x0059,28862,63,68,63,0,-68},
  {0x005a,29406,58,68,58,0,-68},
  {0x005b,29950,36,98,36,0,-73},
  {0x005c,30440,67,101,67,0,-74},
  {0x005d,31349,36,98,36,0,-73},
  {0x005e,31839,79,69,79,0,-69},
  {0x005f,32529,77,14,77,0,0},
  {0x0060,32669,42,75,42,0,-75},
  {0x0061,33119,50,52,50,0,-50},
  {0x0062,33483,55,75,55,0,-73},
  {0x0063,34008,50,52,50,0,-50},
  {0x0064,34372,57,75,57,0,-73},
  {0x0065,34972,52,52,52,0,-50},
  {0x0066,35336,40,73,34,0,-73},
  {0x0067,35701,56,84,53,0,-58},
  {0x0068,36289,59,73,59,0,-73},
  {0x0069,36873,30,73,30,0,-73},
  {0x006a,37165,36,98,28,-8,-73},
  {0x006b,37655,55,73,55,0,-73},
  {0x006c,38166,29,73,29,0,-73},
  {0x006d,38458,87,50,87,0,-50},
  {0x006e,39008,60,50,60,0,-50},
  {0x006f,39408,55,52,55,0,-50},
  {0x0070,39772,58,74,58,0,-49},
  {0x0071,40364,55,75,55,0,-50},
  {0x0072,40889,45,50,45,0,-50},
  {0x0073,41189,46,52,46,0,-50},
  {0x0074,41501,40,64,39,0,-63},
  {0x0075,41821,59,51,59,0,-49},
  {0x0076,42229,51,49,51,0,-48},
  {0x0077,42572,78,49,78,0,-48},
  {0x0078,43062,52,48,52,0,-48},
  {0x0079,43398,52,75,52,0,-49},
  {0x007a,43923,49,49,49,0,-49},
  {0x007b,44266,34,100,34,0,-74},
  {0x007c,44766,24,100,24,0,-74},
  {0x007d,45066,34,100,34,0,-74},
  {0x007e,45566,51,38,51,0,-38},
  {0x00b0,45832,37,70,37,0,-70},
  {0x00b7,46182,22,40,22,0,-40},
  {0x00d7,46302,51,53,51,0,-53},
  {0x00e9,46673,52,77,52,0,-75},
  {0x2013,47212,55,35,55,0,-35},
  {0x2014,47457,81,35,81,0,-35},
  {0x2018,47842,21,75,21,0,-75},
  {0x2019,48067,19,74,19,0,-74},
  {0x201c,48289,40,75,40,0,-75},
  {0x201d,48664,37,74,37,0,-74},
  {0x2022,49034,37,51,37,0,-51},
  {0x2026,49289,75,14,75,0,-12},
  {0x2190,49429,51,48,51,0,-48},
  {0x2192,49765,51,48,51,0,-48},
  {0x2212,50101,51,39,51,0,-39}
};
const Font F_HUGE = {F_HUGE_bits, F_HUGE_glyphs, 110, 97, 27, 124};

static const uint8_t F_SYM_bits[] = {
  0x00,0x00,0x00,0x3f,0xc0,0x00,0x3f,0xe0,0x00,0x30,0x70,0x00,0x30,0x30,0x00,0x30,0x30,0x00,0x30,0x30,0x00,0x30,0x70,0x00,
  0x30,0xe0,0x00,0x3f,0xf1,0x80,0x3e,0x3b,0x00,0x30,0x1e,0x00,0x30,0x0e,0x00,0x30,0x1e,0x00,0x30,0x3f,0x00,0x30,0x33,0x80,
  0x30,0x61,0xc0,0x00,0x00,0x00,0x80,0x00,0x00,0xe0,0x00,0x00,0xf8,0x00,0x00,0xfe,0x00,0x00,0xff,0x80,0x00,0xff,0xe0,0x00,
  0xff,0xf8,0x00,0xff,0xfe,0x00,0xff,0xff,0x00,0xff,0xfc,0x00,0xff,0xf0,0x00,0xff,0xc0,0x00,0xff,0x00,0x00,0xfc,0x00,0x00,
  0xf0,0x00,0x00,0xc0,0x00,0x00,0x00,0x00,0x00,0x00,0x00,0x00,0x00,0x00,0x80,0x00,0x03,0x80,0x00,0x0f,0x80,0x00,0x3f,0x80,
  0x00,0xff,0x80,0x03,0xff,0x80,0x0f,0xff,0x80,0x3f,0xff,0x80,0x7f,0xff,0x80,0x3f,0xff,0x80,0x0f,0xff,0x80,0x03,0xff,0x80,
  0x00,0xff,0x80,0x00,0x3f,0x80,0x00,0x0f,0x80,0x00,0x03,0x80,0x00,0x00,0x00,0x00,0x00,0x00,0x00,0x40,0x00,0x00,0x40,0x00,
  0x08,0x41,0x00,0x04,0x02,0x00,0x02,0x04,0x00,0x00,0xf0,0x00,0x01,0xf8,0x00,0x39,0xfb,0x80,0x01,0xf8,0x00,0x01,0xf8,0x00,
  0x00,0xf0,0x00,0x02,0x04,0x00,0x04,0x42,0x00,0x08,0x41,0x00,0x00,0x40,0x00,0x00,0x40,0x00,0x00,0x00,0x00,0x00,0x40,0x00,
  0x00,0x60,0x00,0x00,0x60,0x00,0x00,0xe0,0x00,0x00,0xf0,0x00,0x3f,0xff,0xc0,0x1f,0xff,0x80,0x07,0xfe,0x00,0x03,0xfc,0x00,
  0x03,0xf8,0x00,0x03,0xfc,0x00,0x03,0xfc,0x00,0x07,0x0c,0x00,0x06,0x06,0x00,0x00,0x02,0x00,0x00,0x00,0x00,0x00,0x00,0x00,
  0x01,0xf8,0x00,0x06,0x06,0x00,0x08,0x01,0x00,0x10,0x01,0x00,0x10,0x00,0x80,0x20,0x00,0x00,0x20,0x60,0x40,0x20,0xf0,0x40,
  0x20,0xf0,0x40,0x20,0x60,0x40,0x20,0x00,0x00,0x10,0x00,0x80,0x10,0x01,0x00,0x08,0x03,0x00,0x06,0x06,0x00,0x01,0xf8,0x00,
  0x00,0x00,0x00,0x00,0x70,0x00,0x00,0x04,0x00,0x00,0x0a,0x00,0x00,0x05,0x00,0x00,0x04,0x80,0x00,0x00,0x00,0x00,0x02,0x40,
  0x00,0x02,0x40,0x00,0x02,0x40,0x00,0x02,0x40,0x00,0x00,0x00,0x00,0x04,0x80,0x00,0x01,0x00,0x00,0x0a,0x00,0x00,0x14,0x00,
  0x00,0x70,0x00,0x00,0x00,0x20,0x30,0x30,0x20,0x18,0x60,0x1f,0xc0,0x0f,0xc0,0x18,0x60,0x30,0x20,0x30,0x30,0x20,0x30,0x30,
  0x20,0x18,0x60,0x1f,0xc0,0x07,0x00,0x03,0x00,0x03,0x00,0x0f,0xc0,0x03,0x00,0x02,0x00,0x00,0x00,0x00,0x00,0x07,0xe0,0x0f,
  0xf0,0x1c,0x38,0x38,0x1c,0x30,0x0c,0x30,0x0c,0x30,0x0c,0x30,0x0c,0x38,0x1c,0x1c,0x38,0x0f,0xf0,0x03,0xc0,0x01,0x80,0x01,
  0x80,0x01,0x80,0x0f,0xf0,0x01,0x80,0x01,0x80,0x01,0x80,0x00,0x07,0xc0,0x00,0x0f,0xc0,0x00,0x01,0xc0,0x00,0x03,0xc0,0x03,
  0xc6,0x40,0x0f,0xfc,0x40,0x1c,0x38,0x00,0x38,0x18,0x00,0x30,0x0c,0x00,0x30,0x0c,0x00,0x30,0x0c,0x00,0x30,0x0c,0x00,0x30,
  0x0c,0x00,0x18,0x18,0x00,0x1f,0xf0,0x00,0x07,0xe0,0x00,0x00,0x00,0x00,0x00,0x00,0x00,0x00,0x03,0x00,0x00,0x03,0x00,0x01,
  0x83,0x00,0x07,0xe3,0x00,0x0e,0x33,0x00,0x0c,0x1b,0x00,0x08,0x1b,0x00,0x00,0x1b,0x00,0x00,0x1b,0x00,0x00,0x3b,0x00,0x0f,
  0xff,0x00,0x0f,0xff,0x00,0x00,0x03,0x00,0x00,0x03,0x00,0x00,0x03,0x00,0x00,0x03,0x00,0x00,0x00,0x00,0x03,0x00,0x00,0x03,
  0x00,0x00,0x07,0xc0,0x00,0x07,0x00,0x00,0x03,0x00,0x00,0x03,0x00,0x00,0x03,0x20,0x00,0x03,0xf8,0x00,0x03,0x8c,0x00,0x03,
  0x06,0x00,0x03,0x06,0x00,0x03,0x06,0x00,0x03,0x06,0x00,0x03,0x0c,0x00,0x03,0x0c,0x00,0x03,0x08,0x00,0x00,0x00,0x00,0x1c,
  0x63,0x80,0x1c,0x63,0x80,0x0c,0x62,0x00,0x0c,0x62,0x00,0x0c,0x66,0x00,0x0f,0xfe,0x00,0x0c,0x62,0x00,0x0c,0x62,0x00,0x0c,
  0x62,0x00,0x1c,0x63,0x80,0x1c,0x63,0x80,0x00,0xf0,0x00,0x01,0x98,0x00,0x01,0x18,0x00,0x01,0xb0,0x00,0x00,0xe0,0x00,0x00,
  0x00,0x00,0x00,0x60,0x00,0x00,0xf0,0x00,0x00,0x60,0x00,0x0e,0x67,0x00,0x1e,0x6f,0x80,0x0c,0x62,0x00,0x0c,0x62,0x00,0x06,
  0x66,0x00,0x07,0x6c,0x00,0x03,0xfc,0x00,0x00,0xf0,0x00,0x00,0x60,0x00,0x01,0xf0,0x00,0x01,0xf8,0x00,0x00,0x60,0x00,0x00,
  0x60,0x00,0x00,0x00,0x00,0x07,0xf0,0x00,0x06,0x3c,0x00,0x06,0x0c,0x00,0x06,0x04,0x00,0x06,0x04,0x00,0x06,0x0c,0x00,0x06,
  0x1c,0x00,0x07,0xf0,0x00,0x06,0x00,0x00,0x06,0x00,0x00,0x06,0x00,0x00,0x06,0x00,0x00,0x06,0x00,0x00,0x06,0x00,0x00,0x07,
  0xf8,0x00,0x07,0xfc,0x00,0x00,0x00,0x00,0x3c,0x03,0x80,0x26,0x0e,0xc0,0x63,0x0c,0x60,0x61,0x18,0x60,0x61,0x90,0x60,0x20,
  0x90,0x40,0x00,0xb0,0x00,0x00,0xe0,0x00,0x00,0xe0,0x00,0x00,0x60,0x00,0x00,0x60,0x00,0x00,0x60,0x00,0x00,0x60,0x00,0x00,
  0x60,0x00,0x00,0x60,0x00,0x00,0x60,0x00,0x00,0x00,0x00,0x30,0x01,0xc0,0x1c,0x03,0x80,0x0c,0x03,0x00,0x06,0x06,0x00,0x07,
  0x0c,0x00,0x03,0xf8,0x00,0x03,0xf8,0x00,0x07,0x0c,0x00,0x06,0x06,0x00,0x04,0x06,0x00,0x0c,0x02,0x00,0x04,0x02,0x00,0x06,
  0x06,0x00,0x06,0x0c,0x00,0x03,0xfc,0x00,0x00,0xf0,0x00,0x00,0x00,0x00,0x38,0x01,0xc0,0x3f,0xff,0x80,0x03,0x6c,0x00,0x02,
  0x0c,0x00,0x02,0x0c,0x00,0x02,0x0c,0x00,0x02,0x0c,0x00,0x02,0x0c,0x00,0x02,0x0c,0x00,0x02,0x0c,0x00,0x02,0x0c,0x00,0x02,
  0x0c,0x00,0x02,0x0c,0x00,0x07,0xfc,0x00,0x3f,0xff,0x80,0x38,0x01,0xc0,0x03,0xfe,0x00,0x0f,0x83,0x80,0x18,0xc0,0x00,0x10,
  0xc0,0x00,0x10,0x40,0x00,0x10,0xc0,0x00,0x19,0x8e,0x00,0x0f,0x1f,0x00,0x00,0x31,0x80,0x00,0x20,0x80,0x00,0x20,0x80,0x00,
  0x31,0x80,0x10,0x1f,0x00,0x1f,0xfe,0x00,0x00,0x00,0x00,0x00,0x00,0x00,0x00,0x7c,0x00,0x00,0xc6,0x00,0x01,0x82,0x00,0x01,
  0x03,0x00,0x01,0x01,0x00,0x00,0x83,0x00,0x00,0x82,0x00,0x0f,0x82,0x00,0x18,0xc4,0x00,0x10,0xc4,0x00,0x10,0x88,0x00,0x09,
  0x88,0x00,0x07,0x08,0x00,0x00,0x08,0x00,0x00,0x09,0x00,0x00,0x07,0x00,0x00,0x00,0x00,0x23,0x18,0x00,0x37,0xbc,0x00,0x3c,
  0xac,0x00,0x18,0xc4,0x00,0x18,0xc5,0xc0,0x18,0xc7,0xc0,0x10,0x86,0x40,0x10,0x86,0x40,0x10,0x84,0x60,0x10,0x84,0x60,0x10,
  0x84,0x40,0x10,0x84,0x40,0x10,0x84,0xc0,0x10,0x84,0x80,0x10,0x85,0x80,0x10,0x87,0x00,0x00,0x0e,0x00,0x00,0x3e,0x00,0x00,
  0x66,0x00,0x00,0x03,0x00,0x00,0x00,0x00,0x01,0xf0,0x00,0x03,0x98,0x00,0x06,0x0c,0x00,0x06,0x04,0x00,0x06,0x04,0x00,0x06,
  0x04,0x00,0x06,0x0c,0x00,0x3f,0x0f,0xc0,0x3e,0x0f,0xc0,0x00,0x00,0x00,0x00,0x00,0x00,0x3f,0xff,0xc0,0x3f,0xff,0xc0,0x00,
  0x00,0x00,0x00,0x00,0x00,0x63,0x18,0x00,0x27,0x3c,0x00,0x39,0xcc,0x00,0x39,0xcc,0x00,0x31,0x8c,0x00,0x31,0x8c,0x00,0x31,
  0x8c,0x00,0x31,0x8c,0x00,0x31,0x8c,0x00,0x31,0x8c,0x00,0x31,0x8c,0x00,0x31,0x8c,0x00,0x31,0x8c,0x00,0x31,0x8c,0x00,0x31,
  0x84,0x00,0x31,0x86,0xc0,0x00,0x03,0xe0,0x00,0x00,0x40,0x00,0x00,0x00,0x00,0x00,0x00,0x00,0x3f,0xc0,0x00,0x3f,0xc0,0x00,
  0x03,0xc0,0x00,0x06,0xc0,0x00,0x0c,0xc0,0x00,0x18,0xc0,0x18,0x30,0xc0,0x0c,0x60,0xc0,0x06,0xc0,0x00,0x03,0x80,0x00,0x03,
  0x80,0x00,0x07,0xc0,0x00,0x0c,0x60,0x00,0x18,0x30,0x00,0x30,0x00,0x00,0x20,0x00,0x00,0x00,0x00,0x00,0x00,0x00,0x00,0x20,
  0xc0,0x00,0x11,0xc0,0x00,0x09,0x40,0x00,0x0b,0x60,0x00,0x0f,0x20,0x00,0x06,0x20,0x00,0x06,0x20,0x00,0x06,0x27,0x00,0x06,
  0x2c,0x80,0x00,0x38,0xc0,0x00,0x30,0xc0,0x00,0x38,0x80,0x00,0x2f,0x80,0x00,0x60,0x00,0x00,0x60,0x00,0x03,0xc0,0x00,0x00,
  0x30,0x00,0x07,0x73,0x80,0x1b,0xdf,0x80,0x31,0x08,0xc0,0x00,0x00,0x00,0x00,0x00,0x00,0x07,0x73,0x80,0x1b,0xdf,0x80,0x31,
  0x8c,0xc0,0x00,0x00,0x00,0x00,0x00,0x00,0x00,0x00,0x00,0x00,0x00,0x00,0x00,0x00,0x00,0x0c,0x03,0x00,0x04,0x06,0x00,0x06,
  0x04,0x00,0x03,0x0c,0x00,0x03,0x08,0x00,0x01,0x18,0x00,0x01,0x18,0x00,0x0f,0xff,0x00,0x0f,0xff,0x00,0x01,0x18,0x00,0x01,
  0x18,0x00,0x03,0x08,0x00,0x03,0x0c,0x00,0x06,0x04,0x00,0x04,0x06,0x00,0x0c,0x03,0x00,0x00,0x04,0x00,0x00,0x0c,0x00,0x00,
  0x18,0x00,0x00,0x30,0x00,0x00,0x70,0x00,0x00,0x60,0x00,0x00,0xc0,0x00,0x09,0x80,0x00,0x1d,0x80,0x00,0x0f,0x00,0x00,0x0e,
  0x00,0x00,0x0e,0x00,0x00,0x00,0x00,0x00,0x00,0x00,0x00
};

static const Glyph F_SYM_glyphs[] = {
  {0x211e,0,20,17,20,0,-17},
  {0x25b6,51,17,18,17,0,-15},
  {0x25c0,105,17,18,17,0,-15},
  {0x2600,159,20,17,20,0,-17},
  {0x2605,210,20,17,20,0,-16},
  {0x2609,261,20,17,20,0,-17},
  {0x263d,312,20,17,20,0,-17},
  {0x263f,363,14,20,14,0,-17},
  {0x2640,403,16,20,16,0,-17},
  {0x2642,443,20,17,20,0,-16},
  {0x2643,494,20,17,20,0,-17},
  {0x2644,545,20,17,20,0,-17},
  {0x2645,596,20,17,20,0,-17},
  {0x2646,647,20,17,20,0,-17},
  {0x2647,698,20,17,20,0,-17},
  {0x2648,749,20,17,20,0,-17},
  {0x2649,800,20,17,20,0,-17},
  {0x264a,851,20,17,20,0,-17},
  {0x264b,902,20,15,20,0,-15},
  {0x264c,947,20,17,20,0,-17},
  {0x264d,998,20,21,20,0,-17},
  {0x264e,1061,20,15,20,0,-15},
  {0x264f,1106,20,20,20,0,-17},
  {0x2650,1166,20,18,20,0,-17},
  {0x2651,1220,20,17,20,0,-17},
  {0x2652,1271,20,13,20,0,-13},
  {0x2653,1310,20,17,20,0,-17},
  {0x2713,1361,18,14,18,0,-14}
};
const Font F_SYM = {F_SYM_bits, F_SYM_glyphs, 28, 21, 6, 27};

static const uint8_t F_SYM_L_bits[] = {
  0x1f,0xf8,0x00,0x00,0x1f,0xff,0x00,0x00,0x1f,0xff,0x80,0x00,0x1c,0x07,0xc0,0x00,0x1c,0x03,0xc0,0x00,0x1c,0x01,0xe0,0x00,
  0x1c,0x01,0xe0,0x00,0x1c,0x01,0xe0,0x00,0x1c,0x01,0xe0,0x00,0x1c,0x01,0xe0,0x00,0x1c,0x03,0xc0,0x00,0x1c,0x07,0xc0,0x00,
  0x1f,0xff,0xc1,0xe0,0x1f,0xff,0xe3,0xc0,0x1f,0xfd,0xe3,0x80,0x1c,0x00,0xf7,0x80,0x1c,0x00,0x7f,0x00,0x1c,0x00,0x3e,0x00,
  0x1c,0x00,0x3e,0x00,0x1c,0x00,0x7e,0x00,0x1c,0x00,0x7f,0x00,0x1c,0x00,0xf7,0x80,0x1c,0x01,0xe3,0xc0,0x1c,0x03,0xc1,0xc0,
  0x1c,0x07,0x81,0xe0,0x80,0x00,0x00,0x00,0xe0,0x00,0x00,0x00,0xf8,0x00,0x00,0x00,0xfe,0x00,0x00,0x00,0xff,0x80,0x00,0x00,
  0xff,0xe0,0x00,0x00,0xff,0xf8,0x00,0x00,0xff,0xfe,0x00,0x00,0xff,0xff,0x80,0x00,0xff,0xff,0xe0,0x00,0xff,0xff,0xf8,0x00,
  0xff,0xff,0xfe,0x00,0xff,0xff,0xff,0x80,0xff,0xff,0xff,0x80,0xff,0xff,0xfe,0x00,0xff,0xff,0xf8,0x00,0xff,0xff,0xe0,0x00,
  0xff,0xff,0x80,0x00,0xff,0xfe,0x00,0x00,0xff,0xf8,0x00,0x00,0xff,0xe0,0x00,0x00,0xff,0x80,0x00,0x00,0xfe,0x00,0x00,0x00,
  0xf8,0x00,0x00,0x00,0xe0,0x00,0x00,0x00,0x80,0x00,0x00,0x00,0x00,0x00,0x00,0x00,0x00,0x00,0x00,0x40,0x00,0x00,0x01,0xc0,
  0x00,0x00,0x07,0xc0,0x00,0x00,0x1f,0xc0,0x00,0x00,0x7f,0xc0,0x00,0x01,0xff,0xc0,0x00,0x07,0xff,0xc0,0x00,0x1f,0xff,0xc0,
  0x00,0x7f,0xff,0xc0,0x01,0xff,0xff,0xc0,0x07,0xff,0xff,0xc0,0x1f,0xff,0xff,0xc0,0x7f,0xff,0xff,0xc0,0x7f,0xff,0xff,0xc0,
  0x1f,0xff,0xff,0xc0,0x07,0xff,0xff,0xc0,0x01,0xff,0xff,0xc0,0x00,0x7f,0xff,0xc0,0x00,0x1f,0xff,0xc0,0x00,0x07,0xff,0xc0,
  0x00,0x01,0xff,0xc0,0x00,0x00,0x7f,0xc0,0x00,0x00,0x1f,0xc0,0x00,0x00,0x07,0xc0,0x00,0x00,0x01,0xc0,0x00,0x00,0x00,0x40,
  0x00,0x00,0x00,0x00,0x00,0x01,0x00,0x00,0x00,0x01,0x00,0x00,0x00,0x01,0x00,0x00,0x00,0x01,0x01,0x80,0x03,0x01,0x03,0x00,
  0x01,0x81,0x06,0x00,0x00,0xc0,0x0c,0x00,0x00,0x63,0x88,0x00,0x00,0x0f,0xe0,0x00,0x00,0x1f,0xf0,0x00,0x00,0x1f,0xf0,0x00,
  0x00,0x3f,0xf0,0x00,0x1f,0xbf,0xf3,0xf0,0x00,0x3f,0xf0,0x00,0x00,0x1f,0xf0,0x00,0x00,0x1f,0xf0,0x00,0x00,0x0f,0xe0,0x00,
  0x00,0x63,0x8c,0x00,0x00,0xc0,0x0e,0x00,0x01,0x81,0x07,0x00,0x03,0x01,0x03,0x00,0x02,0x01,0x00,0x00,0x00,0x01,0x00,0x00,
  0x00,0x01,0x00,0x00,0x00,0x01,0x00,0x00,0x00,0x00,0x00,0x00,0x00,0x01,0x00,0x00,0x00,0x01,0x00,0x00,0x00,0x03,0x00,0x00,
  0x00,0x03,0x80,0x00,0x00,0x03,0x80,0x00,0x00,0x07,0x80,0x00,0x00,0x07,0xc0,0x00,0x00,0x07,0xc0,0x00,0x00,0x0f,0xc0,0x00,
  0x1f,0xff,0xff,0xe0,0x0f,0xff,0xff,0xc0,0x03,0xff,0xff,0x80,0x01,0xff,0xfe,0x00,0x00,0x7f,0xfc,0x00,0x00,0x3f,0xf8,0x00,
  0x00,0x3f,0xf0,0x00,0x00,0x3f,0xf8,0x00,0x00,0x7f,0xf8,0x00,0x00,0x7f,0xf8,0x00,0x00,0x7c,0x7c,0x00,0x00,0xf0,0x3c,0x00,
  0x00,0xe0,0x0c,0x00,0x00,0x80,0x06,0x00,0x00,0x00,0x02,0x00,0x00,0x00,0x00,0x00,0x00,0x0f,0xc0,0x00,0x00,0x3c,0xf8,0x00,
  0x00,0xc0,0x0c,0x00,0x01,0x80,0x03,0x00,0x02,0x00,0x01,0x80,0x06,0x00,0x00,0x80,0x0c,0x00,0x00,0x40,0x08,0x00,0x00,0x60,
  0x08,0x00,0x00,0x20,0x10,0x00,0x00,0x20,0x10,0x07,0x80,0x20,0x10,0x0f,0xc0,0x30,0x10,0x0f,0xc0,0x30,0x10,0x0f,0xc0,0x30,
  0x10,0x07,0xc0,0x20,0x10,0x03,0x00,0x20,0x18,0x00,0x00,0x20,0x08,0x00,0x00,0x60,0x0c,0x00,0x00,0x40,0x04,0x00,0x00,0xc0,
  0x02,0x00,0x01,0x80,0x01,0x80,0x03,0x00,0x00,0xc0,0x0e,0x00,0x00,0x78,0x38,0x00,0x00,0x0f,0xe0,0x00,0x00,0x07,0xc0,0x00,
  0x00,0x01,0x70,0x00,0x00,0x00,0xcc,0x00,0x00,0x00,0x26,0x00,0x00,0x00,0x11,0x00,0x00,0x00,0x18,0x80,0x00,0x00,0x08,0xc0,
  0x00,0x00,0x0c,0x40,0x00,0x00,0x04,0x20,0x00,0x00,0x06,0x20,0x00,0x00,0x06,0x20,0x00,0x00,0x06,0x30,0x00,0x00,0x06,0x30,
  0x00,0x00,0x06,0x30,0x00,0x00,0x06,0x20,0x00,0x00,0x06,0x20,0x00,0x00,0x04,0x20,0x00,0x00,0x04,0x60,0x00,0x00,0x0c,0x40,
  0x00,0x00,0x08,0x80,0x00,0x00,0x11,0x80,0x00,0x00,0x23,0x00,0x00,0x00,0x4c,0x00,0x00,0x01,0xf8,0x00,0x00,0x07,0xc0,0x00,
  0x18,0x00,0xc0,0x18,0x01,0xc0,0x1c,0x01,0xc0,0x0c,0x03,0x80,0x0e,0x07,0x80,0x07,0xff,0x00,0x03,0xfe,0x00,0x07,0xff,0x00,
  0x0f,0x07,0x80,0x0e,0x03,0x80,0x1c,0x01,0xc0,0x18,0x01,0xc0,0x18,0x00,0xc0,0x18,0x00,0xc0,0x1c,0x01,0xc0,0x1c,0x01,0x80,
  0x0e,0x03,0x80,0x07,0x8f,0x00,0x03,0xfe,0x00,0x01,0xfc,0x00,0x00,0x70,0x00,0x00,0x70,0x00,0x00,0x70,0x00,0x03,0xfe,0x00,
  0x03,0xfe,0x00,0x00,0x70,0x00,0x00,0x70,0x00,0x00,0x70,0x00,0x00,0x00,0x00,0x00,0x3e,0x00,0x00,0x00,0xff,0x80,0x00,0x03,
  0xff,0xe0,0x00,0x07,0xc1,0xf0,0x00,0x0f,0x00,0xf0,0x00,0x0e,0x00,0x78,0x00,0x1e,0x00,0x38,0x00,0x1c,0x00,0x1c,0x00,0x1c,
  0x00,0x1c,0x00,0x1c,0x00,0x1c,0x00,0x1c,0x00,0x1c,0x00,0x1c,0x00,0x1c,0x00,0x1e,0x00,0x3c,0x00,0x0e,0x00,0x38,0x00,0x0f,
  0x00,0x78,0x00,0x07,0xc1,0xf0,0x00,0x03,0xff,0xe0,0x00,0x00,0xff,0x80,0x00,0x00,0x1c,0x00,0x00,0x00,0x1c,0x00,0x00,0x00,
  0x1c,0x00,0x00,0x00,0x1c,0x00,0x00,0x00,0x1c,0x00,0x00,0x03,0xff,0xc0,0x00,0x03,0xff,0xc0,0x00,0x00,0x1c,0x00,0x00,0x00,
  0x1c,0x00,0x00,0x00,0x1c,0x00,0x00,0x00,0x1c,0x00,0x00,0x00,0x00,0x00,0x00,0x00,0x00,0x00,0x00,0x00,0x00,0x1f,0xf0,0x00,
  0x00,0x3f,0xf0,0x00,0x00,0x01,0xf0,0x00,0x00,0x03,0xf0,0x00,0x00,0x07,0xb0,0x00,0x00,0x0f,0x30,0x00,0xff,0x1e,0x30,0x01,
  0xff,0xfc,0x30,0x03,0xff,0xf8,0x20,0x07,0x81,0xf0,0x00,0x0f,0x00,0x70,0x00,0x1e,0x00,0x38,0x00,0x1c,0x00,0x38,0x00,0x1c,
  0x00,0x1c,0x00,0x1c,0x00,0x1c,0x00,0x1c,0x00,0x1c,0x00,0x1c,0x00,0x1c,0x00,0x1c,0x00,0x38,0x00,0x1e,0x00,0x38,0x00,0x0e,
  0x00,0x78,0x00,0x0f,0x80,0xf0,0x00,0x07,0xe7,0xe0,0x00,0x03,0xff,0xc0,0x00,0x00,0xff,0x80,0x00,0x00,0x00,0x00,0x00,0x00,
  0x00,0x03,0x80,0x00,0x00,0x03,0x80,0x00,0x00,0x03,0x80,0x00,0x00,0x03,0x80,0x00,0x3f,0x03,0x80,0x00,0x7f,0x83,0x80,0x01,
  0xff,0xe3,0x80,0x01,0xc0,0xe3,0x80,0x03,0x80,0x73,0x80,0x03,0x00,0x73,0x80,0x03,0x00,0x33,0x80,0x00,0x00,0x33,0x80,0x00,
  0x00,0x33,0x80,0x00,0x00,0x73,0x80,0x00,0x00,0x73,0x80,0x00,0x01,0xe3,0x80,0x03,0xff,0xff,0x80,0x03,0xff,0xff,0x80,0x03,
  0xff,0xff,0x80,0x00,0x00,0x03,0x80,0x00,0x00,0x03,0x80,0x00,0x00,0x03,0x80,0x00,0x00,0x03,0x80,0x00,0x00,0x03,0x80,0x00,
  0x00,0x03,0x80,0x00,0x70,0x00,0x00,0x00,0x70,0x00,0x00,0x00,0x70,0x00,0x00,0x00,0xfe,0x00,0x00,0x01,0xfe,0x00,0x00,0x00,
  0xfc,0x00,0x00,0x00,0x70,0x00,0x00,0x00,0x70,0x00,0x00,0x00,0x70,0x00,0x00,0x00,0x70,0x00,0x00,0x00,0x71,0xc0,0x00,0x00,
  0x7f,0xf0,0x00,0x00,0x7f,0xf8,0x00,0x00,0x7c,0x3c,0x00,0x00,0x78,0x1c,0x00,0x00,0x70,0x0e,0x00,0x00,0x70,0x0e,0x00,0x00,
  0x70,0x0e,0x00,0x00,0x70,0x0e,0x00,0x00,0x70,0x0e,0x00,0x00,0x70,0x0c,0x00,0x00,0x70,0x1c,0x00,0x00,0x70,0x18,0x00,0x00,
  0x70,0x38,0x00,0x00,0x70,0x38,0x00,0x0f,0x83,0x07,0xc0,0x0f,0x83,0x07,0xc0,0x0f,0x83,0x07,0xc0,0x01,0x83,0x07,0x00,0x01,
  0x83,0x07,0x00,0x01,0x83,0x07,0x00,0x01,0x83,0x07,0x00,0x01,0xff,0xff,0x00,0x01,0xff,0xff,0x00,0x01,0xff,0xff,0x00,0x01,
  0x83,0x07,0x00,0x01,0x83,0x07,0x00,0x01,0x83,0x07,0x00,0x01,0x83,0x07,0x00,0x03,0x83,0x07,0x00,0x0f,0x83,0x07,0xc0,0x0f,
  0x83,0x87,0xc0,0x00,0x0f,0xc0,0x00,0x00,0x0e,0xe0,0x00,0x00,0x18,0x60,0x00,0x00,0x18,0x70,0x00,0x00,0x18,0x60,0x00,0x00,
  0x1c,0xe0,0x00,0x00,0x0f,0xc0,0x00,0x00,0x07,0x80,0x00,0x00,0x03,0x80,0x00,0x00,0x07,0xc0,0x00,0x00,0x0f,0xe0,0x00,0x00,
  0x0b,0xe0,0x00,0x00,0x03,0xa0,0x00,0x03,0xc3,0x8f,0x80,0x07,0xe3,0x9f,0x80,0x0f,0xf3,0x9f,0xc0,0x09,0x93,0x97,0x40,0x01,
  0x83,0x87,0x00,0x01,0xc3,0x87,0x00,0x01,0xc3,0x8e,0x00,0x00,0xe3,0x8e,0x00,0x00,0xf3,0x9c,0x00,0x00,0x7f,0xf8,0x00,0x00,
  0x3f,0xf0,0x00,0x00,0x0f,0xe0,0x00,0x00,0x03,0x80,0x00,0x00,0x03,0x80,0x00,0x00,0x1f,0xe0,0x00,0x00,0x1f,0xe0,0x00,0x00,
  0x1f,0xe0,0x00,0x00,0x03,0x80,0x00,0x00,0x03,0x80,0x00,0x00,0x03,0x80,0x00,0x00,0xff,0xc0,0x00,0x00,0xff,0xf0,0x00,0x00,
  0xe1,0xf8,0x00,0x00,0xe0,0x3c,0x00,0x00,0xe0,0x1c,0x00,0x00,0xe0,0x0c,0x00,0x00,0xe0,0x0c,0x00,0x00,0xe0,0x0c,0x00,0x00,
  0xe0,0x1c,0x00,0x00,0xe0,0x3c,0x00,0x00,0xff,0xf8,0x00,0x00,0xff,0xf0,0x00,0x00,0xff,0xc0,0x00,0x00,0xe0,0x00,0x00,0x00,
  0xe0,0x00,0x00,0x00,0xe0,0x00,0x00,0x00,0xe0,0x00,0x00,0x00,0xe0,0x00,0x00,0x00,0xe0,0x00,0x00,0x00,0xe0,0x00,0x00,0x00,
  0xe0,0x00,0x00,0x00,0xe0,0x00,0x00,0x00,0xe0,0x00,0x00,0x00,0xff,0xf8,0x00,0x00,0xff,0xf8,0x00,0x07,0x80,0x03,0xc0,0x1f,
  0xc0,0x0f,0xe0,0x38,0xe0,0x1e,0x70,0x30,0x70,0x18,0x38,0x30,0x30,0x38,0x38,0x30,0x38,0x70,0x18,0x30,0x18,0x70,0x18,0x30,
  0x1c,0x60,0x38,0x30,0x0c,0xe0,0x30,0x18,0x0c,0xc0,0x30,0x00,0x0e,0xc0,0x00,0x00,0x06,0xc0,0x00,0x00,0x06,0xc0,0x00,0x00,
  0x07,0x80,0x00,0x00,0x07,0x80,0x00,0x00,0x07,0x80,0x00,0x00,0x03,0x80,0x00,0x00,0x03,0x80,0x00,0x00,0x03,0x80,0x00,0x00,
  0x03,0x80,0x00,0x00,0x03,0x00,0x00,0x00,0x03,0x00,0x00,0x00,0x03,0x00,0x00,0x00,0x03,0x00,0x00,0x00,0x03,0x00,0x00,0x1c,
  0x00,0x00,0x60,0x1e,0x00,0x01,0xe0,0x07,0x00,0x03,0xc0,0x03,0x80,0x03,0x80,0x03,0xc0,0x07,0x00,0x01,0xc0,0x0e,0x00,0x00,
  0xe0,0x1e,0x00,0x00,0x70,0x3c,0x00,0x00,0x3f,0xf8,0x00,0x00,0x3f,0xf0,0x00,0x00,0x3f,0xf8,0x00,0x00,0x70,0x3c,0x00,0x00,
  0xe0,0x1e,0x00,0x01,0xc0,0x0e,0x00,0x01,0xc0,0x06,0x00,0x01,0x80,0x07,0x00,0x01,0x80,0x07,0x00,0x01,0x80,0x07,0x00,0x01,
  0xc0,0x06,0x00,0x01,0xc0,0x0e,0x00,0x00,0xe0,0x0e,0x00,0x00,0xf0,0x3c,0x00,0x00,0x7f,0xf8,0x00,0x00,0x3f,0xf0,0x00,0x00,
  0x0f,0xc0,0x00,0x18,0x00,0x00,0x20,0x1f,0xf0,0x1f,0xe0,0x1f,0xff,0xff,0xe0,0x01,0xff,0xfe,0x00,0x00,0x60,0x1c,0x00,0x00,
  0x60,0x1c,0x00,0x00,0x60,0x1c,0x00,0x00,0x60,0x1c,0x00,0x00,0x60,0x1c,0x00,0x00,0x60,0x1c,0x00,0x00,0x60,0x1c,0x00,0x00,
  0x60,0x1c,0x00,0x00,0x60,0x1c,0x00,0x00,0x60,0x1c,0x00,0x00,0x60,0x1c,0x00,0x00,0x60,0x1c,0x00,0x00,0x60,0x1c,0x00,0x00,
  0x60,0x1c,0x00,0x00,0x60,0x1c,0x00,0x00,0x60,0x1c,0x00,0x00,0x60,0x1c,0x00,0x00,0xff,0xfe,0x00,0x0f,0xff,0xff,0xe0,0x1f,
  0xfe,0xff,0xe0,0x18,0x00,0x00,0x60,0x00,0x00,0x00,0x00,0x00,0x7f,0xfe,0x00,0x01,0xff,0xff,0xc0,0x03,0xfc,0x00,0xe0,0x07,
  0x0e,0x00,0x00,0x0e,0x06,0x00,0x00,0x0c,0x06,0x00,0x00,0x0c,0x07,0x00,0x00,0x0c,0x06,0x00,0x00,0x0c,0x06,0x00,0x00,0x06,
  0x0e,0x0c,0x00,0x07,0xfc,0x7f,0x00,0x03,0xf8,0xf7,0x80,0x00,0x00,0xc1,0xc0,0x00,0x01,0x80,0xc0,0x00,0x01,0x80,0xe0,0x00,
  0x01,0x80,0x60,0x00,0x01,0x80,0xc0,0x00,0x01,0xc0,0xc0,0x00,0x00,0xe1,0xc0,0x0f,0x00,0x7f,0x80,0x0f,0xff,0xfe,0x00,0x00,
  0x7f,0xf8,0x00,0x00,0x00,0x00,0x00,0x00,0x01,0xf0,0x00,0x00,0x07,0xfc,0x00,0x00,0x0e,0x0e,0x00,0x00,0x0c,0x07,0x00,0x00,
  0x18,0x03,0x00,0x00,0x18,0x03,0x00,0x00,0x18,0x03,0x00,0x00,0x18,0x03,0x00,0x00,0x08,0x03,0x00,0x00,0x0c,0x03,0x00,0x00,
  0x6c,0x03,0x00,0x01,0xfc,0x06,0x00,0x03,0x9e,0x06,0x00,0x06,0x0e,0x0c,0x00,0x06,0x06,0x0c,0x00,0x06,0x06,0x18,0x00,0x06,
  0x06,0x18,0x00,0x06,0x0c,0x30,0x00,0x03,0x9c,0x30,0x00,0x01,0xf8,0x30,0x00,0x00,0x00,0x30,0x00,0x00,0x00,0x30,0x00,0x00,
  0x00,0x30,0x80,0x00,0x00,0x3f,0x80,0x00,0x00,0x0f,0x00,0x00,0x30,0x30,0x00,0x38,0x78,0x78,0x00,0x1c,0xfc,0xfc,0x00,0x0d,
  0x8d,0x9c,0x00,0x0f,0x8d,0x9c,0x00,0x0f,0x0f,0x1c,0x00,0x0f,0x0f,0x1c,0xe0,0x0e,0x0e,0x1d,0xf0,0x0e,0x0e,0x1d,0xf0,0x0e,
  0x0c,0x1f,0x30,0x0e,0x0c,0x1f,0x30,0x0e,0x0c,0x1e,0x38,0x0e,0x0c,0x1e,0x18,0x0e,0x0c,0x1c,0x18,0x0e,0x0c,0x1c,0x18,0x0e,
  0x0c,0x1c,0x38,0x0e,0x0c,0x1c,0x30,0x0e,0x0c,0x1c,0x30,0x0e,0x0c,0x1c,0x30,0x0e,0x0c,0x1c,0x70,0x0e,0x0c,0x1c,0x60,0x0e,
  0x0c,0x1c,0xe0,0x0e,0x0c,0x1d,0xc0,0x0e,0x0c,0x1f,0x80,0x0e,0x0c,0x1f,0x00,0x00,0x00,0x1e,0x00,0x00,0x00,0x3c,0x00,0x00,
  0x01,0xfe,0x00,0x00,0x03,0xee,0x00,0x00,0x00,0x07,0x00,0x00,0x00,0x07,0x00,0x00,0x00,0x00,0x00,0x00,0x00,0x00,0x00,0x00,
  0x0f,0xc0,0x00,0x00,0x3f,0xf0,0x00,0x00,0x7c,0xf8,0x00,0x00,0x70,0x38,0x00,0x00,0xe0,0x1c,0x00,0x00,0xc0,0x1c,0x00,0x00,
  0xc0,0x0c,0x00,0x00,0xc0,0x0c,0x00,0x00,0xc0,0x0c,0x00,0x00,0xe0,0x1c,0x00,0x00,0xe0,0x3c,0x00,0x1f,0xf0,0x3f,0xf0,0x1f,
  0xf0,0x3f,0xf0,0x1f,0xf0,0x3f,0xe0,0x00,0x00,0x00,0x00,0x00,0x00,0x00,0x00,0x00,0x00,0x00,0x00,0x00,0x00,0x00,0x00,0x1f,
  0xff,0xff,0xf0,0x1f,0xff,0xff,0xf0,0x00,0x00,0x00,0x00,0x00,0x00,0x00,0x00,0x00,0x20,0x30,0x00,0x30,0xf0,0xf0,0x00,0x39,
  0xf9,0xf8,0x00,0x1d,0x99,0xb8,0x00,0x1f,0x1f,0x18,0x00,0x0e,0x1e,0x18,0x00,0x0e,0x1e,0x18,0x00,0x0e,0x1c,0x18,0x00,0x0c,
  0x1c,0x18,0x00,0x0c,0x1c,0x18,0x00,0x0c,0x1c,0x18,0x00,0x0c,0x1c,0x18,0x00,0x0c,0x1c,0x18,0x00,0x0c,0x1c,0x18,0x00,0x0c,
  0x1c,0x18,0x00,0x0c,0x1c,0x18,0x00,0x0c,0x1c,0x18,0x00,0x0c,0x1c,0x18,0x00,0x0c,0x1c,0x18,0x00,0x0c,0x1c,0x18,0x00,0x0c,
  0x1c,0x18,0x00,0x0c,0x1c,0x18,0x00,0x0c,0x1c,0x1c,0x00,0x0c,0x1c,0x0c,0x20,0x0c,0x1c,0x0f,0xf0,0x00,0x00,0x07,0xf8,0x00,
  0x00,0x00,0x30,0x00,0x00,0x00,0x20,0x00,0x00,0x00,0x00,0x00,0x01,0xff,0xf0,0x00,0x01,0xff,0xf0,0x00,0x01,0xff,0xf0,0x00,
  0x00,0x01,0xf0,0x00,0x00,0x03,0xf0,0x00,0x00,0x07,0x70,0x00,0x00,0x0e,0x70,0x00,0x00,0x1c,0x70,0x00,0x00,0x38,0x70,0x02,
  0x00,0x70,0x70,0x07,0x00,0xe0,0x70,0x07,0x81,0xc0,0x70,0x03,0xc3,0x80,0x70,0x01,0xe7,0x00,0x00,0x00,0xfe,0x00,0x00,0x00,
  0x7c,0x00,0x00,0x00,0x7c,0x00,0x00,0x00,0x7e,0x00,0x00,0x00,0xef,0x00,0x00,0x01,0xc7,0x80,0x00,0x03,0x83,0xc0,0x00,0x07,
  0x01,0xc0,0x00,0x0e,0x00,0xc0,0x00,0x1c,0x00,0x00,0x00,0x08,0x00,0x00,0x00,0x00,0x00,0x00,0x00,0x00,0x06,0x00,0x00,0x1c,
  0x0e,0x00,0x00,0x0e,0x1f,0x00,0x00,0x06,0x1f,0x00,0x00,0x03,0x3b,0x00,0x00,0x03,0x33,0x00,0x00,0x01,0x31,0x00,0x00,0x01,
  0xf1,0x80,0x00,0x01,0xe1,0x80,0x00,0x01,0xe1,0x80,0x00,0x01,0xe1,0x80,0x00,0x00,0xe1,0x8f,0x80,0x00,0xc1,0x9f,0xc0,0x00,
  0xc1,0xb8,0xe0,0x00,0xc0,0xf0,0x60,0x00,0x00,0xe0,0x60,0x00,0x00,0xe0,0x60,0x00,0x00,0xf0,0x60,0x00,0x00,0xf8,0xe0,0x00,
  0x01,0xdf,0xc0,0x00,0x01,0x8f,0x80,0x00,0x03,0x80,0x00,0x00,0x03,0x00,0x00,0x00,0x3f,0x00,0x00,0x00,0x3e,0x00,0x00,0x00,
  0x00,0xc0,0x00,0x00,0xe1,0xe3,0x80,0x01,0xf7,0xe7,0xc0,0x07,0xff,0xff,0xc0,0x0e,0x3c,0x3c,0x60,0x1c,0x18,0x38,0x60,0x00,
  0x00,0x00,0x20,0x00,0x00,0x00,0x00,0x00,0x00,0xc0,0x00,0x00,0xe1,0xe3,0x80,0x03,0xff,0xff,0xc0,0x07,0x3f,0x7f,0xe0,0x0e,
  0x3c,0x3c,0x60,0x18,0x10,0x30,0x60,0x00,0x00,0x00,0x20,0x00,0x00,0x00,0x00,0x00,0x00,0x00,0x00,0x00,0x00,0x00,0x00,0x00,
  0x00,0x00,0x00,0x00,0x00,0x00,0x00,0x03,0x00,0x03,0x80,0x03,0x80,0x07,0x00,0x01,0xc0,0x06,0x00,0x00,0xe0,0x0e,0x00,0x00,
  0x60,0x1c,0x00,0x00,0x70,0x18,0x00,0x00,0x30,0x38,0x00,0x00,0x30,0x30,0x00,0x00,0x38,0x30,0x00,0x00,0x18,0x30,0x00,0x00,
  0x18,0x70,0x00,0x03,0xff,0xff,0x00,0x03,0xff,0xff,0x00,0x03,0xff,0xff,0x00,0x00,0x18,0x70,0x00,0x00,0x18,0x70,0x00,0x00,
  0x38,0x30,0x00,0x00,0x30,0x30,0x00,0x00,0x30,0x38,0x00,0x00,0x70,0x18,0x00,0x00,0x60,0x1c,0x00,0x00,0xe0,0x0c,0x00,0x01,
  0xc0,0x0e,0x00,0x01,0x80,0x07,0x00,0x03,0x00,0x03,0x80,0x00,0x00,0x00,0x00,0x00,0x00,0x1c,0x00,0x00,0x00,0x3c,0x00,0x00,
  0x00,0x78,0x00,0x00,0x00,0xf0,0x00,0x00,0x00,0xe0,0x00,0x00,0x01,0xe0,0x00,0x00,0x03,0xc0,0x00,0x00,0x07,0x80,0x00,0x00,
  0x07,0x00,0x00,0x00,0x0e,0x00,0x00,0x03,0x1e,0x00,0x00,0x07,0x9c,0x00,0x00,0x07,0xb8,0x00,0x00,0x07,0xf8,0x00,0x00,0x03,
  0xf0,0x00,0x00,0x03,0xe0,0x00,0x00,0x01,0xe0,0x00,0x00,0x01,0xc0,0x00,0x00,0x00,0x00,0x00,0x00,0x00,0x00,0x00,0x00,0x00,
  0x00,0x00,0x00
};

static const Glyph F_SYM_L_glyphs[] = {
  {0x211e,0,30,25,30,0,-25},
  {0x25b6,100,27,27,26,0,-22},
  {0x25c0,208,27,27,26,0,-22},
  {0x2600,316,30,25,30,0,-25},
  {0x2605,416,30,26,30,0,-25},
  {0x2609,520,30,25,30,0,-25},
  {0x263d,620,30,25,30,0,-25},
  {0x263f,720,21,29,21,0,-25},
  {0x2640,807,25,30,25,0,-25},
  {0x2642,927,30,26,30,0,-25},
  {0x2643,1031,30,25,30,0,-25},
  {0x2644,1131,30,25,30,0,-25},
  {0x2645,1231,30,25,30,0,-25},
  {0x2646,1331,30,25,30,0,-25},
  {0x2647,1431,30,25,30,0,-25},
  {0x2648,1531,30,25,30,0,-25},
  {0x2649,1631,30,25,30,0,-25},
  {0x264a,1731,30,25,30,0,-25},
  {0x264b,1831,30,24,30,0,-24},
  {0x264c,1927,30,25,30,0,-25},
  {0x264d,2027,30,32,30,0,-25},
  {0x264e,2155,30,23,30,0,-23},
  {0x264f,2247,30,29,30,0,-25},
  {0x2650,2363,30,26,30,0,-25},
  {0x2651,2467,30,25,30,0,-25},
  {0x2652,2567,30,20,30,0,-20},
  {0x2653,2647,30,25,30,0,-25},
  {0x2713,2747,28,22,28,0,-22}
};
const Font F_SYM_L = {F_SYM_L_bits, F_SYM_L_glyphs, 28, 32, 9, 41};

static const uint8_t ICON24_pill[] = {
  0x00,0x00,0x00,0x00,0x00,0x00,0x00,0x00,0x00,0x00,0x00,0x00,0x00,0x03,0xe0,0x00,0x0f,0xf0,0x00,0xde,0x78,0x00,0xfc,0x18,
  0x00,0xf0,0x1c,0x03,0xf0,0x1c,0x07,0xf0,0x18,0x0f,0x38,0x38,0x1c,0x1c,0xf0,0x18,0x0f,0xe0,0x38,0x0f,0xc0,0x38,0x0f,0x00,
  0x18,0x3f,0x00,0x1e,0x7b,0x00,0x0f,0xf0,0x00,0x07,0xc0,0x00,0x00,0x00,0x00,0x00,0x00,0x00,0x00,0x00,0x00,0x00,0x00,0x00
};

static const uint8_t ICON24_am[] = {
  0x00,0x00,0x00,0x00,0x18,0x00,0x00,0x18,0x00,0x08,0x18,0x10,0x1c,0x18,0x38,0x0e,0x00,0x70,0x07,0x3c,0xe0,0x02,0xff,0x40,
  0x01,0xff,0x80,0x01,0xc3,0x80,0x03,0x81,0xc0,0x7b,0x81,0xde,0x7b,0x81,0xde,0x03,0x81,0xc0,0x01,0xc3,0x80,0x01,0xff,0x80,
  0x02,0xff,0x40,0x07,0x3c,0xe0,0x0e,0x00,0x70,0x1c,0x18,0x38,0x08,0x18,0x10,0x00,0x18,0x00,0x00,0x18,0x00,0x00,0x00,0x00
};

static const uint8_t ICON24_pm[] = {
  0x00,0x00,0x00,0x00,0x7f,0x00,0x01,0xff,0xc0,0x03,0xe3,0xc0,0x07,0x81,0xc0,0x0e,0x03,0x80,0x0e,0x03,0x00,0x1c,0x03,0x00,
  0x18,0x07,0x00,0x18,0x03,0x00,0x38,0x03,0x00,0x38,0x03,0x80,0x18,0x03,0x80,0x18,0x01,0xc0,0x1c,0x00,0xf0,0x1c,0x00,0x7c,
  0x0e,0x00,0x3c,0x0f,0x00,0x38,0x07,0x80,0xf0,0x03,0xff,0xe0,0x00,0xff,0xc0,0x00,0x1e,0x00,0x00,0x00,0x00,0x00,0x00,0x00
};

static const uint8_t ICON24_prn[] = {
  0x00,0x00,0x00,0x00,0x00,0x00,0x00,0xff,0x00,0x03,0xff,0xc0,0x07,0x81,0xe0,0x0e,0x00,0x70,0x1c,0x18,0x38,0x18,0x18,0x18,
  0x38,0x18,0x1c,0x30,0x18,0x0c,0x30,0x18,0x0c,0x30,0x1c,0x0c,0x30,0x1e,0x0c,0x30,0x0f,0x0c,0x30,0x03,0x8c,0x38,0x01,0x1c,
  0x18,0x00,0x18,0x1c,0x00,0x38,0x0e,0x00,0x70,0x07,0x81,0xe0,0x03,0xff,0xc0,0x00,0xff,0x00,0x00,0x00,0x00,0x00,0x00,0x00
};

static const uint8_t ICON24_meal[] = {
  0x00,0x00,0x00,0x00,0x00,0x00,0xfc,0x00,0x00,0xfc,0x00,0x00,0xfc,0x00,0x00,0xfc,0x3f,0x00,0xfc,0xff,0xc0,0xfd,0xf1,0xe0,
  0xfb,0xc0,0x70,0x7b,0x80,0x30,0x33,0x00,0x38,0x37,0x00,0x18,0x37,0x00,0x18,0x37,0x00,0x18,0x37,0x00,0x38,0x33,0x00,0x38,
  0x33,0x80,0x70,0x31,0xc0,0xf0,0x30,0xff,0xe0,0x30,0x7f,0xc0,0x30,0x1e,0x00,0x30,0x00,0x00,0x00,0x00,0x00,0x00,0x00,0x00
};

static const uint8_t ICON24_snack[] = {
  0x00,0x00,0x00,0x00,0x03,0x00,0x00,0x07,0x00,0x00,0x0f,0x00,0x00,0x1c,0x00,0x03,0xff,0xc0,0x07,0xff,0xe0,0x0f,0x7e,0xf0,
  0x1c,0x00,0x38,0x1c,0x00,0x38,0x18,0x00,0x18,0x18,0x00,0x18,0x18,0x00,0x18,0x18,0x00,0x18,0x1c,0x00,0x38,0x1c,0x00,0x38,
  0x0c,0x00,0x70,0x0e,0x00,0x70,0x07,0x00,0xe0,0x03,0xff,0xc0,0x01,0xff,0x80,0x00,0xff,0x00,0x00,0x00,0x00,0x00,0x00,0x00
};

static const uint8_t ICON24_shower[] = {
  0x00,0x00,0x00,0x03,0xf8,0x00,0x07,0xfc,0x00,0x0f,0xfe,0x00,0x1c,0x07,0x00,0x18,0x07,0x00,0x18,0x07,0x00,0x18,0x7f,0xf0,
  0x18,0x7f,0xf0,0x18,0x00,0x00,0x18,0x00,0x00,0x18,0x1b,0x60,0x18,0x3b,0x60,0x18,0x1b,0x60,0x18,0x00,0x00,0x18,0x36,0x60,
  0x18,0x37,0x70,0x18,0x36,0x60,0x18,0x00,0x00,0x18,0x00,0x00,0x18,0x00,0x00,0x18,0x00,0x00,0x18,0x00,0x00,0x00,0x00,0x00
};

static const uint8_t ICON24_teeth[] = {
  0x00,0x00,0x00,0x00,0x00,0x00,0x07,0x87,0x80,0x0f,0xff,0xe0,0x0f,0xfe,0xe0,0x1c,0x20,0x70,0x18,0x00,0x30,0x18,0x00,0x30,
  0x18,0x00,0x30,0x18,0x00,0x30,0x18,0x00,0x30,0x1c,0x00,0x30,0x1c,0x00,0x70,0x0c,0x00,0x70,0x0c,0x18,0x60,0x0e,0x3c,0xe0,
  0x06,0x7c,0xe0,0x06,0x7c,0xc0,0x07,0x6e,0xc0,0x07,0xef,0xc0,0x07,0xe7,0xc0,0x03,0xc7,0x80,0x01,0xc3,0x80,0x00,0x00,0x00
};

static const uint8_t ICON24_joy[] = {
  0x00,0x00,0x00,0x00,0x18,0x00,0x00,0x18,0x00,0x00,0x3c,0x00,0x00,0x3c,0x00,0x00,0x3c,0x00,0x00,0x7e,0x00,0x00,0x7e,0x00,
  0x00,0x66,0x00,0x03,0xe7,0xc0,0x1f,0xc3,0xf8,0x7f,0x00,0xfe,0x7f,0x00,0xfe,0x1f,0xc3,0xf8,0x03,0xe7,0xc0,0x00,0x66,0x00,
  0x00,0x7e,0x00,0x00,0x7e,0x00,0x00,0x3c,0x00,0x00,0x3c,0x00,0x00,0x3c,0x00,0x00,0x18,0x00,0x00,0x18,0x00,0x00,0x00,0x00
};

static const uint8_t ICON24_text[] = {
  0x00,0x00,0x00,0x00,0x00,0x00,0x00,0x00,0x00,0x3f,0xff,0xfc,0x3f,0xff,0xfc,0x3f,0xff,0xfc,0x30,0x00,0x0c,0x30,0x00,0x0c,
  0x33,0xff,0xcc,0x33,0xff,0xcc,0x30,0x00,0x0c,0x33,0xfc,0x0c,0x33,0xfc,0x0c,0x31,0xfc,0x0c,0x30,0x00,0x0c,0x3c,0x3f,0xfc,
  0x3e,0x7f,0xfc,0x3e,0xff,0xfc,0x0f,0xc0,0x00,0x0f,0x80,0x00,0x0f,0x00,0x00,0x06,0x00,0x00,0x00,0x00,0x00,0x00,0x00,0x00
};

static const uint8_t ICON24_sleep[] = {
  0x00,0x00,0x00,0x00,0x00,0x00,0x00,0x00,0x00,0x00,0x00,0x00,0x00,0x00,0x00,0x00,0x00,0x00,0x7f,0x1f,0xf8,0x7f,0xff,0xfc,
  0x7f,0xff,0xfe,0x60,0xe0,0x06,0x60,0xe0,0x06,0x7f,0xe0,0x06,0x7f,0xe0,0x06,0x7f,0x00,0x06,0x7f,0xff,0xfe,0x7f,0xff,0xfe,
  0x70,0x00,0x0e,0x60,0x00,0x06,0x60,0x00,0x06,0x60,0x00,0x06,0x60,0x00,0x06,0x00,0x00,0x00,0x00,0x00,0x00,0x00,0x00,0x00
};

static const uint8_t ICON24_work[] = {
  0x00,0x00,0x00,0x00,0x00,0x00,0x00,0x00,0x00,0x01,0xff,0x80,0x01,0xff,0x80,0x01,0xff,0x80,0x3f,0xff,0xfc,0x7f,0xff,0xfe,
  0x71,0x81,0x8e,0x60,0x00,0x06,0x60,0x00,0x06,0x60,0x00,0x06,0x7f,0xff,0xfe,0x7f,0xff,0xfe,0x7f,0xff,0xfe,0x60,0x00,0x06,
  0x60,0x00,0x06,0x60,0x00,0x06,0x60,0x00,0x06,0x60,0x00,0x06,0x7f,0xff,0xfe,0x3f,0xff,0xfc,0x00,0x00,0x00,0x00,0x00,0x00
};

static const uint8_t ICON24_spoon[] = {
  0x00,0x3c,0x00,0x00,0x7e,0x00,0x00,0xff,0x00,0x01,0xc3,0x80,0x01,0x81,0x80,0x01,0x81,0x80,0x01,0x81,0x80,0x01,0x81,0x80,
  0x01,0x81,0x80,0x01,0xc3,0x80,0x00,0xff,0x00,0x00,0x7e,0x00,0x00,0x18,0x00,0x00,0x18,0x00,0x00,0x18,0x00,0x00,0x18,0x00,
  0x00,0x18,0x00,0x00,0x18,0x00,0x00,0x18,0x00,0x00,0x18,0x00,0x00,0x18,0x00,0x00,0x18,0x00,0x00,0x18,0x00,0x00,0x00,0x00
};

static const uint8_t ICON24_low[] = {
  0x00,0x00,0x00,0x00,0x7e,0x00,0x01,0xff,0x80,0x07,0xff,0xe0,0x0f,0x00,0xf0,0x1e,0x00,0x78,0x1c,0x00,0x38,0x38,0x00,0x1c,
  0x30,0xc3,0x0c,0x71,0xc3,0x8e,0x70,0xc3,0x0e,0x70,0x00,0x0e,0x70,0x00,0x0e,0x70,0x00,0x0e,0x70,0x7e,0x0e,0x31,0xff,0x8c,
  0x39,0xc3,0x9c,0x1c,0x81,0x38,0x1e,0x00,0x78,0x0f,0x00,0xf0,0x07,0xff,0xe0,0x01,0xff,0x80,0x00,0x7e,0x00,0x00,0x00,0x00
};

static const uint8_t ICON24_high[] = {
  0x00,0x00,0x00,0x00,0x7e,0x00,0x01,0xff,0x80,0x07,0xff,0xe0,0x0f,0x00,0xf0,0x1e,0x00,0x78,0x1c,0x00,0x38,0x38,0x81,0x1c,
  0x31,0xc3,0x8c,0x71,0xc3,0x8e,0x70,0x81,0x0e,0x70,0x00,0x0e,0x71,0x00,0x8e,0x71,0xc3,0x8e,0x71,0xff,0x8e,0x30,0xff,0x0c,
  0x38,0x3c,0x1c,0x1c,0x00,0x38,0x1e,0x00,0x78,0x0f,0x00,0xf0,0x07,0xff,0xe0,0x01,0xff,0x80,0x00,0x7e,0x00,0x00,0x00,0x00
};

static const uint8_t ICON24_mid[] = {
  0x00,0x00,0x00,0x00,0x7e,0x00,0x01,0xff,0x80,0x07,0xff,0xe0,0x0f,0x00,0xf0,0x1e,0x00,0x78,0x1c,0x00,0x38,0x38,0x00,0x1c,
  0x31,0xc3,0x8c,0x71,0xc3,0x8e,0x70,0x81,0x0e,0x70,0x00,0x0e,0x70,0x00,0x0e,0x70,0x00,0x0e,0x71,0xff,0x8e,0x31,0xff,0x8c,
  0x38,0x00,0x1c,0x1c,0x00,0x38,0x1e,0x00,0x78,0x0f,0x00,0xf0,0x07,0xff,0xe0,0x01,0xff,0x80,0x00,0x7e,0x00,0x00,0x00,0x00
};

static const uint8_t ICON24_anx[] = {
  0x00,0x00,0x00,0x00,0x00,0x00,0x00,0x00,0x00,0x00,0x00,0x00,0x00,0x00,0x00,0x00,0x00,0x00,0x00,0x00,0x00,0x00,0x00,0x00,
  0x1c,0x07,0x00,0x3e,0x0f,0x80,0x7e,0x1f,0xc0,0x67,0x1c,0xc6,0x63,0x38,0xe6,0x03,0xf8,0x7e,0x01,0xf0,0x7c,0x00,0xe0,0x38,
  0x00,0x00,0x00,0x00,0x00,0x00,0x00,0x00,0x00,0x00,0x00,0x00,0x00,0x00,0x00,0x00,0x00,0x00,0x00,0x00,0x00,0x00,0x00,0x00
};

static const uint8_t ICON24_calm[] = {
  0x00,0x00,0x00,0x00,0x00,0x00,0x00,0x00,0x00,0x00,0x00,0x00,0x00,0x00,0x00,0x00,0x00,0x00,0x00,0x00,0x00,0x00,0x00,0x00,
  0x00,0x00,0x00,0x00,0x00,0x00,0x00,0x00,0x00,0x7f,0xff,0xfe,0x7f,0xff,0xfe,0x00,0x00,0x00,0x00,0x00,0x00,0x00,0x00,0x00,
  0x00,0x00,0x00,0x00,0x00,0x00,0x00,0x00,0x00,0x00,0x00,0x00,0x00,0x00,0x00,0x00,0x00,0x00,0x00,0x00,0x00,0x00,0x00,0x00
};

static const uint8_t ICON24_check[] = {
  0x00,0x00,0x00,0x00,0x00,0x00,0x00,0x00,0x00,0x00,0x00,0x00,0x00,0x00,0x08,0x00,0x00,0x1c,0x00,0x00,0x38,0x00,0x00,0x70,
  0x00,0x00,0xf0,0x00,0x01,0xe0,0x00,0x01,0xc0,0x00,0x03,0x80,0x38,0x07,0x00,0x1c,0x0e,0x00,0x0e,0x1c,0x00,0x07,0x38,0x00,
  0x03,0xf0,0x00,0x01,0xf0,0x00,0x00,0xe0,0x00,0x00,0x40,0x00,0x00,0x00,0x00,0x00,0x00,0x00,0x00,0x00,0x00,0x00,0x00,0x00
};

static const uint8_t ICON24_heart[] = {
  0x00,0x00,0x00,0x00,0x00,0x00,0x0f,0xe7,0xe0,0x1f,0xff,0xf8,0x3c,0x7e,0x3c,0x38,0x18,0x1c,0x70,0x00,0x0e,0x60,0x00,0x0e,
  0x60,0x00,0x06,0x70,0x00,0x0e,0x70,0x00,0x0e,0x38,0x00,0x1c,0x3c,0x00,0x3c,0x1e,0x00,0x78,0x0f,0x00,0xf0,0x07,0x81,0xe0,
  0x03,0xc3,0xc0,0x01,0xe7,0x80,0x00,0xff,0x00,0x00,0x7e,0x00,0x00,0x3c,0x00,0x00,0x00,0x00,0x00,0x00,0x00,0x00,0x00,0x00
};

static const uint8_t ICON24_wifi[] = {
  0x00,0x00,0x00,0x00,0x00,0x00,0x00,0x00,0x00,0x00,0x00,0x00,0x00,0xff,0x00,0x07,0xff,0xe0,0x1f,0xc3,0xf8,0x3e,0x00,0x7c,
  0x78,0x00,0x1e,0x60,0x3c,0x06,0x01,0xff,0x80,0x03,0xff,0xc0,0x07,0x81,0xe0,0x0e,0x00,0x70,0x00,0x00,0x00,0x00,0x7e,0x00,
  0x00,0xff,0x00,0x00,0xe7,0x00,0x00,0x18,0x00,0x00,0x3c,0x00,0x00,0x3c,0x00,0x00,0x3c,0x00,0x00,0x00,0x00,0x00,0x00,0x00
};

static const uint8_t ICON24_cal[] = {
  0x00,0x00,0x00,0x01,0x81,0x80,0x01,0x81,0x80,0x1f,0xff,0xf8,0x3f,0xff,0xfc,0x7f,0xff,0xfe,0x71,0x81,0x8e,0x71,0x81,0x8e,
  0x70,0x00,0x0e,0x7f,0xff,0xfe,0x7f,0xff,0xfe,0x70,0x00,0x0e,0x70,0x00,0x0e,0x70,0x00,0x0e,0x70,0x00,0x0e,0x70,0x00,0x0e,
  0x70,0x00,0x0e,0x70,0x00,0x0e,0x70,0x00,0x0e,0x70,0x00,0x0e,0x7f,0xff,0xfe,0x3f,0xff,0xfc,0x1f,0xff,0xf8,0x00,0x00,0x00
};

static const uint8_t ICON24_chart[] = {
  0x00,0x00,0x00,0x00,0x00,0x00,0x00,0x00,0x00,0x00,0x00,0x00,0x00,0x00,0x00,0x00,0x18,0x00,0x00,0x18,0x00,0x00,0x18,0x00,
  0x00,0x18,0x00,0x00,0x18,0x60,0x00,0x18,0x60,0x00,0x18,0x60,0x06,0x18,0x60,0x06,0x18,0x60,0x06,0x18,0x60,0x06,0x18,0x60,
  0x06,0x18,0x60,0x06,0x18,0x60,0x06,0x18,0x60,0x00,0x00,0x00,0x3f,0xff,0xfc,0x3f,0xff,0xfc,0x00,0x00,0x00,0x00,0x00,0x00
};

static const uint8_t ICON24_gear[] = {
  0x00,0x00,0x00,0x00,0x18,0x00,0x00,0x18,0x00,0x00,0x18,0x00,0x0c,0x18,0x30,0x0e,0x18,0x70,0x07,0x00,0xe0,0x03,0x3c,0xc0,
  0x00,0x7e,0x00,0x00,0xff,0x00,0x01,0xc3,0x80,0x7d,0xc3,0xbe,0x7d,0xc3,0xbe,0x01,0xc3,0x80,0x00,0xff,0x00,0x00,0x7e,0x00,
  0x03,0x3c,0xc0,0x07,0x00,0xe0,0x0e,0x18,0x70,0x0c,0x18,0x30,0x00,0x18,0x00,0x00,0x18,0x00,0x00,0x18,0x00,0x00,0x00,0x00
};

static const uint8_t ICON24_sunrise[] = {
  0x00,0x00,0x00,0x00,0x00,0x00,0x00,0x18,0x00,0x00,0x3c,0x00,0x00,0x7e,0x00,0x00,0xff,0x00,0x00,0xff,0x00,0x00,0x99,0x00,
  0x00,0x18,0x00,0x00,0x18,0x00,0x00,0x00,0x00,0x00,0x00,0x00,0x00,0x7e,0x00,0x00,0xff,0x00,0x01,0xe7,0x80,0x03,0x81,0xc0,
  0x07,0x00,0xe0,0x07,0x00,0xe0,0x7f,0xff,0xfe,0x7f,0xff,0xfe,0x00,0x00,0x00,0x00,0x00,0x00,0x00,0x00,0x00,0x00,0x00,0x00
};

static const uint8_t ICON24_sunset[] = {
  0x00,0x00,0x00,0x00,0x00,0x00,0x00,0x18,0x00,0x00,0x18,0x00,0x00,0x18,0x00,0x00,0xdb,0x00,0x00,0xff,0x00,0x00,0x7e,0x00,
  0x00,0x3c,0x00,0x00,0x18,0x00,0x00,0x00,0x00,0x00,0x00,0x00,0x00,0x7e,0x00,0x00,0xff,0x00,0x01,0xe7,0x80,0x03,0x81,0xc0,
  0x07,0x00,0xe0,0x07,0x00,0xe0,0x7f,0xff,0xfe,0x7f,0xff,0xfe,0x00,0x00,0x00,0x00,0x00,0x00,0x00,0x00,0x00,0x00,0x00,0x00
};

static const uint8_t ICON24_leaf[] = {
  0x00,0x00,0x00,0x00,0x00,0x00,0x00,0x00,0x7c,0x00,0x03,0xfc,0x00,0x1f,0xfc,0x00,0x3e,0x1c,0x00,0xf8,0x1c,0x01,0xe0,0x18,
  0x03,0xc0,0x18,0x03,0x86,0x38,0x07,0x0e,0x30,0x06,0x1c,0x70,0x0e,0x38,0x70,0x0c,0x70,0xe0,0x1c,0xe1,0xc0,0x1d,0xc3,0xc0,
  0x1f,0x87,0x80,0x1f,0x1f,0x00,0x1f,0xfc,0x00,0x1f,0xf0,0x00,0x1f,0xc0,0x00,0x00,0x00,0x00,0x00,0x00,0x00,0x00,0x00,0x00
};

static const uint8_t ICON24_star[] = {
  0x00,0x00,0x00,0x00,0x18,0x00,0x00,0x18,0x00,0x00,0x3c,0x00,0x00,0x3c,0x00,0x00,0x7e,0x00,0x00,0x7e,0x00,0x00,0xe7,0x00,
  0x3f,0xe7,0xfc,0x7f,0xc3,0xfe,0x3c,0x00,0x3c,0x1e,0x00,0x78,0x0f,0x00,0xf0,0x07,0x81,0xe0,0x03,0x81,0xc0,0x03,0x00,0xc0,
  0x03,0x3c,0xc0,0x07,0xff,0xe0,0x07,0xff,0xe0,0x07,0xc3,0xe0,0x07,0x00,0xe0,0x00,0x00,0x00,0x00,0x00,0x00,0x00,0x00,0x00
};

static const uint8_t ICON24_person[] = {
  0x00,0x00,0x00,0x00,0x00,0x00,0x00,0x7e,0x00,0x00,0xff,0x00,0x01,0xc3,0x80,0x01,0xc3,0x80,0x01,0x81,0x80,0x01,0x81,0x80,
  0x01,0xc3,0x80,0x01,0xff,0x80,0x00,0xff,0x00,0x00,0x3c,0x00,0x00,0x00,0x00,0x00,0xff,0x00,0x01,0xff,0x80,0x07,0xc3,0xe0,
  0x07,0x00,0xe0,0x0e,0x00,0x70,0x1c,0x00,0x38,0x1c,0x00,0x38,0x18,0x00,0x18,0x18,0x00,0x18,0x18,0x00,0x18,0x00,0x00,0x00
};

static const uint8_t ICON24_back[] = {
  0x00,0x00,0x00,0x00,0x00,0x00,0x00,0x00,0x00,0x00,0x00,0x00,0x00,0x07,0x00,0x00,0x0f,0x00,0x00,0x1e,0x00,0x00,0x3c,0x00,
  0x00,0x78,0x00,0x00,0xf0,0x00,0x01,0xe0,0x00,0x01,0xc0,0x00,0x01,0xc0,0x00,0x01,0xe0,0x00,0x00,0xf0,0x00,0x00,0x78,0x00,
  0x00,0x3c,0x00,0x00,0x1e,0x00,0x00,0x0f,0x00,0x00,0x07,0x00,0x00,0x00,0x00,0x00,0x00,0x00,0x00,0x00,0x00,0x00,0x00,0x00
};

static const uint8_t ICON24_next[] = {
  0x00,0x00,0x00,0x00,0x00,0x00,0x00,0x00,0x00,0x00,0x00,0x00,0x00,0x00,0x00,0x00,0x06,0x00,0x00,0x07,0x00,0x00,0x07,0x80,
  0x00,0x03,0xc0,0x00,0x01,0xe0,0x00,0x00,0xf0,0x3f,0xff,0xf8,0x3f,0xff,0xf8,0x00,0x00,0xf0,0x00,0x01,0xe0,0x00,0x03,0xc0,
  0x00,0x07,0x80,0x00,0x07,0x00,0x00,0x06,0x00,0x00,0x00,0x00,0x00,0x00,0x00,0x00,0x00,0x00,0x00,0x00,0x00,0x00,0x00,0x00
};

static const uint8_t ICON24_bolt[] = {
  0x00,0x00,0x00,0x00,0x0e,0x00,0x00,0x0e,0x00,0x00,0x1e,0x00,0x00,0x3e,0x00,0x00,0x3c,0x00,0x00,0x7c,0x00,0x00,0xec,0x00,
  0x01,0xcc,0x00,0x01,0xcf,0xf0,0x03,0x8f,0xf0,0x07,0x00,0xe0,0x0f,0xf1,0xc0,0x0f,0xf1,0xc0,0x0f,0xf3,0x80,0x00,0x37,0x00,
  0x00,0x37,0x00,0x00,0x7e,0x00,0x00,0x7c,0x00,0x00,0x78,0x00,0x00,0x78,0x00,0x00,0x70,0x00,0x00,0x60,0x00,0x00,0x00,0x00
};

static const uint8_t ICON36_pill[] = {
  0x00,0x00,0x00,0x00,0x00,0x00,0x00,0x00,0x00,0x00,0x00,0x00,0x00,0x00,0x00,0x00,0x00,0x00,0x00,0x00,0x00,0x00,0x00,0x00,
  0x00,0x00,0x00,0x00,0x00,0x00,0x00,0x00,0x01,0xc0,0x00,0x00,0x00,0x0f,0xf8,0x00,0x00,0x00,0x1f,0xfc,0x00,0x00,0x00,0x3c,
  0x1e,0x00,0x00,0x0c,0xf0,0x0e,0x00,0x00,0x0f,0xe0,0x07,0x00,0x00,0x07,0xc0,0x07,0x00,0x00,0x0f,0x00,0x07,0x00,0x00,0x3f,
  0x80,0x07,0x00,0x00,0x79,0xc0,0x07,0x00,0x00,0xf1,0xc0,0x0e,0x00,0x03,0xc0,0xe0,0x1e,0x00,0x07,0x80,0x70,0x3c,0x00,0x07,
  0x00,0x38,0xf0,0x00,0x0e,0x00,0x39,0xe0,0x00,0x0e,0x00,0x1f,0xc0,0x00,0x0e,0x00,0x0f,0x00,0x00,0x0e,0x00,0x3e,0x00,0x00,
  0x0e,0x00,0x7f,0x00,0x00,0x07,0x00,0xf3,0x00,0x00,0x07,0x83,0xc0,0x00,0x00,0x03,0xff,0x80,0x00,0x00,0x01,0xff,0x00,0x00,
  0x00,0x00,0x38,0x00,0x00,0x00,0x00,0x00,0x00,0x00,0x00,0x00,0x00,0x00,0x00,0x00,0x00,0x00,0x00,0x00,0x00,0x00,0x00,0x00,
  0x00,0x00,0x00,0x00,0x00,0x00,0x00,0x00,0x00,0x00,0x00,0x00
};

static const uint8_t ICON36_am[] = {
  0x00,0x00,0x00,0x00,0x00,0x00,0x00,0x60,0x00,0x00,0x00,0x00,0x60,0x00,0x00,0x00,0x00,0x60,0x00,0x00,0x00,0x00,0x60,0x00,
  0x00,0x00,0x00,0x60,0x00,0x00,0x03,0x00,0x60,0x0c,0x00,0x03,0x80,0x60,0x1c,0x00,0x01,0xc0,0x00,0x38,0x00,0x00,0xe0,0x00,
  0x70,0x00,0x00,0x61,0xf8,0x60,0x00,0x00,0x07,0xfe,0x00,0x00,0x00,0x0f,0x9f,0x00,0x00,0x00,0x1e,0x07,0x80,0x00,0x00,0x1c,
  0x03,0x80,0x00,0x00,0x38,0x01,0xc0,0x00,0x00,0x38,0x01,0xc0,0x00,0x7f,0x30,0x00,0xcf,0xe0,0x7f,0x30,0x00,0xcf,0xe0,0x00,
  0x38,0x01,0xc0,0x00,0x00,0x38,0x01,0xc0,0x00,0x00,0x1c,0x03,0x80,0x00,0x00,0x1e,0x07,0x80,0x00,0x00,0x0f,0x9f,0x00,0x00,
  0x00,0x07,0xfe,0x00,0x00,0x00,0x61,0xf8,0x60,0x00,0x00,0xe0,0x00,0x70,0x00,0x01,0xc0,0x00,0x38,0x00,0x03,0x80,0x60,0x1c,
  0x00,0x03,0x00,0x60,0x0c,0x00,0x00,0x00,0x60,0x00,0x00,0x00,0x00,0x60,0x00,0x00,0x00,0x00,0x60,0x00,0x00,0x00,0x00,0x60,
  0x00,0x00,0x00,0x00,0x60,0x00,0x00,0x00,0x00,0x00,0x00,0x00
};

static const uint8_t ICON36_pm[] = {
  0x00,0x00,0x00,0x00,0x00,0x00,0x00,0x00,0x00,0x00,0x00,0x01,0xfe,0x00,0x00,0x00,0x07,0xff,0xc0,0x00,0x00,0x1f,0xc7,0xe0,
  0x00,0x00,0x3c,0x01,0xe0,0x00,0x00,0x70,0x01,0xc0,0x00,0x00,0xe0,0x03,0x80,0x00,0x01,0xc0,0x03,0x00,0x00,0x03,0x80,0x07,
  0x00,0x00,0x03,0x80,0x07,0x00,0x00,0x07,0x00,0x06,0x00,0x00,0x07,0x00,0x06,0x00,0x00,0x06,0x00,0x06,0x00,0x00,0x0e,0x00,
  0x06,0x00,0x00,0x0e,0x00,0x07,0x00,0x00,0x0e,0x00,0x07,0x00,0x00,0x0e,0x00,0x03,0x00,0x00,0x0e,0x00,0x03,0x80,0x00,0x0e,
  0x00,0x01,0xc0,0x00,0x06,0x00,0x01,0xe0,0x00,0x07,0x00,0x00,0xf0,0x00,0x07,0x00,0x00,0x7c,0x00,0x03,0x80,0x00,0x1f,0x00,
  0x03,0x80,0x00,0x07,0x00,0x01,0xc0,0x00,0x07,0x00,0x00,0xe0,0x00,0x0e,0x00,0x00,0x70,0x00,0x3c,0x00,0x00,0x3c,0x00,0xf8,
  0x00,0x00,0x1f,0xcf,0xf0,0x00,0x00,0x07,0xff,0xc0,0x00,0x00,0x01,0xfe,0x00,0x00,0x00,0x00,0x00,0x00,0x00,0x00,0x00,0x00,
  0x00,0x00,0x00,0x00,0x00,0x00,0x00,0x00,0x00,0x00,0x00,0x00
};

static const uint8_t ICON36_prn[] = {
  0x00,0x00,0x00,0x00,0x00,0x00,0x00,0x00,0x00,0x00,0x00,0x00,0x00,0x00,0x00,0x00,0x03,0xfc,0x00,0x00,0x00,0x1f,0xff,0x00,
  0x00,0x00,0x3f,0x9f,0xc0,0x00,0x00,0xf8,0x01,0xf0,0x00,0x01,0xe0,0x00,0x78,0x00,0x03,0xc0,0x00,0x3c,0x00,0x03,0x80,0x60,
  0x1c,0x00,0x07,0x00,0x60,0x0e,0x00,0x0e,0x00,0x60,0x06,0x00,0x0e,0x00,0x60,0x07,0x00,0x0c,0x00,0x60,0x03,0x00,0x1c,0x00,
  0x60,0x03,0x80,0x1c,0x00,0x60,0x03,0x80,0x1c,0x00,0x60,0x03,0x80,0x18,0x00,0x70,0x01,0x80,0x18,0x00,0x78,0x01,0x80,0x1c,
  0x00,0x3c,0x03,0x80,0x1c,0x00,0x0f,0x03,0x80,0x1c,0x00,0x07,0x83,0x80,0x0c,0x00,0x01,0x03,0x00,0x0e,0x00,0x00,0x07,0x00,
  0x0e,0x00,0x00,0x06,0x00,0x07,0x00,0x00,0x0e,0x00,0x03,0x80,0x00,0x1c,0x00,0x03,0xc0,0x00,0x3c,0x00,0x01,0xe0,0x00,0x78,
  0x00,0x00,0xf8,0x01,0xf0,0x00,0x00,0x3f,0x9f,0xc0,0x00,0x00,0x0f,0xff,0x00,0x00,0x00,0x03,0xfc,0x00,0x00,0x00,0x00,0x00,
  0x00,0x00,0x00,0x00,0x00,0x00,0x00,0x00,0x00,0x00,0x00,0x00
};

static const uint8_t ICON36_meal[] = {
  0x00,0x00,0x00,0x00,0x00,0x00,0x00,0x00,0x00,0x00,0x00,0x00,0x00,0x00,0x00,0x7b,0x00,0x00,0x00,0x00,0x7f,0x00,0x00,0x00,
  0x00,0x7f,0x00,0x00,0x00,0x00,0x7f,0x00,0x00,0x00,0x00,0x7f,0x00,0x00,0x00,0x00,0x7f,0x00,0xff,0x00,0x00,0x7f,0x03,0xff,
  0xc0,0x00,0x7f,0x0f,0xc3,0xe0,0x00,0x7f,0x1e,0x00,0xf0,0x00,0x7f,0x1c,0x00,0x38,0x00,0x7e,0x38,0x00,0x1c,0x00,0x3c,0x70,
  0x00,0x1c,0x00,0x18,0x70,0x00,0x0e,0x00,0x18,0x60,0x00,0x0e,0x00,0x18,0x60,0x00,0x06,0x00,0x18,0xe0,0x00,0x06,0x00,0x18,
  0xe0,0x00,0x06,0x00,0x18,0xe0,0x00,0x06,0x00,0x18,0x60,0x00,0x0e,0x00,0x18,0x60,0x00,0x0e,0x00,0x18,0x70,0x00,0x0c,0x00,
  0x18,0x38,0x00,0x1c,0x00,0x18,0x38,0x00,0x38,0x00,0x18,0x1e,0x00,0x78,0x00,0x18,0x0f,0x01,0xf0,0x00,0x18,0x07,0xff,0xc0,
  0x00,0x18,0x01,0xff,0x80,0x00,0x18,0x00,0x38,0x00,0x00,0x18,0x00,0x00,0x00,0x00,0x18,0x00,0x00,0x00,0x00,0x00,0x00,0x00,
  0x00,0x00,0x00,0x00,0x00,0x00,0x00,0x00,0x00,0x00,0x00,0x00
};

static const uint8_t ICON36_snack[] = {
  0x00,0x00,0x00,0x00,0x00,0x00,0x00,0x00,0x00,0x00,0x00,0x00,0x02,0x00,0x00,0x00,0x00,0x0f,0x00,0x00,0x00,0x00,0x1f,0x00,
  0x00,0x00,0x00,0x3c,0x00,0x00,0x00,0x00,0x38,0x00,0x00,0x00,0x00,0x70,0x00,0x00,0x00,0x1f,0x7f,0x80,0x00,0x00,0xff,0xff,
  0xf0,0x00,0x01,0xff,0xff,0xf8,0x00,0x03,0xc0,0x60,0x3c,0x00,0x03,0x80,0x00,0x1c,0x00,0x07,0x00,0x00,0x0e,0x00,0x07,0x00,
  0x00,0x0e,0x00,0x06,0x00,0x00,0x06,0x00,0x06,0x00,0x00,0x06,0x00,0x06,0x00,0x00,0x06,0x00,0x06,0x00,0x00,0x06,0x00,0x06,
  0x00,0x00,0x06,0x00,0x07,0x00,0x00,0x0e,0x00,0x07,0x00,0x00,0x0e,0x00,0x03,0x00,0x00,0x0c,0x00,0x03,0x00,0x00,0x1c,0x00,
  0x03,0x80,0x00,0x1c,0x00,0x01,0x80,0x00,0x18,0x00,0x01,0xc0,0x00,0x38,0x00,0x00,0xe0,0x00,0x70,0x00,0x00,0x70,0x00,0xe0,
  0x00,0x00,0x78,0xf1,0xe0,0x00,0x00,0x3f,0xff,0xc0,0x00,0x00,0x0f,0xff,0x00,0x00,0x00,0x00,0x00,0x00,0x00,0x00,0x00,0x00,
  0x00,0x00,0x00,0x00,0x00,0x00,0x00,0x00,0x00,0x00,0x00,0x00
};

static const uint8_t ICON36_shower[] = {
  0x00,0x00,0x00,0x00,0x00,0x00,0x00,0x00,0x00,0x00,0x00,0x1f,0xc0,0x00,0x00,0x00,0xff,0xf0,0x00,0x00,0x01,0xff,0xf8,0x00,
  0x00,0x03,0xc0,0x1c,0x00,0x00,0x07,0x00,0x0e,0x00,0x00,0x07,0x00,0x0e,0x00,0x00,0x06,0x00,0x06,0x00,0x00,0x06,0x00,0x06,
  0x00,0x00,0x06,0x00,0x07,0x00,0x00,0x06,0x01,0xff,0xfc,0x00,0x06,0x01,0xff,0xfc,0x00,0x06,0x00,0x00,0x00,0x00,0x06,0x00,
  0x00,0x00,0x00,0x06,0x00,0x00,0x00,0x00,0x06,0x00,0x00,0x00,0x00,0x06,0x00,0xc6,0x30,0x00,0x06,0x00,0xe6,0x30,0x00,0x06,
  0x00,0xe6,0x30,0x00,0x06,0x00,0x00,0x00,0x00,0x06,0x00,0x00,0x00,0x00,0x06,0x00,0x00,0x00,0x00,0x06,0x01,0x86,0x18,0x00,
  0x06,0x01,0x8e,0x38,0x00,0x06,0x01,0x8e,0x38,0x00,0x06,0x00,0x00,0x00,0x00,0x06,0x00,0x00,0x00,0x00,0x06,0x00,0x00,0x00,
  0x00,0x06,0x00,0x00,0x00,0x00,0x06,0x00,0x00,0x00,0x00,0x06,0x00,0x00,0x00,0x00,0x06,0x00,0x00,0x00,0x00,0x06,0x00,0x00,
  0x00,0x00,0x00,0x00,0x00,0x00,0x00,0x00,0x00,0x00,0x00,0x00
};

static const uint8_t ICON36_teeth[] = {
  0x00,0x00,0x00,0x00,0x00,0x00,0x00,0x00,0x00,0x00,0x00,0x00,0x00,0x00,0x00,0x00,0x00,0x00,0x00,0x00,0x00,0xf8,0x1f,0xc0,
  0x00,0x01,0xff,0xff,0xf0,0x00,0x03,0xdf,0xf8,0x70,0x00,0x03,0x83,0xc0,0x38,0x00,0x07,0x00,0x00,0x18,0x00,0x07,0x00,0x00,
  0x1c,0x00,0x06,0x00,0x00,0x1c,0x00,0x06,0x00,0x00,0x1c,0x00,0x06,0x00,0x00,0x0c,0x00,0x06,0x00,0x00,0x0c,0x00,0x06,0x00,
  0x00,0x1c,0x00,0x06,0x00,0x00,0x1c,0x00,0x07,0x00,0x00,0x1c,0x00,0x07,0x00,0x00,0x18,0x00,0x03,0x00,0x00,0x18,0x00,0x03,
  0x00,0x00,0x38,0x00,0x03,0x80,0x00,0x38,0x00,0x03,0x80,0x00,0x30,0x00,0x01,0x80,0xe0,0x70,0x00,0x01,0xc1,0xf0,0x70,0x00,
  0x01,0xc3,0xf0,0x60,0x00,0x00,0xc3,0xb8,0x60,0x00,0x00,0xc3,0x38,0xe0,0x00,0x00,0xe3,0x18,0xe0,0x00,0x00,0xe7,0x18,0xe0,
  0x00,0x00,0x67,0x1c,0xc0,0x00,0x00,0x66,0x1d,0xc0,0x00,0x00,0x7e,0x0f,0xc0,0x00,0x00,0x3e,0x0f,0x80,0x00,0x00,0x1c,0x07,
  0x00,0x00,0x00,0x00,0x00,0x00,0x00,0x00,0x00,0x00,0x00,0x00
};

static const uint8_t ICON36_joy[] = {
  0x00,0x00,0x00,0x00,0x00,0x00,0x00,0x00,0x00,0x00,0x00,0x00,0x00,0x00,0x00,0x00,0x00,0x60,0x00,0x00,0x00,0x00,0xf0,0x00,
  0x00,0x00,0x00,0xf0,0x00,0x00,0x00,0x00,0xf0,0x00,0x00,0x00,0x01,0xf8,0x00,0x00,0x00,0x01,0xf8,0x00,0x00,0x00,0x01,0x98,
  0x00,0x00,0x00,0x03,0x9c,0x00,0x00,0x00,0x03,0x9c,0x00,0x00,0x00,0x03,0x0c,0x00,0x00,0x00,0x07,0x0e,0x00,0x00,0x00,0x3f,
  0x0f,0xc0,0x00,0x01,0xfe,0x07,0xf8,0x00,0x0f,0xf0,0x00,0xff,0x00,0x1f,0x80,0x00,0x1f,0x80,0x1f,0x80,0x00,0x1f,0x80,0x0f,
  0xf0,0x00,0xff,0x00,0x01,0xfe,0x07,0xf8,0x00,0x00,0x3f,0x0f,0xc0,0x00,0x00,0x07,0x0e,0x00,0x00,0x00,0x03,0x0c,0x00,0x00,
  0x00,0x03,0x9c,0x00,0x00,0x00,0x03,0x9c,0x00,0x00,0x00,0x01,0x98,0x00,0x00,0x00,0x01,0xf8,0x00,0x00,0x00,0x01,0xf8,0x00,
  0x00,0x00,0x00,0xf0,0x00,0x00,0x00,0x00,0xf0,0x00,0x00,0x00,0x00,0xf0,0x00,0x00,0x00,0x00,0x60,0x00,0x00,0x00,0x00,0x00,
  0x00,0x00,0x00,0x00,0x00,0x00,0x00,0x00,0x00,0x00,0x00,0x00
};

static const uint8_t ICON36_text[] = {
  0x00,0x00,0x00,0x00,0x00,0x00,0x00,0x00,0x00,0x00,0x00,0x00,0x00,0x00,0x00,0x00,0x00,0x00,0x00,0x00,0x00,0x00,0x00,0x00,
  0x00,0x0f,0xff,0xff,0xff,0x00,0x1f,0xff,0xff,0xff,0x80,0x1f,0xff,0xff,0xff,0x80,0x18,0x00,0x00,0x01,0x80,0x18,0x00,0x00,
  0x01,0x80,0x18,0x00,0x00,0x01,0x80,0x18,0x00,0x00,0x01,0x80,0x18,0x00,0x00,0x01,0x80,0x18,0x3f,0xff,0xc1,0x80,0x18,0x3f,
  0xff,0xc1,0x80,0x18,0x00,0x00,0x01,0x80,0x18,0x00,0x00,0x01,0x80,0x18,0x3f,0xf0,0x01,0x80,0x18,0x3f,0xf8,0x01,0x80,0x18,
  0x3f,0xf8,0x01,0x80,0x18,0x00,0x00,0x01,0x80,0x18,0x00,0x00,0x01,0x80,0x18,0x00,0x00,0x01,0x80,0x1f,0x80,0xff,0xff,0x80,
  0x1f,0xc3,0xff,0xff,0x80,0x1f,0xc7,0xff,0xff,0x80,0x01,0xcf,0x00,0x00,0x00,0x01,0xde,0x00,0x00,0x00,0x01,0xf8,0x00,0x00,
  0x00,0x01,0xf0,0x00,0x00,0x00,0x01,0xe0,0x00,0x00,0x00,0x01,0xc0,0x00,0x00,0x00,0x00,0x00,0x00,0x00,0x00,0x00,0x00,0x00,
  0x00,0x00,0x00,0x00,0x00,0x00,0x00,0x00,0x00,0x00,0x00,0x00
};

static const uint8_t ICON36_sleep[] = {
  0x00,0x00,0x00,0x00,0x00,0x00,0x00,0x00,0x00,0x00,0x00,0x00,0x00,0x00,0x00,0x00,0x00,0x00,0x00,0x00,0x00,0x00,0x00,0x00,
  0x00,0x00,0x00,0x00,0x00,0x00,0x00,0x00,0x00,0x00,0x00,0x00,0x00,0x00,0x00,0x00,0x00,0x00,0x00,0x00,0x00,0x30,0x00,0x00,
  0x00,0x00,0x3f,0xf8,0x7f,0xfe,0x00,0x3f,0xfd,0xff,0xff,0x80,0x3f,0xff,0xff,0xff,0xc0,0x30,0x07,0x80,0x01,0xc0,0x30,0x07,
  0x00,0x00,0xc0,0x30,0x07,0x00,0x00,0xc0,0x30,0x07,0x00,0x00,0xc0,0x3f,0xff,0x00,0x00,0xc0,0x3f,0xff,0x00,0x00,0xc0,0x3f,
  0xfb,0x00,0x00,0xc0,0x30,0x00,0x00,0x00,0xc0,0x38,0x00,0x00,0x01,0xc0,0x3f,0xff,0xff,0xff,0xc0,0x3f,0xff,0xff,0xff,0xc0,
  0x30,0x00,0x00,0x00,0xc0,0x30,0x00,0x00,0x00,0xc0,0x30,0x00,0x00,0x00,0xc0,0x30,0x00,0x00,0x00,0xc0,0x30,0x00,0x00,0x00,
  0xc0,0x30,0x00,0x00,0x00,0xc0,0x30,0x00,0x00,0x00,0xc0,0x00,0x00,0x00,0x00,0x00,0x00,0x00,0x00,0x00,0x00,0x00,0x00,0x00,
  0x00,0x00,0x00,0x00,0x00,0x00,0x00,0x00,0x00,0x00,0x00,0x00
};

static const uint8_t ICON36_work[] = {
  0x00,0x00,0x00,0x00,0x00,0x00,0x00,0x00,0x00,0x00,0x00,0x00,0x00,0x00,0x00,0x00,0x00,0x00,0x00,0x00,0x00,0x00,0x00,0x00,
  0x00,0x00,0x0f,0xff,0x00,0x00,0x00,0x1f,0xff,0x80,0x00,0x00,0x1f,0xff,0x80,0x00,0x00,0x18,0x01,0x80,0x00,0x00,0x3c,0x03,
  0xc0,0x00,0x1f,0xff,0xff,0xff,0x00,0x1f,0xff,0xff,0xff,0x80,0x38,0x00,0x00,0x01,0xc0,0x30,0x00,0x00,0x00,0xc0,0x30,0x00,
  0x00,0x00,0xc0,0x30,0x00,0x00,0x00,0xc0,0x30,0x00,0x00,0x00,0xc0,0x30,0x00,0x00,0x00,0xc0,0x30,0x00,0x00,0x00,0xc0,0x3f,
  0xff,0xff,0xff,0xc0,0x3f,0xff,0xff,0xff,0xc0,0x3f,0xff,0xff,0xff,0xc0,0x30,0x00,0x00,0x00,0xc0,0x30,0x00,0x00,0x00,0xc0,
  0x30,0x00,0x00,0x00,0xc0,0x30,0x00,0x00,0x00,0xc0,0x30,0x00,0x00,0x00,0xc0,0x30,0x00,0x00,0x00,0xc0,0x30,0x00,0x00,0x00,
  0xc0,0x30,0x00,0x00,0x00,0xc0,0x3c,0x00,0x00,0x03,0xc0,0x1f,0xff,0xff,0xff,0x80,0x0f,0xff,0xff,0xff,0x00,0x00,0x00,0x00,
  0x00,0x00,0x00,0x00,0x00,0x00,0x00,0x00,0x00,0x00,0x00,0x00
};

static const uint8_t ICON36_spoon[] = {
  0x00,0x00,0x00,0x00,0x00,0x00,0x01,0xf8,0x00,0x00,0x00,0x03,0xfc,0x00,0x00,0x00,0x07,0x9e,0x00,0x00,0x00,0x0e,0x07,0x00,
  0x00,0x00,0x1c,0x03,0x80,0x00,0x00,0x1c,0x03,0x80,0x00,0x00,0x18,0x01,0x80,0x00,0x00,0x18,0x01,0x80,0x00,0x00,0x38,0x01,
  0xc0,0x00,0x00,0x18,0x01,0x80,0x00,0x00,0x18,0x01,0x80,0x00,0x00,0x1c,0x03,0x80,0x00,0x00,0x1c,0x03,0x80,0x00,0x00,0x0e,
  0x07,0x00,0x00,0x00,0x0f,0x0f,0x00,0x00,0x00,0x07,0xfe,0x00,0x00,0x00,0x01,0xf8,0x00,0x00,0x00,0x00,0x60,0x00,0x00,0x00,
  0x00,0x60,0x00,0x00,0x00,0x00,0x60,0x00,0x00,0x00,0x00,0x60,0x00,0x00,0x00,0x00,0x60,0x00,0x00,0x00,0x00,0x60,0x00,0x00,
  0x00,0x00,0x60,0x00,0x00,0x00,0x00,0x60,0x00,0x00,0x00,0x00,0x60,0x00,0x00,0x00,0x00,0x60,0x00,0x00,0x00,0x00,0x60,0x00,
  0x00,0x00,0x00,0x60,0x00,0x00,0x00,0x00,0x60,0x00,0x00,0x00,0x00,0x60,0x00,0x00,0x00,0x00,0x60,0x00,0x00,0x00,0x00,0x60,
  0x00,0x00,0x00,0x00,0x00,0x00,0x00,0x00,0x00,0x00,0x00,0x00
};

static const uint8_t ICON36_low[] = {
  0x00,0x00,0x00,0x00,0x00,0x00,0x00,0x00,0x00,0x00,0x00,0x00,0x60,0x00,0x00,0x00,0x0f,0xff,0x00,0x00,0x00,0x3f,0xff,0xc0,
  0x00,0x00,0x7c,0x03,0xe0,0x00,0x00,0xf0,0x00,0xf8,0x00,0x03,0xc0,0x00,0x38,0x00,0x03,0x80,0x00,0x1c,0x00,0x07,0x00,0x00,
  0x0e,0x00,0x0e,0x00,0x00,0x07,0x00,0x0e,0x00,0x00,0x07,0x00,0x1c,0x00,0x00,0x03,0x80,0x1c,0x0c,0x03,0x03,0x80,0x18,0x0c,
  0x03,0x01,0x80,0x18,0x0c,0x03,0x01,0x80,0x18,0x00,0x00,0x01,0xc0,0x38,0x00,0x00,0x01,0xc0,0x38,0x00,0x00,0x01,0xc0,0x18,
  0x00,0x00,0x01,0xc0,0x18,0x00,0x00,0x01,0x80,0x18,0x01,0xf8,0x01,0x80,0x1c,0x07,0xfe,0x03,0x80,0x1c,0x0f,0xff,0x03,0x80,
  0x0e,0x1e,0x07,0x87,0x00,0x0e,0x08,0x01,0x07,0x00,0x07,0x00,0x00,0x0e,0x00,0x03,0x80,0x00,0x1c,0x00,0x01,0xc0,0x00,0x38,
  0x00,0x00,0xf0,0x00,0xf8,0x00,0x00,0x7c,0x03,0xe0,0x00,0x00,0x3f,0xff,0xc0,0x00,0x00,0x0f,0xff,0x00,0x00,0x00,0x00,0xf0,
  0x00,0x00,0x00,0x00,0x00,0x00,0x00,0x00,0x00,0x00,0x00,0x00
};

static const uint8_t ICON36_high[] = {
  0x00,0x00,0x00,0x00,0x00,0x00,0x00,0x00,0x00,0x00,0x00,0x00,0x60,0x00,0x00,0x00,0x0f,0xff,0x00,0x00,0x00,0x3f,0xff,0xc0,
  0x00,0x00,0x7c,0x03,0xe0,0x00,0x00,0xf0,0x00,0xf8,0x00,0x03,0xc0,0x00,0x38,0x00,0x03,0x80,0x00,0x1c,0x00,0x07,0x00,0x00,
  0x0e,0x00,0x0e,0x00,0x00,0x07,0x00,0x0e,0x00,0x00,0x07,0x00,0x1c,0x0c,0x03,0x03,0x80,0x1c,0x0c,0x03,0x03,0x80,0x18,0x0c,
  0x03,0x01,0x80,0x18,0x00,0x00,0x01,0x80,0x18,0x00,0x00,0x01,0xc0,0x38,0x00,0x00,0x01,0xc0,0x38,0x00,0x00,0x01,0xc0,0x18,
  0x10,0x00,0x81,0xc0,0x18,0x1c,0x03,0x81,0x80,0x18,0x1e,0x07,0x81,0x80,0x1c,0x0f,0xff,0x03,0x80,0x1c,0x03,0xfc,0x03,0x80,
  0x0e,0x00,0x60,0x07,0x00,0x0e,0x00,0x00,0x07,0x00,0x07,0x00,0x00,0x0e,0x00,0x03,0x80,0x00,0x1c,0x00,0x01,0xc0,0x00,0x38,
  0x00,0x00,0xf0,0x00,0xf8,0x00,0x00,0x7c,0x03,0xe0,0x00,0x00,0x3f,0xff,0xc0,0x00,0x00,0x0f,0xff,0x00,0x00,0x00,0x00,0xf0,
  0x00,0x00,0x00,0x00,0x00,0x00,0x00,0x00,0x00,0x00,0x00,0x00
};

static const uint8_t ICON36_mid[] = {
  0x00,0x00,0x00,0x00,0x00,0x00,0x00,0x00,0x00,0x00,0x00,0x00,0x60,0x00,0x00,0x00,0x0f,0xff,0x00,0x00,0x00,0x3f,0xff,0xc0,
  0x00,0x00,0x7c,0x03,0xe0,0x00,0x00,0xf0,0x00,0xf8,0x00,0x03,0xc0,0x00,0x38,0x00,0x03,0x80,0x00,0x1c,0x00,0x07,0x00,0x00,
  0x0e,0x00,0x0e,0x00,0x00,0x07,0x00,0x0e,0x00,0x00,0x07,0x00,0x1c,0x0c,0x03,0x03,0x80,0x1c,0x0c,0x03,0x03,0x80,0x18,0x0c,
  0x03,0x01,0x80,0x18,0x08,0x01,0x01,0x80,0x18,0x00,0x00,0x01,0xc0,0x38,0x00,0x00,0x01,0xc0,0x38,0x00,0x00,0x01,0xc0,0x18,
  0x00,0x00,0x01,0xc0,0x18,0x00,0x00,0x01,0x80,0x18,0x00,0x00,0x01,0x80,0x1c,0x1f,0xff,0x83,0x80,0x1c,0x0f,0xff,0x03,0x80,
  0x0e,0x00,0x00,0x07,0x00,0x0e,0x00,0x00,0x07,0x00,0x07,0x00,0x00,0x0e,0x00,0x03,0x80,0x00,0x1c,0x00,0x01,0xc0,0x00,0x38,
  0x00,0x00,0xf0,0x00,0xf8,0x00,0x00,0x7c,0x03,0xe0,0x00,0x00,0x3f,0xff,0xc0,0x00,0x00,0x0f,0xff,0x00,0x00,0x00,0x00,0xf0,
  0x00,0x00,0x00,0x00,0x00,0x00,0x00,0x00,0x00,0x00,0x00,0x00
};

static const uint8_t ICON36_anx[] = {
  0x00,0x00,0x00,0x00,0x00,0x00,0x00,0x00,0x00,0x00,0x00,0x00,0x00,0x00,0x00,0x00,0x00,0x00,0x00,0x00,0x00,0x00,0x00,0x00,
  0x00,0x00,0x00,0x00,0x00,0x00,0x00,0x00,0x00,0x00,0x00,0x00,0x00,0x00,0x00,0x00,0x00,0x00,0x00,0x00,0x00,0x00,0x00,0x00,
  0x00,0x00,0x00,0x00,0x00,0x00,0x00,0x00,0x00,0x00,0x00,0x00,0x02,0x00,0x06,0x00,0x00,0x0f,0x80,0x0f,0x00,0x00,0x1f,0xc0,
  0x1f,0x80,0x00,0x39,0xc0,0x39,0xc0,0x00,0x38,0xe0,0x70,0xc0,0x00,0x70,0x60,0x70,0xe0,0x60,0x60,0x70,0xe0,0x60,0xe0,0x00,
  0x30,0xe0,0x71,0xc0,0x00,0x39,0xc0,0x39,0xc0,0x00,0x1f,0x80,0x3f,0x80,0x00,0x1f,0x00,0x1f,0x00,0x00,0x06,0x00,0x06,0x00,
  0x00,0x00,0x00,0x00,0x00,0x00,0x00,0x00,0x00,0x00,0x00,0x00,0x00,0x00,0x00,0x00,0x00,0x00,0x00,0x00,0x00,0x00,0x00,0x00,
  0x00,0x00,0x00,0x00,0x00,0x00,0x00,0x00,0x00,0x00,0x00,0x00,0x00,0x00,0x00,0x00,0x00,0x00,0x00,0x00,0x00,0x00,0x00,0x00,
  0x00,0x00,0x00,0x00,0x00,0x00,0x00,0x00,0x00,0x00,0x00,0x00
};

static const uint8_t ICON36_calm[] = {
  0x00,0x00,0x00,0x00,0x00,0x00,0x00,0x00,0x00,0x00,0x00,0x00,0x00,0x00,0x00,0x00,0x00,0x00,0x00,0x00,0x00,0x00,0x00,0x00,
  0x00,0x00,0x00,0x00,0x00,0x00,0x00,0x00,0x00,0x00,0x00,0x00,0x00,0x00,0x00,0x00,0x00,0x00,0x00,0x00,0x00,0x00,0x00,0x00,
  0x00,0x00,0x00,0x00,0x00,0x00,0x00,0x00,0x00,0x00,0x00,0x00,0x00,0x00,0x00,0x00,0x00,0x00,0x00,0x00,0x00,0x00,0x00,0x00,
  0x00,0x00,0x00,0x00,0x00,0x00,0x00,0x00,0x00,0x00,0x00,0x00,0x00,0x7f,0xff,0xff,0xff,0xe0,0x7f,0xff,0xff,0xff,0xe0,0x00,
  0x00,0x00,0x00,0x00,0x00,0x00,0x00,0x00,0x00,0x00,0x00,0x00,0x00,0x00,0x00,0x00,0x00,0x00,0x00,0x00,0x00,0x00,0x00,0x00,
  0x00,0x00,0x00,0x00,0x00,0x00,0x00,0x00,0x00,0x00,0x00,0x00,0x00,0x00,0x00,0x00,0x00,0x00,0x00,0x00,0x00,0x00,0x00,0x00,
  0x00,0x00,0x00,0x00,0x00,0x00,0x00,0x00,0x00,0x00,0x00,0x00,0x00,0x00,0x00,0x00,0x00,0x00,0x00,0x00,0x00,0x00,0x00,0x00,
  0x00,0x00,0x00,0x00,0x00,0x00,0x00,0x00,0x00,0x00,0x00,0x00
};

static const uint8_t ICON36_check[] = {
  0x00,0x00,0x00,0x00,0x00,0x00,0x00,0x00,0x00,0x00,0x00,0x00,0x00,0x00,0x00,0x00,0x00,0x00,0x00,0x00,0x00,0x00,0x00,0x00,
  0x00,0x00,0x00,0x00,0x00,0x00,0x00,0x00,0x00,0x00,0x00,0x00,0x00,0x00,0x02,0x00,0x00,0x00,0x00,0x07,0x00,0x00,0x00,0x00,
  0x0e,0x00,0x00,0x00,0x00,0x1c,0x00,0x00,0x00,0x00,0x3c,0x00,0x00,0x00,0x00,0x78,0x00,0x00,0x00,0x00,0x70,0x00,0x00,0x00,
  0x00,0xe0,0x00,0x00,0x00,0x01,0xc0,0x00,0x00,0x00,0x03,0x80,0x00,0x00,0x00,0x07,0x00,0x00,0x0c,0x00,0x0e,0x00,0x00,0x0e,
  0x00,0x1e,0x00,0x00,0x07,0x00,0x3c,0x00,0x00,0x03,0x80,0x38,0x00,0x00,0x01,0xc0,0x70,0x00,0x00,0x00,0xe0,0xe0,0x00,0x00,
  0x00,0x71,0xc0,0x00,0x00,0x00,0x3b,0x80,0x00,0x00,0x00,0x1f,0x00,0x00,0x00,0x00,0x0f,0x00,0x00,0x00,0x00,0x06,0x00,0x00,
  0x00,0x00,0x00,0x00,0x00,0x00,0x00,0x00,0x00,0x00,0x00,0x00,0x00,0x00,0x00,0x00,0x00,0x00,0x00,0x00,0x00,0x00,0x00,0x00,
  0x00,0x00,0x00,0x00,0x00,0x00,0x00,0x00,0x00,0x00,0x00,0x00
};

static const uint8_t ICON36_heart[] = {
  0x00,0x00,0x00,0x00,0x00,0x00,0x00,0x00,0x00,0x00,0x00,0x00,0x00,0x00,0x00,0x00,0x7c,0x03,0xe0,0x00,0x01,0xff,0x0f,0xf8,
  0x00,0x07,0xff,0xff,0xfe,0x00,0x0f,0x01,0xf8,0x0f,0x00,0x0e,0x00,0xf0,0x07,0x00,0x1c,0x00,0x60,0x03,0x80,0x18,0x00,0x00,
  0x01,0x80,0x38,0x00,0x00,0x01,0xc0,0x38,0x00,0x00,0x01,0xc0,0x30,0x00,0x00,0x00,0xc0,0x38,0x00,0x00,0x01,0xc0,0x38,0x00,
  0x00,0x01,0xc0,0x38,0x00,0x00,0x01,0xc0,0x1c,0x00,0x00,0x03,0x80,0x1e,0x00,0x00,0x07,0x80,0x0f,0x00,0x00,0x0f,0x00,0x07,
  0x80,0x00,0x1e,0x00,0x03,0xc0,0x00,0x3c,0x00,0x01,0xe0,0x00,0x78,0x00,0x00,0xf0,0x00,0xf0,0x00,0x00,0x78,0x01,0xe0,0x00,
  0x00,0x3c,0x03,0xc0,0x00,0x00,0x1e,0x07,0x80,0x00,0x00,0x0f,0x0f,0x00,0x00,0x00,0x07,0x9e,0x00,0x00,0x00,0x03,0xfc,0x00,
  0x00,0x00,0x01,0xf8,0x00,0x00,0x00,0x00,0xf0,0x00,0x00,0x00,0x00,0x60,0x00,0x00,0x00,0x00,0x00,0x00,0x00,0x00,0x00,0x00,
  0x00,0x00,0x00,0x00,0x00,0x00,0x00,0x00,0x00,0x00,0x00,0x00
};

static const uint8_t ICON36_wifi[] = {
  0x00,0x00,0x00,0x00,0x00,0x00,0x00,0x00,0x00,0x00,0x00,0x00,0x00,0x00,0x00,0x00,0x00,0x00,0x00,0x00,0x00,0x00,0x00,0x00,
  0x00,0x00,0x00,0x00,0x00,0x00,0x00,0x00,0x00,0x00,0x00,0x00,0x1f,0xff,0x80,0x00,0x00,0x7f,0xff,0xe0,0x00,0x01,0xf8,0x01,
  0xf8,0x00,0x07,0xc0,0x00,0x3e,0x00,0x0f,0x00,0x00,0x0f,0x00,0x1e,0x00,0x00,0x07,0x80,0x38,0x00,0x00,0x01,0xc0,0x30,0x00,
  0x00,0x00,0xc0,0x00,0x07,0xfe,0x00,0x00,0x00,0x1f,0xff,0x80,0x00,0x00,0x7e,0x07,0xe0,0x00,0x00,0xf0,0x00,0xf0,0x00,0x01,
  0xe0,0x00,0x78,0x00,0x01,0x80,0x00,0x18,0x00,0x00,0x00,0x00,0x00,0x00,0x00,0x00,0x00,0x00,0x00,0x00,0x01,0xf8,0x00,0x00,
  0x00,0x07,0xfe,0x00,0x00,0x00,0x07,0x9e,0x00,0x00,0x00,0x06,0x06,0x00,0x00,0x00,0x00,0x00,0x00,0x00,0x00,0x00,0xf0,0x00,
  0x00,0x00,0x00,0xf0,0x00,0x00,0x00,0x01,0xf8,0x00,0x00,0x00,0x01,0xf8,0x00,0x00,0x00,0x00,0xf0,0x00,0x00,0x00,0x00,0x00,
  0x00,0x00,0x00,0x00,0x00,0x00,0x00,0x00,0x00,0x00,0x00,0x00
};

static const uint8_t ICON36_cal[] = {
  0x00,0x00,0x00,0x00,0x00,0x00,0x00,0x00,0x00,0x00,0x00,0x18,0x01,0x80,0x00,0x00,0x18,0x01,0x80,0x00,0x00,0x18,0x01,0x80,
  0x00,0x03,0xff,0xff,0xfc,0x00,0x0f,0xff,0xff,0xff,0x00,0x1f,0xff,0xff,0xff,0x80,0x18,0x18,0x01,0x81,0x80,0x38,0x18,0x01,
  0x81,0xc0,0x38,0x18,0x01,0x81,0xc0,0x38,0x00,0x00,0x01,0xc0,0x38,0x00,0x00,0x01,0xc0,0x38,0x00,0x00,0x01,0xc0,0x3f,0xff,
  0xff,0xff,0xc0,0x3f,0xff,0xff,0xff,0xc0,0x38,0x00,0x00,0x01,0xc0,0x38,0x00,0x00,0x01,0xc0,0x38,0x00,0x00,0x01,0xc0,0x38,
  0x00,0x00,0x01,0xc0,0x38,0x00,0x00,0x01,0xc0,0x38,0x00,0x00,0x01,0xc0,0x38,0x00,0x00,0x01,0xc0,0x38,0x00,0x00,0x01,0xc0,
  0x38,0x00,0x00,0x01,0xc0,0x38,0x00,0x00,0x01,0xc0,0x38,0x00,0x00,0x01,0xc0,0x38,0x00,0x00,0x01,0xc0,0x38,0x00,0x00,0x01,
  0xc0,0x38,0x00,0x00,0x01,0xc0,0x18,0x00,0x00,0x01,0x80,0x1f,0xff,0xff,0xff,0x80,0x0f,0xff,0xff,0xff,0x00,0x03,0xff,0xff,
  0xfc,0x00,0x00,0x00,0x00,0x00,0x00,0x00,0x00,0x00,0x00,0x00
};

static const uint8_t ICON36_chart[] = {
  0x00,0x00,0x00,0x00,0x00,0x00,0x00,0x00,0x00,0x00,0x00,0x00,0x00,0x00,0x00,0x00,0x00,0x00,0x00,0x00,0x00,0x00,0x00,0x00,
  0x00,0x00,0x00,0x00,0x00,0x00,0x00,0x00,0x00,0x00,0x00,0x00,0x00,0x00,0x00,0x00,0x00,0x00,0x60,0x00,0x00,0x00,0x00,0x60,
  0x00,0x00,0x00,0x00,0x60,0x00,0x00,0x00,0x00,0x60,0x00,0x00,0x00,0x00,0x60,0x00,0x00,0x00,0x00,0x60,0x00,0x00,0x00,0x00,
  0x60,0x30,0x00,0x00,0x00,0x60,0x30,0x00,0x00,0x00,0x60,0x30,0x00,0x00,0x00,0x60,0x30,0x00,0x00,0xc0,0x60,0x30,0x00,0x00,
  0xc0,0x60,0x30,0x00,0x00,0xc0,0x60,0x30,0x00,0x00,0xc0,0x60,0x30,0x00,0x00,0xc0,0x60,0x30,0x00,0x00,0xc0,0x60,0x30,0x00,
  0x00,0xc0,0x60,0x30,0x00,0x00,0xc0,0x60,0x30,0x00,0x00,0xc0,0x60,0x30,0x00,0x00,0xc0,0x60,0x30,0x00,0x00,0x00,0x00,0x00,
  0x00,0x00,0x00,0x00,0x00,0x00,0x00,0x00,0x00,0x00,0x00,0x1f,0xff,0xff,0xff,0x80,0x1f,0xff,0xff,0xff,0x80,0x00,0x00,0x00,
  0x00,0x00,0x00,0x00,0x00,0x00,0x00,0x00,0x00,0x00,0x00,0x00
};

static const uint8_t ICON36_gear[] = {
  0x00,0x00,0x00,0x00,0x00,0x00,0x00,0x00,0x00,0x00,0x00,0x00,0x60,0x00,0x00,0x00,0x00,0x60,0x00,0x00,0x00,0x00,0x60,0x00,
  0x00,0x00,0x00,0x60,0x00,0x00,0x01,0x00,0x60,0x08,0x00,0x03,0x80,0x60,0x1c,0x00,0x01,0xc0,0x60,0x38,0x00,0x00,0xe0,0x00,
  0x70,0x00,0x00,0x70,0x00,0xe0,0x00,0x00,0x30,0x60,0xc0,0x00,0x00,0x03,0xfc,0x00,0x00,0x00,0x07,0xfe,0x00,0x00,0x00,0x0f,
  0x0f,0x00,0x00,0x00,0x0e,0x07,0x00,0x00,0x00,0x0c,0x03,0x00,0x00,0x3f,0x9c,0x03,0x9f,0xc0,0x3f,0x9c,0x03,0x9f,0xc0,0x00,
  0x0c,0x03,0x00,0x00,0x00,0x0e,0x07,0x00,0x00,0x00,0x0f,0x0f,0x00,0x00,0x00,0x07,0xfe,0x00,0x00,0x00,0x03,0xfc,0x00,0x00,
  0x00,0x30,0x60,0xc0,0x00,0x00,0x70,0x00,0xe0,0x00,0x00,0xe0,0x00,0x70,0x00,0x01,0xc0,0x60,0x38,0x00,0x03,0x80,0x60,0x1c,
  0x00,0x01,0x00,0x60,0x08,0x00,0x00,0x00,0x60,0x00,0x00,0x00,0x00,0x60,0x00,0x00,0x00,0x00,0x60,0x00,0x00,0x00,0x00,0x60,
  0x00,0x00,0x00,0x00,0x00,0x00,0x00,0x00,0x00,0x00,0x00,0x00
};

static const uint8_t ICON36_sunrise[] = {
  0x00,0x00,0x00,0x00,0x00,0x00,0x00,0x00,0x00,0x00,0x00,0x00,0x00,0x00,0x00,0x00,0x00,0x00,0x00,0x00,0x00,0x00,0x60,0x00,
  0x00,0x00,0x00,0xf0,0x00,0x00,0x00,0x01,0xf8,0x00,0x00,0x00,0x03,0xfc,0x00,0x00,0x00,0x07,0x6e,0x00,0x00,0x00,0x0e,0x67,
  0x00,0x00,0x00,0x0c,0x63,0x00,0x00,0x00,0x00,0x60,0x00,0x00,0x00,0x00,0x60,0x00,0x00,0x00,0x00,0x60,0x00,0x00,0x00,0x00,
  0x60,0x00,0x00,0x00,0x00,0x00,0x00,0x00,0x00,0x00,0x00,0x00,0x00,0x00,0x00,0x00,0x00,0x00,0x00,0x00,0x00,0x00,0x00,0x00,
  0x03,0xfc,0x00,0x00,0x00,0x0f,0xff,0x00,0x00,0x00,0x1e,0x07,0x80,0x00,0x00,0x38,0x01,0xc0,0x00,0x00,0x70,0x00,0xe0,0x00,
  0x00,0x70,0x00,0xe0,0x00,0x00,0xe0,0x00,0x70,0x00,0x00,0xe0,0x00,0x70,0x00,0x00,0xe0,0x00,0x70,0x00,0x3f,0xff,0xff,0xff,
  0xc0,0x3f,0xff,0xff,0xff,0xc0,0x00,0x00,0x00,0x00,0x00,0x00,0x00,0x00,0x00,0x00,0x00,0x00,0x00,0x00,0x00,0x00,0x00,0x00,
  0x00,0x00,0x00,0x00,0x00,0x00,0x00,0x00,0x00,0x00,0x00,0x00
};

static const uint8_t ICON36_sunset[] = {
  0x00,0x00,0x00,0x00,0x00,0x00,0x00,0x00,0x00,0x00,0x00,0x00,0x00,0x00,0x00,0x00,0x00,0x00,0x00,0x00,0x00,0x00,0x60,0x00,
  0x00,0x00,0x00,0x60,0x00,0x00,0x00,0x00,0x60,0x00,0x00,0x00,0x00,0x60,0x00,0x00,0x00,0x0c,0x63,0x00,0x00,0x00,0x0e,0x67,
  0x00,0x00,0x00,0x07,0xfe,0x00,0x00,0x00,0x03,0xfc,0x00,0x00,0x00,0x01,0xf8,0x00,0x00,0x00,0x00,0xf0,0x00,0x00,0x00,0x00,
  0x60,0x00,0x00,0x00,0x00,0x00,0x00,0x00,0x00,0x00,0x00,0x00,0x00,0x00,0x00,0x00,0x00,0x00,0x00,0x00,0x00,0x00,0x00,0x00,
  0x03,0xfc,0x00,0x00,0x00,0x0f,0xff,0x00,0x00,0x00,0x1e,0x07,0x80,0x00,0x00,0x38,0x01,0xc0,0x00,0x00,0x70,0x00,0xe0,0x00,
  0x00,0x70,0x00,0xe0,0x00,0x00,0xe0,0x00,0x70,0x00,0x00,0xe0,0x00,0x70,0x00,0x00,0xe0,0x00,0x70,0x00,0x3f,0xff,0xff,0xff,
  0xc0,0x3f,0xff,0xff,0xff,0xc0,0x00,0x00,0x00,0x00,0x00,0x00,0x00,0x00,0x00,0x00,0x00,0x00,0x00,0x00,0x00,0x00,0x00,0x00,
  0x00,0x00,0x00,0x00,0x00,0x00,0x00,0x00,0x00,0x00,0x00,0x00
};

static const uint8_t ICON36_leaf[] = {
  0x00,0x00,0x00,0x00,0x00,0x00,0x00,0x00,0x00,0x00,0x00,0x00,0x00,0x00,0x00,0x00,0x00,0x00,0x00,0x00,0x00,0x00,0x00,0x7f,
  0x00,0x00,0x00,0x07,0xff,0x00,0x00,0x00,0x1f,0xe3,0x00,0x00,0x00,0x7e,0x03,0x00,0x00,0x01,0xf0,0x07,0x00,0x00,0x03,0xc0,
  0x07,0x00,0x00,0x07,0x80,0x07,0x00,0x00,0x0e,0x00,0x06,0x00,0x00,0x1c,0x00,0x06,0x00,0x00,0x38,0x00,0x0e,0x00,0x00,0x70,
  0x0c,0x0e,0x00,0x00,0xe0,0x1c,0x0c,0x00,0x00,0xe0,0x38,0x1c,0x00,0x01,0xc0,0x70,0x18,0x00,0x01,0xc0,0xe0,0x38,0x00,0x03,
  0x81,0xc0,0x70,0x00,0x03,0x83,0x80,0x70,0x00,0x03,0x07,0x00,0xe0,0x00,0x03,0x0e,0x01,0xc0,0x00,0x07,0x1c,0x03,0x80,0x00,
  0x07,0x38,0x07,0x00,0x00,0x07,0x70,0x1e,0x00,0x00,0x07,0xe0,0x7c,0x00,0x00,0x07,0xc1,0xf8,0x00,0x00,0x07,0xff,0xe0,0x00,
  0x00,0x07,0xff,0x00,0x00,0x00,0x07,0xf8,0x00,0x00,0x00,0x00,0x00,0x00,0x00,0x00,0x00,0x00,0x00,0x00,0x00,0x00,0x00,0x00,
  0x00,0x00,0x00,0x00,0x00,0x00,0x00,0x00,0x00,0x00,0x00,0x00
};

static const uint8_t ICON36_star[] = {
  0x00,0x00,0x00,0x00,0x00,0x00,0x00,0x00,0x00,0x00,0x00,0x00,0x00,0x00,0x00,0x00,0x00,0x60,0x00,0x00,0x00,0x00,0xf0,0x00,
  0x00,0x00,0x00,0xf0,0x00,0x00,0x00,0x01,0xf8,0x00,0x00,0x00,0x01,0xf8,0x00,0x00,0x00,0x01,0x98,0x00,0x00,0x00,0x03,0x9c,
  0x00,0x00,0x00,0x03,0x0c,0x00,0x00,0x00,0x07,0x0e,0x00,0x00,0x00,0xfe,0x07,0xf0,0x00,0x1f,0xfe,0x07,0xff,0x80,0x3f,0xf8,
  0x01,0xff,0xc0,0x1e,0x00,0x00,0x07,0x80,0x07,0x00,0x00,0x0e,0x00,0x03,0xc0,0x00,0x1c,0x00,0x01,0xe0,0x00,0x78,0x00,0x00,
  0xf0,0x00,0xf0,0x00,0x00,0x78,0x01,0xe0,0x00,0x00,0x30,0x00,0xc0,0x00,0x00,0x30,0x00,0xc0,0x00,0x00,0x70,0x00,0xe0,0x00,
  0x00,0x70,0x60,0xe0,0x00,0x00,0x71,0xf8,0xe0,0x00,0x00,0x67,0xfe,0x60,0x00,0x00,0xef,0x9f,0x70,0x00,0x00,0xfe,0x07,0xf0,
  0x00,0x00,0xf8,0x01,0xf0,0x00,0x00,0xf0,0x00,0xf0,0x00,0x00,0xc0,0x00,0x30,0x00,0x00,0x00,0x00,0x00,0x00,0x00,0x00,0x00,
  0x00,0x00,0x00,0x00,0x00,0x00,0x00,0x00,0x00,0x00,0x00,0x00
};

static const uint8_t ICON36_person[] = {
  0x00,0x00,0x00,0x00,0x00,0x00,0x00,0x00,0x00,0x00,0x00,0x00,0x00,0x00,0x00,0x00,0x01,0xf8,0x00,0x00,0x00,0x03,0xfc,0x00,
  0x00,0x00,0x07,0x9e,0x00,0x00,0x00,0x0e,0x07,0x00,0x00,0x00,0x1c,0x03,0x80,0x00,0x00,0x1c,0x03,0x80,0x00,0x00,0x18,0x01,
  0x80,0x00,0x00,0x18,0x01,0x80,0x00,0x00,0x18,0x01,0x80,0x00,0x00,0x1c,0x03,0x80,0x00,0x00,0x0e,0x07,0x00,0x00,0x00,0x0f,
  0x0f,0x00,0x00,0x00,0x07,0xfe,0x00,0x00,0x00,0x01,0xf8,0x00,0x00,0x00,0x00,0x00,0x00,0x00,0x00,0x00,0x00,0x00,0x00,0x00,
  0x00,0x00,0x00,0x00,0x00,0x03,0xfc,0x00,0x00,0x00,0x1f,0xff,0x80,0x00,0x00,0x3f,0x0f,0xc0,0x00,0x00,0x78,0x01,0xe0,0x00,
  0x00,0xe0,0x00,0x70,0x00,0x01,0xc0,0x00,0x38,0x00,0x03,0x80,0x00,0x1c,0x00,0x03,0x80,0x00,0x1c,0x00,0x03,0x00,0x00,0x0c,
  0x00,0x07,0x00,0x00,0x0e,0x00,0x07,0x00,0x00,0x0e,0x00,0x06,0x00,0x00,0x06,0x00,0x06,0x00,0x00,0x06,0x00,0x06,0x00,0x00,
  0x06,0x00,0x00,0x00,0x00,0x00,0x00,0x00,0x00,0x00,0x00,0x00
};

static const uint8_t ICON36_back[] = {
  0x00,0x00,0x00,0x00,0x00,0x00,0x00,0x00,0x00,0x00,0x00,0x00,0x00,0x00,0x00,0x00,0x00,0x00,0x00,0x00,0x00,0x00,0x00,0x00,
  0x00,0x00,0x00,0x00,0x00,0x00,0x00,0x00,0x06,0x00,0x00,0x00,0x00,0x0e,0x00,0x00,0x00,0x00,0x1e,0x00,0x00,0x00,0x00,0x3c,
  0x00,0x00,0x00,0x00,0x78,0x00,0x00,0x00,0x00,0xf0,0x00,0x00,0x00,0x01,0xe0,0x00,0x00,0x00,0x03,0xc0,0x00,0x00,0x00,0x07,
  0x80,0x00,0x00,0x00,0x0f,0x00,0x00,0x00,0x00,0x1e,0x00,0x00,0x00,0x00,0x3c,0x00,0x00,0x00,0x00,0x3c,0x00,0x00,0x00,0x00,
  0x1e,0x00,0x00,0x00,0x00,0x0f,0x00,0x00,0x00,0x00,0x07,0x80,0x00,0x00,0x00,0x03,0xc0,0x00,0x00,0x00,0x01,0xe0,0x00,0x00,
  0x00,0x00,0xf0,0x00,0x00,0x00,0x00,0x78,0x00,0x00,0x00,0x00,0x3c,0x00,0x00,0x00,0x00,0x1e,0x00,0x00,0x00,0x00,0x0e,0x00,
  0x00,0x00,0x00,0x06,0x00,0x00,0x00,0x00,0x00,0x00,0x00,0x00,0x00,0x00,0x00,0x00,0x00,0x00,0x00,0x00,0x00,0x00,0x00,0x00,
  0x00,0x00,0x00,0x00,0x00,0x00,0x00,0x00,0x00,0x00,0x00,0x00
};

static const uint8_t ICON36_next[] = {
  0x00,0x00,0x00,0x00,0x00,0x00,0x00,0x00,0x00,0x00,0x00,0x00,0x00,0x00,0x00,0x00,0x00,0x00,0x00,0x00,0x00,0x00,0x00,0x00,
  0x00,0x00,0x00,0x00,0x00,0x00,0x00,0x00,0x00,0x00,0x00,0x00,0x00,0x00,0x00,0x00,0x00,0x00,0x1c,0x00,0x00,0x00,0x00,0x1e,
  0x00,0x00,0x00,0x00,0x0f,0x00,0x00,0x00,0x00,0x07,0x80,0x00,0x00,0x00,0x03,0xc0,0x00,0x00,0x00,0x01,0xe0,0x00,0x00,0x00,
  0x00,0xf0,0x00,0x00,0x00,0x00,0x78,0x00,0x00,0x00,0x00,0x3c,0x00,0x1f,0xff,0xff,0xfc,0x00,0x1f,0xff,0xff,0xfc,0x00,0x00,
  0x00,0x00,0x3c,0x00,0x00,0x00,0x00,0x78,0x00,0x00,0x00,0x00,0xf0,0x00,0x00,0x00,0x01,0xe0,0x00,0x00,0x00,0x03,0xc0,0x00,
  0x00,0x00,0x07,0x80,0x00,0x00,0x00,0x0f,0x00,0x00,0x00,0x00,0x1e,0x00,0x00,0x00,0x00,0x1c,0x00,0x00,0x00,0x00,0x00,0x00,
  0x00,0x00,0x00,0x00,0x00,0x00,0x00,0x00,0x00,0x00,0x00,0x00,0x00,0x00,0x00,0x00,0x00,0x00,0x00,0x00,0x00,0x00,0x00,0x00,
  0x00,0x00,0x00,0x00,0x00,0x00,0x00,0x00,0x00,0x00,0x00,0x00
};

static const uint8_t ICON36_bolt[] = {
  0x00,0x00,0x00,0x00,0x00,0x00,0x00,0x00,0x00,0x00,0x00,0x00,0x18,0x00,0x00,0x00,0x00,0x1c,0x00,0x00,0x00,0x00,0x38,0x00,
  0x00,0x00,0x00,0x78,0x00,0x00,0x00,0x00,0xf8,0x00,0x00,0x00,0x00,0xf8,0x00,0x00,0x00,0x01,0xd8,0x00,0x00,0x00,0x03,0xb8,
  0x00,0x00,0x00,0x07,0x38,0x00,0x00,0x00,0x07,0x38,0x00,0x00,0x00,0x0e,0x38,0x00,0x00,0x00,0x1c,0x38,0x00,0x00,0x00,0x1c,
  0x3f,0xf8,0x00,0x00,0x38,0x3f,0xf8,0x00,0x00,0x70,0x00,0x78,0x00,0x00,0xe0,0x00,0x70,0x00,0x00,0xe0,0x00,0xe0,0x00,0x01,
  0xff,0xc1,0xc0,0x00,0x01,0xff,0xc1,0xc0,0x00,0x01,0xff,0xc3,0x80,0x00,0x00,0x01,0xc7,0x00,0x00,0x00,0x01,0xce,0x00,0x00,
  0x00,0x01,0x8e,0x00,0x00,0x00,0x01,0x9c,0x00,0x00,0x00,0x01,0xb8,0x00,0x00,0x00,0x01,0xb8,0x00,0x00,0x00,0x03,0xf0,0x00,
  0x00,0x00,0x03,0xe0,0x00,0x00,0x00,0x03,0xc0,0x00,0x00,0x00,0x03,0xc0,0x00,0x00,0x00,0x03,0x80,0x00,0x00,0x00,0x03,0x00,
  0x00,0x00,0x00,0x00,0x00,0x00,0x00,0x00,0x00,0x00,0x00,0x00
};

const uint8_t* const ICONS24[] = { ICON24_pill, ICON24_am, ICON24_pm, ICON24_prn, ICON24_meal, ICON24_snack, ICON24_shower, ICON24_teeth, ICON24_joy, ICON24_text, ICON24_sleep, ICON24_work, ICON24_spoon, ICON24_low, ICON24_high, ICON24_mid, ICON24_anx, ICON24_calm, ICON24_check, ICON24_heart, ICON24_wifi, ICON24_cal, ICON24_chart, ICON24_gear, ICON24_sunrise, ICON24_sunset, ICON24_leaf, ICON24_star, ICON24_person, ICON24_back, ICON24_next, ICON24_bolt };
const uint8_t* const ICONS36[] = { ICON36_pill, ICON36_am, ICON36_pm, ICON36_prn, ICON36_meal, ICON36_snack, ICON36_shower, ICON36_teeth, ICON36_joy, ICON36_text, ICON36_sleep, ICON36_work, ICON36_spoon, ICON36_low, ICON36_high, ICON36_mid, ICON36_anx, ICON36_calm, ICON36_check, ICON36_heart, ICON36_wifi, ICON36_cal, ICON36_chart, ICON36_gear, ICON36_sunrise, ICON36_sunset, ICON36_leaf, ICON36_star, ICON36_person, ICON36_back, ICON36_next, ICON36_bolt };
