// GENERATED by tools/gen_large.py — do not edit.
#include "assets_large.h"

static const uint8_t FL_UI_S_bits[] = {
  0x38,0x38,0x38,0x38,0x38,0x38,0x38,0x38,0x38,0x38,0x38,0x38,0x00,0x00,0x38,0x38,0x38,0x3b,0x80,0x3b,0x80,0x3b,0x80,0x3b,
  0x80,0x3b,0x80,0x3b,0x80,0x3b,0x80,0x00,0x00,0x00,0x00,0x00,0x00,0x00,0x00,0x00,0x00,0x00,0x00,0x00,0x00,0x00,0x00,0x00,
  0x00,0x00,0x00,0x06,0x18,0x04,0x30,0x0c,0x30,0x0c,0x30,0x3f,0xfc,0x7f,0xfc,0x0c,0x70,0x08,0x60,0x18,0x60,0x18,0x60,0x7f,
  0xf8,0xff,0xf8,0x18,0xe0,0x18,0xc0,0x30,0xc0,0x30,0xc0,0x30,0xc0,0x01,0x00,0x01,0x00,0x01,0x00,0x07,0xe0,0x1f,0xf0,0x1d,
  0x78,0x39,0x1c,0x39,0x08,0x39,0x00,0x3d,0x00,0x1f,0x80,0x07,0xe0,0x01,0xf8,0x01,0x3c,0x01,0x1c,0x31,0x1c,0x39,0x1c,0x3d,
  0x78,0x1f,0xf0,0x0f,0xe0,0x01,0x00,0x01,0x00,0x0e,0x00,0x80,0x3f,0x81,0x80,0x3b,0x83,0x00,0x3b,0x82,0x00,0x3b,0x86,0x00,
  0x3f,0x8c,0x00,0x0e,0x08,0x00,0x00,0x18,0x00,0x00,0x30,0x00,0x00,0x21,0xe0,0x00,0x63,0xf0,0x00,0xc7,0x30,0x00,0x87,0x30,
  0x01,0x07,0x30,0x03,0x07,0x70,0x02,0x03,0xf0,0x04,0x01,0xe0,0x07,0x80,0x1f,0xc0,0x1c,0xe0,0x18,0xe0,0x18,0xe0,0x1d,0xc0,
  0x1f,0xc0,0x0f,0x00,0x1f,0x00,0x3f,0x9c,0x71,0xdc,0x70,0xfc,0x70,0xf8,0x70,0x78,0x38,0xf8,0x3f,0xfc,0x0f,0x8e,0x38,0x38,
  0x38,0x38,0x38,0x38,0x38,0x00,0x00,0x00,0x00,0x00,0x00,0x00,0x00,0x00,0x00,0x06,0x0e,0x0c,0x1c,0x1c,0x18,0x18,0x38,0x38,
  0x38,0x38,0x38,0x38,0x38,0x38,0x18,0x18,0x1c,0x0c,0x0e,0x06,0x70,0x30,0x38,0x18,0x18,0x1c,0x1c,0x0c,0x0c,0x0c,0x0c,0x0c,
  0x0c,0x0c,0x0c,0x1c,0x1c,0x18,0x38,0x30,0x70,0x06,0x00,0x06,0x00,0x26,0xc0,0x3f,0xc0,0x1f,0x00,0x1f,0x00,0x3f,0xc0,0x26,
  0xc0,0x06,0x00,0x06,0x00,0x00,0x00,0x00,0x00,0x00,0x00,0x00,0x00,0x00,0x00,0x00,0x00,0x00,0x00,0x03,0x80,0x03,0x80,0x03,
  0x80,0x03,0x80,0x3f,0xf8,0x3f,0xf8,0x03,0x80,0x03,0x80,0x03,0x80,0x03,0x80,0x03,0x80,0x00,0x00,0x00,0x00,0x38,0x38,0x30,
  0x30,0x30,0x30,0x60,0x00,0x00,0x3f,0x80,0x3f,0x80,0x00,0x00,0x00,0x00,0x00,0x00,0x00,0x00,0x00,0x00,0x00,0x00,0x38,0x38,
  0x38,0x02,0x00,0x03,0x00,0x07,0x00,0x06,0x00,0x06,0x00,0x06,0x00,0x0c,0x00,0x0c,0x00,0x0c,0x00,0x1c,0x00,0x18,0x00,0x18,
  0x00,0x18,0x00,0x38,0x00,0x30,0x00,0x30,0x00,0x30,0x00,0x70,0x00,0x60,0x00,0x60,0x00,0x60,0x00,0x07,0xc0,0x1f,0xe0,0x1c,
  0x70,0x38,0x38,0x30,0x38,0x70,0x18,0x70,0x18,0x70,0x18,0x70,0x18,0x70,0x18,0x70,0x18,0x70,0x18,0x30,0x38,0x38,0x38,0x1c,
  0x70,0x1f,0xe0,0x07,0xc0,0x0f,0x00,0x1f,0x00,0x7f,0x00,0x67,0x00,0x47,0x00,0x07,0x00,0x07,0x00,0x07,0x00,0x07,0x00,0x07,
  0x00,0x07,0x00,0x07,0x00,0x07,0x00,0x07,0x00,0x07,0x00,0x07,0x00,0x07,0x00,0x07,0xc0,0x0f,0xf0,0x1c,0x70,0x38,0x38,0x38,
  0x38,0x00,0x38,0x00,0x38,0x00,0x70,0x00,0x70,0x00,0xe0,0x01,0xc0,0x03,0x80,0x07,0x00,0x0e,0x00,0x1c,0x00,0x3f,0xf8,0x3f,
  0xf8,0x07,0xc0,0x1f,0xf0,0x1c,0x70,0x38,0x38,0x00,0x38,0x00,0x38,0x00,0x70,0x03,0xe0,0x03,0xe0,0x00,0x78,0x00,0x38,0x00,
  0x18,0x30,0x18,0x38,0x18,0x3c,0x78,0x1f,0xf0,0x07,0xc0,0x00,0xf0,0x01,0xf0,0x01,0xf0,0x03,0xf0,0x03,0x70,0x06,0x70,0x0e,
  0x70,0x0c,0x70,0x1c,0x70,0x38,0x70,0x30,0x70,0x70,0x70,0x7f,0xfc,0x7f,0xfc,0x00,0x70,0x00,0x70,0x00,0x70,0x3f,0xf0,0x3f,
  0xf0,0x30,0x00,0x30,0x00,0x30,0x00,0x30,0x00,0x37,0xc0,0x7f,0xe0,0x30,0xf0,0x00,0x70,0x00,0x30,0x00,0x30,0x60,0x30,0x70,
  0x70,0x38,0xf0,0x3f,0xe0,0x0f,0x80,0x07,0xc0,0x0f,0xe0,0x1c,0x70,0x38,0x38,0x30,0x00,0x70,0x00,0x77,0xc0,0x7f,0xf0,0x7c,
  0x70,0x70,0x38,0x70,0x38,0x70,0x38,0x70,0x38,0x38,0x38,0x3c,0x70,0x1f,0xe0,0x07,0xc0,0x7f,0xf0,0x7f,0xf0,0x00,0x70,0x00,
  0x60,0x00,0xe0,0x00,0xc0,0x01,0xc0,0x01,0x80,0x03,0x80,0x03,0x00,0x07,0x00,0x06,0x00,0x0e,0x00,0x0c,0x00,0x1c,0x00,0x1c,
  0x00,0x38,0x00,0x0f,0xc0,0x1f,0xe0,0x38,0x70,0x30,0x30,0x30,0x30,0x30,0x30,0x38,0x70,0x0f,0xc0,0x1f,0xe0,0x38,0x70,0x70,
  0x38,0x70,0x38,0x70,0x38,0x70,0x38,0x38,0x70,0x1f,0xe0,0x0f,0xc0,0x0f,0x80,0x1f,0xe0,0x38,0xf0,0x70,0x70,0x70,0x38,0x70,
  0x38,0x70,0x38,0x70,0x78,0x38,0xf8,0x1f,0xf8,0x0f,0x38,0x00,0x38,0x20,0x30,0x70,0x70,0x38,0xe0,0x1f,0xc0,0x0f,0x80,0x38,
  0x38,0x38,0x00,0x00,0x00,0x00,0x00,0x00,0x38,0x38,0x38,0x38,0x38,0x38,0x00,0x00,0x00,0x00,0x00,0x00,0x38,0x30,0x30,0x30,
  0x30,0x60,0x60,0x00,0x00,0x00,0x08,0x00,0x38,0x00,0xf8,0x03,0xe0,0x0f,0x80,0x3e,0x00,0x38,0x00,0x1f,0x00,0x07,0xc0,0x01,
  0xf0,0x00,0x78,0x00,0x18,0x00,0x00,0x00,0x00,0x3f,0xf8,0x3f,0xf8,0x00,0x00,0x00,0x00,0x00,0x00,0x3f,0xf8,0x3f,0xf8,0x00,
  0x00,0x00,0x00,0x00,0x00,0x00,0x00,0x10,0x00,0x1c,0x00,0x1f,0x00,0x07,0xc0,0x01,0xf0,0x00,0x3c,0x00,0x1c,0x00,0x78,0x03,
  0xe0,0x0f,0x80,0x1e,0x00,0x18,0x00,0x00,0x00,0x0f,0x00,0x3f,0xc0,0x39,0xe0,0x70,0xe0,0x60,0xe0,0x00,0xe0,0x00,0xe0,0x03,
  0xc0,0x07,0x80,0x07,0x00,0x06,0x00,0x06,0x00,0x00,0x00,0x00,0x00,0x0e,0x00,0x0e,0x00,0x0e,0x00,0x00,0xfe,0x00,0x03,0xff,
  0x80,0x0f,0x83,0xc0,0x1e,0x00,0xe0,0x1c,0x00,0x70,0x38,0x00,0x38,0x30,0xfb,0x38,0x71,0xff,0x18,0x73,0x8f,0x18,0x73,0x07,
  0x18,0x73,0x07,0x18,0x73,0x07,0x18,0x73,0x07,0x18,0x73,0x87,0x18,0x73,0x8f,0x38,0x31,0xfb,0xf0,0x38,0xf1,0xe0,0x1c,0x00,
  0x00,0x1e,0x00,0x00,0x0f,0x81,0x00,0x03,0xff,0x80,0x00,0xfe,0x00,0x03,0xc0,0x03,0xc0,0x03,0xe0,0x07,0x60,0x06,0x60,0x06,
  0x70,0x0e,0x70,0x0c,0x30,0x0c,0x38,0x1c,0x38,0x1f,0xf8,0x1f,0xfc,0x38,0x1c,0x30,0x0c,0x70,0x0e,0x70,0x0e,0x60,0x07,0x3f,
  0xe0,0x3f,0xf0,0x38,0x38,0x38,0x18,0x38,0x18,0x38,0x18,0x38,0x38,0x3f,0xe0,0x3f,0xf0,0x38,0x38,0x38,0x1c,0x38,0x1c,0x38,
  0x1c,0x38,0x1c,0x38,0x38,0x3f,0xf8,0x3f,0xe0,0x03,0xe0,0x00,0x0f,0xf8,0x00,0x1e,0x3c,0x00,0x38,0x0e,0x00,0x30,0x0e,0x00,
  0x70,0x06,0x00,0x70,0x00,0x00,0x70,0x00,0x00,0x70,0x00,0x00,0x70,0x00,0x00,0x70,0x00,0x00,0x70,0x06,0x00,0x30,0x0e,0x00,
  0x38,0x0e,0x00,0x1e,0x3c,0x00,0x0f,0xf8,0x00,0x03,0xe0,0x00,0x3f,0xe0,0x00,0x3f,0xf0,0x00,0x38,0x3c,0x00,0x38,0x1c,0x00,
  0x38,0x0e,0x00,0x38,0x06,0x00,0x38,0x06,0x00,0x38,0x06,0x00,0x38,0x06,0x00,0x38,0x06,0x00,0x38,0x06,0x00,0x38,0x06,0x00,
  0x38,0x0e,0x00,0x38,0x1c,0x00,0x38,0x3c,0x00,0x3f,0xf0,0x00,0x3f,0xe0,0x00,0x3f,0xf8,0x3f,0xf8,0x38,0x00,0x38,0x00,0x38,
  0x00,0x38,0x00,0x38,0x00,0x3f,0xf0,0x3f,0xf0,0x38,0x00,0x38,0x00,0x38,0x00,0x38,0x00,0x38,0x00,0x38,0x00,0x3f,0xf8,0x3f,
  0xf8,0x3f,0xf8,0x3f,0xf8,0x38,0x00,0x38,0x00,0x38,0x00,0x38,0x00,0x38,0x00,0x38,0x00,0x3f,0xf0,0x3f,0xf0,0x38,0x00,0x38,
  0x00,0x38,0x00,0x38,0x00,0x38,0x00,0x38,0x00,0x38,0x00,0x03,0xe0,0x00,0x0f,0xf8,0x00,0x1e,0x3c,0x00,0x38,0x0e,0x00,0x30,
  0x0e,0x00,0x70,0x00,0x00,0x70,0x00,0x00,0x70,0x00,0x00,0x70,0x7f,0x00,0x70,0x7e,0x00,0x70,0x06,0x00,0x70,0x06,0x00,0x30,
  0x0e,0x00,0x38,0x0e,0x00,0x1e,0x3c,0x00,0x0f,0xf8,0x00,0x03,0xe0,0x00,0x38,0x07,0x00,0x38,0x07,0x00,0x38,0x07,0x00,0x38,
  0x07,0x00,0x38,0x07,0x00,0x38,0x07,0x00,0x38,0x07,0x00,0x3f,0xff,0x00,0x3f,0xff,0x00,0x38,0x07,0x00,0x38,0x07,0x00,0x38,
  0x07,0x00,0x38,0x07,0x00,0x38,0x07,0x00,0x38,0x07,0x00,0x38,0x07,0x00,0x38,0x07,0x00,0x38,0x38,0x38,0x38,0x38,0x38,0x38,
  0x38,0x38,0x38,0x38,0x38,0x38,0x38,0x38,0x38,0x38,0x00,0x70,0x00,0x70,0x00,0x70,0x00,0x70,0x00,0x70,0x00,0x70,0x00,0x70,
  0x00,0x70,0x00,0x70,0x00,0x70,0x00,0x70,0x70,0x60,0x70,0x60,0x70,0x60,0x38,0xe0,0x3f,0xc0,0x0f,0x80,0x38,0x0e,0x38,0x1c,
  0x38,0x38,0x38,0x70,0x38,0xe0,0x39,0xc0,0x3b,0x80,0x3f,0x80,0x3f,0x80,0x3f,0xc0,0x3c,0xe0,0x38,0x70,0x38,0x70,0x38,0x38,
  0x38,0x1c,0x38,0x1c,0x38,0x0e,0x38,0x00,0x38,0x00,0x38,0x00,0x38,0x00,0x38,0x00,0x38,0x00,0x38,0x00,0x38,0x00,0x38,0x00,
  0x38,0x00,0x38,0x00,0x38,0x00,0x38,0x00,0x38,0x00,0x38,0x00,0x3f,0xf0,0x3f,0xf0,0x3c,0x01,0xf0,0x3c,0x01,0xf0,0x3e,0x01,
  0xf0,0x3e,0x03,0xf0,0x3f,0x03,0x70,0x3f,0x03,0x70,0x3b,0x07,0x70,0x3b,0x86,0x70,0x3b,0x86,0x70,0x39,0x8e,0x70,0x39,0xcc,
  0x70,0x38,0xcc,0x70,0x38,0xdc,0x70,0x38,0xf8,0x70,0x38,0x78,0x70,0x38,0x70,0x70,0x38,0x70,0x70,0x38,0x07,0x00,0x3c,0x07,
  0x00,0x3c,0x07,0x00,0x3e,0x07,0x00,0x3f,0x07,0x00,0x3b,0x07,0x00,0x3b,0x87,0x00,0x39,0x87,0x00,0x39,0xc7,0x00,0x38,0xe7,
  0x00,0x38,0x67,0x00,0x38,0x77,0x00,0x38,0x37,0x00,0x38,0x3f,0x00,0x38,0x1f,0x00,0x38,0x0f,0x00,0x38,0x0f,0x00,0x03,0xe0,
  0x00,0x0f,0xf8,0x00,0x1e,0x3c,0x00,0x38,0x0e,0x00,0x30,0x06,0x00,0x70,0x07,0x00,0x70,0x07,0x00,0x70,0x07,0x00,0x70,0x07,
  0x00,0x70,0x07,0x00,0x70,0x07,0x00,0x70,0x07,0x00,0x30,0x06,0x00,0x38,0x0e,0x00,0x1e,0x3c,0x00,0x0f,0xf8,0x00,0x03,0xe0,
  0x00,0x3f,0xc0,0x3f,0xf0,0x38,0x78,0x38,0x38,0x38,0x18,0x38,0x18,0x38,0x18,0x38,0x38,0x38,0x78,0x3f,0xf0,0x3f,0xc0,0x38,
  0x00,0x38,0x00,0x38,0x00,0x38,0x00,0x38,0x00,0x38,0x00,0x03,0xe0,0x00,0x0f,0xf8,0x00,0x1e,0x3c,0x00,0x38,0x0e,0x00,0x30,
  0x06,0x00,0x70,0x07,0x00,0x70,0x07,0x00,0x70,0x07,0x00,0x70,0x07,0x00,0x70,0x07,0x00,0x70,0x07,0x00,0x70,0xc7,0x00,0x38,
  0x6e,0x00,0x38,0x7e,0x00,0x1f,0x7c,0x00,0x0f,0xf8,0x00,0x03,0xfc,0x00,0x00,0x0e,0x00,0x00,0x06,0x00,0x3f,0xe0,0x3f,0xf0,
  0x38,0x78,0x38,0x18,0x38,0x18,0x38,0x18,0x38,0x18,0x38,0x38,0x3f,0xf0,0x3f,0xe0,0x38,0xe0,0x38,0x60,0x38,0x70,0x38,0x30,
  0x38,0x38,0x38,0x18,0x38,0x1c,0x07,0xe0,0x0f,0xf0,0x1c,0x38,0x38,0x1c,0x38,0x08,0x38,0x00,0x3c,0x00,0x1f,0x80,0x07,0xf0,
  0x00,0xf8,0x00,0x3c,0x00,0x1c,0x30,0x1c,0x38,0x1c,0x3c,0x38,0x1f,0xf0,0x07,0xe0,0x7f,0xfc,0x7f,0xfc,0x03,0x80,0x03,0x80,
  0x03,0x80,0x03,0x80,0x03,0x80,0x03,0x80,0x03,0x80,0x03,0x80,0x03,0x80,0x03,0x80,0x03,0x80,0x03,0x80,0x03,0x80,0x03,0x80,
  0x03,0x80,0x38,0x07,0x00,0x38,0x07,0x00,0x38,0x07,0x00,0x38,0x07,0x00,0x38,0x07,0x00,0x38,0x07,0x00,0x38,0x07,0x00,0x38,
  0x07,0x00,0x38,0x07,0x00,0x38,0x07,0x00,0x38,0x06,0x00,0x38,0x06,0x00,0x38,0x06,0x00,0x18,0x0e,0x00,0x1e,0x1c,0x00,0x0f,
  0xf8,0x00,0x03,0xf0,0x00,0x60,0x07,0x70,0x0e,0x70,0x0e,0x38,0x0e,0x38,0x1c,0x18,0x1c,0x1c,0x18,0x1c,0x38,0x0c,0x38,0x0e,
  0x30,0x0e,0x70,0x06,0x70,0x07,0x60,0x07,0x60,0x03,0xe0,0x03,0xc0,0x03,0xc0,0x60,0x38,0x0c,0x70,0x38,0x1c,0x70,0x7c,0x1c,
  0x30,0x7c,0x1c,0x30,0x6c,0x18,0x38,0x6c,0x38,0x38,0xee,0x38,0x18,0xee,0x30,0x18,0xc6,0x30,0x1c,0xc6,0x70,0x1d,0xc7,0x70,
  0x0d,0xc3,0x60,0x0d,0x83,0x60,0x0f,0x83,0xe0,0x0f,0x83,0xe0,0x07,0x01,0xc0,0x07,0x01,0xc0,0x70,0x0e,0x38,0x1c,0x1c,0x18,
  0x1c,0x38,0x0e,0x70,0x07,0x60,0x07,0xe0,0x03,0xc0,0x03,0xc0,0x03,0xc0,0x07,0xe0,0x0e,0x70,0x0e,0x30,0x1c,0x38,0x38,0x1c,
  0x38,0x0c,0x70,0x0e,0x70,0x0e,0x38,0x0e,0x38,0x1c,0x1c,0x1c,0x0c,0x38,0x0e,0x30,0x07,0x70,0x07,0xe0,0x03,0xe0,0x01,0xc0,
  0x01,0xc0,0x01,0xc0,0x01,0xc0,0x01,0xc0,0x01,0xc0,0x01,0xc0,0x01,0xc0,0x7f,0xf8,0x7f,0xf8,0x00,0x30,0x00,0x70,0x00,0xe0,
  0x00,0xc0,0x01,0xc0,0x03,0x80,0x03,0x00,0x07,0x00,0x0e,0x00,0x0c,0x00,0x1c,0x00,0x38,0x00,0x30,0x00,0x7f,0xf8,0x7f,0xf8,
  0x00,0x3e,0x3e,0x38,0x38,0x38,0x38,0x38,0x38,0x38,0x38,0x38,0x38,0x38,0x38,0x38,0x38,0x38,0x38,0x38,0x3e,0x3e,0x40,0x00,
  0x60,0x00,0x60,0x00,0x60,0x00,0x30,0x00,0x30,0x00,0x30,0x00,0x30,0x00,0x18,0x00,0x18,0x00,0x18,0x00,0x1c,0x00,0x0c,0x00,
  0x0c,0x00,0x0c,0x00,0x0e,0x00,0x06,0x00,0x06,0x00,0x06,0x00,0x07,0x00,0x03,0x00,0x00,0x7e,0x7e,0x0e,0x0e,0x0e,0x0e,0x0e,
  0x0e,0x0e,0x0e,0x0e,0x0e,0x0e,0x0e,0x0e,0x0e,0x0e,0x0e,0x0e,0x7e,0x7e,0x04,0x00,0x0e,0x00,0x1f,0x00,0x1b,0x00,0x3b,0x00,
  0x31,0x80,0x31,0x80,0x60,0xc0,0x00,0x00,0x00,0x00,0x00,0x00,0x00,0x00,0x00,0x00,0x00,0x00,0x00,0x00,0x00,0x00,0x00,0x00,
  0x00,0x00,0xff,0xe0,0xff,0xe0,0x38,0x18,0x0c,0x00,0x00,0x00,0x00,0x00,0x00,0x00,0x00,0x00,0x00,0x00,0x00,0x00,0x00,0x00,
  0x0f,0x80,0x1f,0xc0,0x38,0xe0,0x30,0x60,0x00,0x60,0x03,0xf0,0x3f,0xf0,0x78,0x70,0x70,0x70,0x70,0x70,0x71,0xf0,0x3f,0x70,
  0x1e,0x70,0x38,0x00,0x38,0x00,0x38,0x00,0x38,0x00,0x3b,0xc0,0x3f,0xf0,0x3c,0x70,0x38,0x38,0x38,0x18,0x38,0x18,0x38,0x18,
  0x38,0x18,0x38,0x18,0x38,0x38,0x3c,0x78,0x37,0xf0,0x33,0xc0,0x07,0x80,0x1f,0xe0,0x38,0xf0,0x30,0x70,0x70,0x00,0x70,0x00,
  0x70,0x00,0x70,0x00,0x70,0x00,0x30,0x70,0x38,0xf0,0x1f,0xe0,0x0f,0x80,0x00,0x38,0x00,0x38,0x00,0x38,0x00,0x38,0x0f,0x38,
  0x1f,0xb8,0x38,0xf8,0x30,0x78,0x70,0x38,0x70,0x38,0x70,0x38,0x70,0x38,0x70,0x38,0x30,0x78,0x38,0xf8,0x1f,0xb8,0x0f,0x38,
  0x07,0x80,0x1f,0xe0,0x38,0xf0,0x30,0x70,0x70,0x30,0x7f,0xf0,0x7f,0xf0,0x70,0x00,0x70,0x00,0x30,0x30,0x38,0x70,0x1f,0xe0,
  0x07,0xc0,0x00,0x00,0x0f,0x80,0x0f,0x80,0x0c,0x00,0x1c,0x00,0x7f,0x80,0x7f,0x80,0x1c,0x00,0x1c,0x00,0x1c,0x00,0x1c,0x00,
  0x1c,0x00,0x1c,0x00,0x1c,0x00,0x1c,0x00,0x1c,0x00,0x1c,0x00,0x1c,0x00,0x0f,0x38,0x1f,0xb8,0x38,0xf8,0x30,0x78,0x70,0x38,
  0x70,0x38,0x70,0x38,0x70,0x38,0x70,0x38,0x70,0x78,0x38,0xf8,0x1f,0xb8,0x0f,0x38,0x00,0x30,0x10,0x30,0x38,0x70,0x3f,0xe0,
  0x0f,0xc0,0x38,0x00,0x38,0x00,0x38,0x00,0x38,0x00,0x3b,0xc0,0x3f,0xe0,0x3c,0x70,0x38,0x30,0x38,0x30,0x38,0x38,0x38,0x38,
  0x38,0x38,0x38,0x38,0x38,0x38,0x38,0x38,0x38,0x38,0x38,0x38,0x00,0x70,0x70,0x00,0x00,0x70,0x70,0x70,0x70,0x70,0x70,0x70,
  0x70,0x70,0x70,0x70,0x70,0x70,0x00,0x38,0x38,0x00,0x00,0x38,0x38,0x38,0x38,0x38,0x38,0x38,0x38,0x38,0x38,0x38,0x38,0x38,
  0x38,0x38,0x38,0xf0,0xe0,0x38,0x00,0x38,0x00,0x38,0x00,0x38,0x00,0x38,0x70,0x38,0xe0,0x39,0xc0,0x39,0x80,0x3b,0x80,0x3f,
  0x00,0x3f,0x00,0x3b,0x80,0x39,0xc0,0x39,0xc0,0x38,0xe0,0x38,0x70,0x38,0x38,0x38,0x38,0x38,0x38,0x38,0x38,0x38,0x38,0x38,
  0x38,0x38,0x38,0x38,0x38,0x38,0x38,0x38,0x3b,0xc7,0x80,0x3f,0xef,0xe0,0x3c,0xf8,0xe0,0x38,0x70,0x60,0x38,0x70,0x60,0x38,
  0x70,0x70,0x38,0x70,0x70,0x38,0x70,0x70,0x38,0x70,0x70,0x38,0x70,0x70,0x38,0x70,0x70,0x38,0x70,0x70,0x38,0x70,0x70,0x3b,
  0xc0,0x3f,0xe0,0x3c,0x70,0x38,0x30,0x38,0x30,0x38,0x38,0x38,0x38,0x38,0x38,0x38,0x38,0x38,0x38,0x38,0x38,0x38,0x38,0x38,
  0x38,0x0f,0x80,0x1f,0xe0,0x38,0xe0,0x30,0x70,0x70,0x30,0x70,0x30,0x70,0x30,0x70,0x30,0x70,0x30,0x30,0x70,0x38,0xe0,0x1f,
  0xe0,0x0f,0x80,0x3b,0xc0,0x3f,0xf0,0x3c,0x78,0x38,0x38,0x38,0x18,0x38,0x18,0x38,0x18,0x38,0x18,0x38,0x18,0x38,0x38,0x3c,
  0x70,0x3f,0xf0,0x3b,0xc0,0x38,0x00,0x38,0x00,0x38,0x00,0x38,0x00,0x38,0x00,0x0f,0x38,0x1f,0xb8,0x38,0xf8,0x30,0x78,0x70,
  0x38,0x70,0x38,0x70,0x38,0x70,0x38,0x70,0x38,0x30,0x78,0x38,0xf8,0x1f,0xb8,0x0f,0x38,0x00,0x38,0x00,0x38,0x00,0x38,0x00,
  0x38,0x00,0x38,0x00,0x00,0x3b,0x80,0x3f,0x80,0x3c,0x00,0x38,0x00,0x38,0x00,0x38,0x00,0x38,0x00,0x38,0x00,0x38,0x00,0x38,
  0x00,0x38,0x00,0x38,0x00,0x38,0x00,0x1f,0x00,0x3f,0xc0,0x71,0xc0,0x70,0x40,0x70,0x00,0x3c,0x00,0x1f,0x80,0x03,0xc0,0x00,
  0xe0,0x60,0xe0,0x71,0xe0,0x3f,0xc0,0x1f,0x00,0x1c,0x00,0x1c,0x00,0x1c,0x00,0x7f,0x00,0x7f,0x00,0x1c,0x00,0x1c,0x00,0x1c,
  0x00,0x1c,0x00,0x1c,0x00,0x1c,0x00,0x1c,0x00,0x1c,0x00,0x1c,0x00,0x0f,0x00,0x07,0x00,0x38,0x38,0x38,0x38,0x38,0x38,0x38,
  0x38,0x38,0x38,0x38,0x38,0x38,0x38,0x38,0x38,0x38,0x38,0x38,0x38,0x3c,0xf8,0x1f,0xb8,0x0f,0x38,0x60,0x38,0x70,0x30,0x70,
  0x70,0x30,0x60,0x38,0x60,0x18,0xe0,0x18,0xc0,0x1c,0xc0,0x0d,0xc0,0x0d,0x80,0x0f,0x80,0x07,0x00,0x07,0x00,0x60,0xe0,0xc0,
  0x70,0xe1,0xc0,0x70,0xe1,0xc0,0x31,0xf1,0x80,0x31,0xb1,0x80,0x39,0xb3,0x80,0x19,0xb3,0x80,0x1b,0x1b,0x00,0x1b,0x1b,0x00,
  0x1f,0x1f,0x00,0x0f,0x1e,0x00,0x0e,0x0e,0x00,0x0e,0x0e,0x00,0x70,0x70,0x38,0xe0,0x38,0xc0,0x1d,0xc0,0x0f,0x80,0x0f,0x00,
  0x07,0x00,0x0f,0x80,0x0d,0x80,0x19,0xc0,0x38,0xe0,0x30,0xe0,0x70,0x70,0x60,0x38,0x70,0x30,0x70,0x70,0x30,0x60,0x38,0x60,
  0x18,0xe0,0x18,0xc0,0x1c,0xc0,0x0d,0xc0,0x0d,0x80,0x0f,0x80,0x07,0x00,0x07,0x00,0x07,0x00,0x06,0x00,0x0e,0x00,0x3c,0x00,
  0x38,0x00,0x7f,0xe0,0x7f,0xe0,0x01,0xc0,0x01,0xc0,0x03,0x80,0x07,0x00,0x07,0x00,0x0e,0x00,0x1c,0x00,0x38,0x00,0x38,0x00,
  0x7f,0xe0,0x7f,0xe0,0x00,0x00,0x07,0x80,0x0f,0x80,0x0e,0x00,0x0e,0x00,0x0e,0x00,0x0e,0x00,0x0e,0x00,0x0c,0x00,0x1c,0x00,
  0x78,0x00,0x78,0x00,0x1c,0x00,0x0c,0x00,0x0c,0x00,0x0e,0x00,0x0e,0x00,0x0e,0x00,0x0e,0x00,0x0e,0x00,0x07,0x80,0x03,0x80,
  0x1c,0x1c,0x1c,0x1c,0x1c,0x1c,0x1c,0x1c,0x1c,0x1c,0x1c,0x1c,0x1c,0x1c,0x1c,0x1c,0x1c,0x1c,0x1c,0x1c,0x1c,0x1c,0x1c,0x1c,
  0x1c,0x1c,0x1c,0x1c,0x00,0x00,0x78,0x00,0x3c,0x00,0x0c,0x00,0x0c,0x00,0x0c,0x00,0x0e,0x00,0x0e,0x00,0x0e,0x00,0x0e,0x00,
  0x07,0x80,0x03,0x80,0x0e,0x00,0x0e,0x00,0x0e,0x00,0x0e,0x00,0x0e,0x00,0x0c,0x00,0x0c,0x00,0x1c,0x00,0x7c,0x00,0x30,0x00,
  0x0e,0x0c,0x1f,0x1c,0x39,0x9c,0x38,0xf8,0x30,0x70,0x00,0x00,0x00,0x00,0x00,0x00,0x00,0x00,0x1e,0x00,0x3f,0x00,0x73,0x80,
  0x73,0x80,0x73,0x80,0x73,0x80,0x3f,0x00,0x1e,0x00,0x00,0x00,0x00,0x00,0x00,0x00,0x00,0x00,0x00,0x00,0x00,0x00,0x00,0x00,
  0x00,0x00,0x00,0x00,0x38,0x38,0x38,0x00,0x00,0x00,0x00,0x00,0x00,0x00,0x00,0x18,0x10,0x1c,0x38,0x1e,0x70,0x0f,0xe0,0x07,
  0xc0,0x03,0xc0,0x07,0xc0,0x0e,0xe0,0x1c,0x70,0x18,0x38,0x10,0x10,0x00,0x00,0x01,0xc0,0x01,0x80,0x03,0x00,0x00,0x00,0x00,
  0x00,0x07,0x80,0x1f,0xe0,0x38,0xf0,0x30,0x70,0x70,0x30,0x7f,0xf0,0x7f,0xf0,0x70,0x00,0x70,0x00,0x30,0x30,0x38,0x70,0x1f,
  0xe0,0x07,0xc0,0x00,0x00,0xff,0xf0,0xff,0xf0,0x00,0x00,0x00,0x00,0x00,0x00,0x00,0x00,0x00,0x00,0x00,0x00,0x00,0x00,0x00,
  0xff,0xff,0xfe,0xff,0xff,0xfe,0x00,0x00,0x00,0x00,0x00,0x00,0x00,0x00,0x00,0x00,0x00,0x00,0x00,0x00,0x00,0x00,0x00,0x00,
  0x08,0x18,0x18,0x18,0x38,0x38,0x38,0x00,0x00,0x00,0x00,0x00,0x00,0x00,0x00,0x00,0x00,0x18,0x18,0x38,0x38,0x30,0x30,0x30,
  0x00,0x00,0x00,0x00,0x00,0x00,0x00,0x00,0x00,0x00,0x08,0xc0,0x18,0xc0,0x18,0xc0,0x19,0x80,0x39,0x80,0x39,0x80,0x3b,0x80,
  0x00,0x00,0x00,0x00,0x00,0x00,0x00,0x00,0x00,0x00,0x00,0x00,0x00,0x00,0x00,0x00,0x00,0x00,0x00,0x00,0x19,0xc0,0x19,0xc0,
  0x39,0x80,0x39,0x80,0x31,0x80,0x33,0x00,0x33,0x00,0x00,0x00,0x00,0x00,0x00,0x00,0x00,0x00,0x00,0x00,0x00,0x00,0x00,0x00,
  0x00,0x00,0x00,0x00,0x00,0x00,0x07,0x00,0x0f,0x80,0x1f,0xc0,0x1f,0xc0,0x1f,0xc0,0x0f,0x80,0x07,0x00,0x00,0x00,0x00,0x00,
  0x00,0x00,0x38,0x70,0xe0,0x38,0x70,0xe0,0x38,0x70,0xe0,0x00,0x00,0x3f,0xf8,0x3f,0xf8,0x00,0x00,0x00,0x00,0x00,0x00,0x00,
  0x00,0x00,0x00,0x00,0x00
};

static const Glyph FL_UI_S_glyphs[] = {
  {0x0020,0,6,0,6,0,0},
  {0x0021,0,7,17,7,0,-17},
  {0x0022,17,11,17,11,0,-17},
  {0x0023,51,15,17,15,0,-17},
  {0x0024,85,15,22,15,0,-20},
  {0x0025,129,23,17,23,0,-17},
  {0x0026,180,15,17,15,0,-17},
  {0x0027,214,7,17,7,0,-17},
  {0x0028,231,8,21,8,0,-18},
  {0x0029,252,8,21,8,0,-18},
  {0x002a,273,12,17,12,0,-17},
  {0x002b,307,15,13,15,0,-13},
  {0x002c,333,7,7,7,0,-3},
  {0x002d,340,11,9,11,0,-9},
  {0x002e,358,7,3,7,0,-3},
  {0x002f,361,9,21,8,0,-18},
  {0x0030,403,15,17,15,0,-17},
  {0x0031,437,10,17,10,0,-17},
  {0x0032,471,14,17,14,0,-17},
  {0x0033,505,14,17,14,0,-17},
  {0x0034,539,15,17,15,0,-17},
  {0x0035,573,14,17,14,0,-17},
  {0x0036,607,14,17,14,0,-17},
  {0x0037,641,13,17,13,0,-17},
  {0x0038,675,14,17,14,0,-17},
  {0x0039,709,14,17,14,0,-17},
  {0x003a,743,7,12,7,0,-12},
  {0x003b,755,7,16,7,0,-12},
  {0x003c,771,15,14,15,0,-14},
  {0x003d,799,15,11,15,0,-11},
  {0x003e,821,15,14,15,0,-14},
  {0x003f,849,12,17,12,0,-17},
  {0x0040,883,23,22,23,0,-17},
  {0x0041,949,16,17,16,0,-17},
  {0x0042,983,15,17,15,0,-17},
  {0x0043,1017,17,17,17,0,-17},
  {0x0044,1068,17,17,17,0,-17},
  {0x0045,1119,14,17,14,0,-17},
  {0x0046,1153,14,17,14,0,-17},
  {0x0047,1187,17,17,17,0,-17},
  {0x0048,1238,17,17,17,0,-17},
  {0x0049,1289,6,17,6,0,-17},
  {0x004a,1306,13,17,13,0,-17},
  {0x004b,1340,16,17,16,0,-17},
  {0x004c,1374,13,17,13,0,-17},
  {0x004d,1408,21,17,21,0,-17},
  {0x004e,1459,17,17,17,0,-17},
  {0x004f,1510,18,17,18,0,-17},
  {0x0050,1561,15,17,15,0,-17},
  {0x0051,1595,18,19,18,0,-17},
  {0x0052,1652,15,17,15,0,-17},
  {0x0053,1686,15,17,15,0,-17},
  {0x0054,1720,15,17,15,0,-17},
  {0x0055,1754,17,17,17,0,-17},
  {0x0056,1805,16,17,16,0,-17},
  {0x0057,1839,23,17,23,0,-17},
  {0x0058,1890,16,17,16,0,-17},
  {0x0059,1924,16,17,16,0,-17},
  {0x005a,1958,15,17,15,0,-17},
  {0x005b,1992,8,22,8,0,-19},
  {0x005c,2014,9,21,8,0,-18},
  {0x005d,2056,8,22,8,0,-19},
  {0x005e,2078,11,17,11,0,-17},
  {0x005f,2112,11,3,11,0,-1},
  {0x0060,2118,8,18,8,0,-18},
  {0x0061,2136,13,13,13,0,-13},
  {0x0062,2162,14,17,14,0,-17},
  {0x0063,2196,13,13,13,0,-13},
  {0x0064,2222,14,17,14,0,-17},
  {0x0065,2256,14,13,14,0,-13},
  {0x0066,2282,10,18,9,0,-18},
  {0x0067,2318,14,18,14,0,-13},
  {0x0068,2354,14,17,14,0,-17},
  {0x0069,2388,6,18,6,0,-18},
  {0x006a,2406,7,23,6,-1,-18},
  {0x006b,2429,13,17,13,0,-17},
  {0x006c,2463,6,17,6,0,-17},
  {0x006d,2480,20,13,20,0,-13},
  {0x006e,2519,14,13,14,0,-13},
  {0x006f,2545,14,13,14,0,-13},
  {0x0070,2571,14,18,14,0,-13},
  {0x0071,2607,14,18,14,0,-13},
  {0x0072,2643,9,14,9,0,-14},
  {0x0073,2671,12,13,12,0,-13},
  {0x0074,2697,9,16,8,0,-16},
  {0x0075,2729,14,13,14,0,-13},
  {0x0076,2755,13,13,13,0,-13},
  {0x0077,2781,19,13,19,0,-13},
  {0x0078,2820,13,13,13,0,-13},
  {0x0079,2846,13,18,13,0,-13},
  {0x007a,2882,13,13,13,0,-13},
  {0x007b,2908,10,22,10,0,-18},
  {0x007c,2952,8,28,8,0,-22},
  {0x007d,2980,10,22,10,0,-18},
  {0x007e,3024,15,9,15,0,-9},
  {0x00b0,3042,11,17,11,0,-17},
  {0x00b7,3076,7,9,7,0,-9},
  {0x00d7,3085,15,13,15,0,-13},
  {0x00e9,3111,14,18,14,0,-18},
  {0x2013,3147,12,9,12,0,-9},
  {0x2014,3165,23,9,23,0,-9},
  {0x2018,3192,6,17,6,0,-17},
  {0x2019,3209,6,17,6,0,-17},
  {0x201c,3226,11,17,11,0,-17},
  {0x201d,3260,11,17,11,0,-17},
  {0x2022,3294,12,10,12,0,-10},
  {0x2026,3314,21,3,21,0,-3},
  {0x2212,3323,15,9,15,0,-9}
};
const Font FL_UI_S = {FL_UI_S_bits, FL_UI_S_glyphs, 108, 23, 6, 29};

static const uint8_t FL_UI_bits[] = {
  0x1c,0x00,0x1c,0x00,0x1c,0x00,0x1c,0x00,0x1c,0x00,0x1c,0x00,0x1c,0x00,0x1c,0x00,0x1c,0x00,0x1c,0x00,0x1c,0x00,0x1c,0x00,
  0x1c,0x00,0x1c,0x00,0x00,0x00,0x00,0x00,0x00,0x00,0x18,0x00,0x3c,0x00,0x3c,0x00,0x18,0x00,0x1c,0xe0,0x1c,0xe0,0x1c,0xe0,
  0x1c,0xe0,0x1c,0xe0,0x1c,0xe0,0x1c,0xe0,0x1c,0xe0,0x00,0x00,0x00,0x00,0x00,0x00,0x00,0x00,0x00,0x00,0x00,0x00,0x00,0x00,
  0x00,0x00,0x00,0x00,0x00,0x00,0x00,0x00,0x00,0x00,0x00,0x00,0x03,0x06,0x00,0x03,0x06,0x00,0x07,0x06,0x00,0x07,0x0e,0x00,
  0x06,0x0e,0x00,0x3f,0xff,0x80,0x3f,0xff,0x80,0x3f,0xff,0x80,0x0e,0x0c,0x00,0x0e,0x1c,0x00,0x0e,0x1c,0x00,0x0c,0x1c,0x00,
  0x0c,0x18,0x00,0x7f,0xff,0x00,0x7f,0xff,0x00,0x7f,0xff,0x00,0x1c,0x38,0x00,0x18,0x38,0x00,0x18,0x30,0x00,0x18,0x30,0x00,
  0x18,0x30,0x00,0x00,0xc0,0x00,0x00,0xc0,0x00,0x00,0xc0,0x00,0x03,0xf8,0x00,0x0f,0xfe,0x00,0x1f,0xff,0x00,0x1c,0xcf,0x00,
  0x38,0xc7,0x80,0x38,0xc3,0x00,0x38,0xc0,0x00,0x3c,0xc0,0x00,0x1f,0xc0,0x00,0x0f,0xf0,0x00,0x07,0xfc,0x00,0x00,0xfe,0x00,
  0x00,0xcf,0x00,0x00,0xc7,0x80,0x00,0xc3,0x80,0x38,0xc3,0x80,0x38,0xc7,0x80,0x3c,0xcf,0x00,0x1f,0xff,0x00,0x0f,0xfe,0x00,
  0x07,0xf8,0x00,0x00,0xc0,0x00,0x00,0xc0,0x00,0x00,0xc0,0x00,0x07,0x80,0x1c,0x00,0x0f,0xc0,0x18,0x00,0x1f,0xe0,0x38,0x00,
  0x18,0x60,0x70,0x00,0x18,0x60,0x60,0x00,0x18,0x60,0xe0,0x00,0x1c,0xe1,0xc0,0x00,0x0f,0xe1,0x80,0x00,0x0f,0xc3,0x80,0x00,
  0x03,0x07,0x00,0x00,0x00,0x06,0x00,0x00,0x00,0x0e,0x1e,0x00,0x00,0x1c,0x3f,0x00,0x00,0x18,0x73,0x80,0x00,0x38,0x61,0x80,
  0x00,0x70,0x61,0x80,0x00,0x60,0x61,0x80,0x00,0xe0,0x63,0x80,0x01,0xc0,0x7f,0x80,0x03,0x80,0x3f,0x00,0x03,0x00,0x1e,0x00,
  0x03,0xc0,0x00,0x0f,0xf0,0x00,0x1f,0xf8,0x00,0x1c,0x38,0x00,0x1c,0x38,0x00,0x1c,0x38,0x00,0x1c,0x70,0x00,0x0e,0xf0,0x00,
  0x0f,0xe0,0x00,0x07,0x80,0x00,0x0f,0x80,0x00,0x1f,0xc3,0x80,0x39,0xe3,0x80,0x78,0xf3,0x80,0x70,0x7f,0x80,0x70,0x3f,0x00,
  0x70,0x1f,0x00,0x38,0x3e,0x00,0x3f,0xff,0x00,0x1f,0xf7,0x80,0x07,0xe3,0xc0,0x1c,0x00,0x1c,0x00,0x1c,0x00,0x1c,0x00,0x1c,
  0x00,0x1c,0x00,0x1c,0x00,0x1c,0x00,0x00,0x00,0x00,0x00,0x00,0x00,0x00,0x00,0x00,0x00,0x00,0x00,0x00,0x00,0x00,0x00,0x00,
  0x00,0x00,0x00,0x00,0x00,0x00,0x00,0x00,0x00,0x03,0x80,0x03,0x80,0x07,0x00,0x07,0x00,0x07,0x00,0x0e,0x00,0x0e,0x00,0x0e,
  0x00,0x0e,0x00,0x1c,0x00,0x1c,0x00,0x1c,0x00,0x1c,0x00,0x1c,0x00,0x1c,0x00,0x1c,0x00,0x1c,0x00,0x1c,0x00,0x0e,0x00,0x0e,
  0x00,0x0e,0x00,0x0f,0x00,0x07,0x00,0x07,0x00,0x03,0x80,0x03,0x80,0x38,0x00,0x38,0x00,0x1c,0x00,0x1c,0x00,0x1c,0x00,0x0e,
  0x00,0x0e,0x00,0x0e,0x00,0x0f,0x00,0x07,0x00,0x07,0x00,0x07,0x00,0x07,0x00,0x07,0x00,0x07,0x00,0x07,0x00,0x07,0x00,0x07,
  0x00,0x0e,0x00,0x0e,0x00,0x0e,0x00,0x1e,0x00,0x1c,0x00,0x1c,0x00,0x38,0x00,0x38,0x00,0x03,0x00,0x03,0x00,0x23,0x10,0x3b,
  0x70,0x3f,0xf0,0x0f,0xc0,0x0f,0xc0,0x3f,0xf0,0x3b,0x70,0x23,0x10,0x03,0x00,0x03,0x00,0x00,0x00,0x00,0x00,0x00,0x00,0x00,
  0x00,0x00,0x00,0x00,0x00,0x00,0x00,0x00,0x00,0x00,0x00,0x00,0xe0,0x00,0x00,0xe0,0x00,0x00,0xe0,0x00,0x00,0xe0,0x00,0x00,
  0xe0,0x00,0x00,0xe0,0x00,0x1f,0xff,0x00,0x1f,0xff,0x00,0x1f,0xff,0x00,0x00,0xe0,0x00,0x00,0xe0,0x00,0x00,0xe0,0x00,0x00,
  0xe0,0x00,0x00,0xe0,0x00,0x00,0x00,0x00,0x1c,0x1c,0x18,0x38,0x38,0x38,0x30,0x30,0x3f,0xe0,0x3f,0xe0,0x3f,0xe0,0x00,0x00,
  0x00,0x00,0x00,0x00,0x00,0x00,0x00,0x00,0x00,0x00,0x00,0x00,0x00,0x00,0x18,0x3c,0x3c,0x18,0x01,0xc0,0x01,0x80,0x03,0x80,
  0x03,0x80,0x03,0x80,0x03,0x00,0x07,0x00,0x07,0x00,0x07,0x00,0x06,0x00,0x0e,0x00,0x0e,0x00,0x0e,0x00,0x0c,0x00,0x1c,0x00,
  0x1c,0x00,0x18,0x00,0x18,0x00,0x38,0x00,0x38,0x00,0x30,0x00,0x70,0x00,0x70,0x00,0x70,0x00,0x60,0x00,0x01,0xf0,0x00,0x07,
  0xfc,0x00,0x0f,0xfe,0x00,0x0e,0x0e,0x00,0x1c,0x07,0x00,0x1c,0x07,0x00,0x3c,0x07,0x80,0x38,0x03,0x80,0x38,0x03,0x80,0x38,
  0x03,0x80,0x38,0x03,0x80,0x38,0x03,0x80,0x38,0x03,0x80,0x38,0x03,0x80,0x3c,0x07,0x80,0x1c,0x07,0x00,0x1c,0x07,0x00,0x0e,
  0x0e,0x00,0x0f,0xfe,0x00,0x07,0xfc,0x00,0x01,0xf0,0x00,0x07,0x80,0x1f,0x80,0x3f,0x80,0x7b,0x80,0x73,0x80,0x43,0x80,0x03,
  0x80,0x03,0x80,0x03,0x80,0x03,0x80,0x03,0x80,0x03,0x80,0x03,0x80,0x03,0x80,0x03,0x80,0x03,0x80,0x03,0x80,0x03,0x80,0x03,
  0x80,0x03,0x80,0x03,0x80,0x03,0xe0,0x00,0x0f,0xf8,0x00,0x1f,0xfc,0x00,0x1c,0x1c,0x00,0x38,0x0e,0x00,0x38,0x0e,0x00,0x00,
  0x0e,0x00,0x00,0x0e,0x00,0x00,0x1e,0x00,0x00,0x1c,0x00,0x00,0x38,0x00,0x00,0x78,0x00,0x00,0xf0,0x00,0x01,0xe0,0x00,0x03,
  0xc0,0x00,0x07,0x80,0x00,0x0f,0x00,0x00,0x1e,0x00,0x00,0x3f,0xfe,0x00,0x3f,0xfe,0x00,0x3f,0xfe,0x00,0x03,0xe0,0x00,0x0f,
  0xf8,0x00,0x1f,0xfc,0x00,0x3c,0x1e,0x00,0x38,0x0e,0x00,0x00,0x0e,0x00,0x00,0x0e,0x00,0x00,0x1c,0x00,0x01,0xf8,0x00,0x01,
  0xf0,0x00,0x01,0xfc,0x00,0x00,0x1e,0x00,0x00,0x0f,0x00,0x00,0x07,0x00,0x00,0x07,0x00,0x38,0x07,0x00,0x38,0x0f,0x00,0x3c,
  0x0e,0x00,0x1f,0xfe,0x00,0x0f,0xfc,0x00,0x03,0xf0,0x00,0x00,0x1e,0x00,0x00,0x3e,0x00,0x00,0x7e,0x00,0x00,0x7e,0x00,0x00,
  0xee,0x00,0x00,0xee,0x00,0x01,0xce,0x00,0x03,0xce,0x00,0x03,0x8e,0x00,0x07,0x0e,0x00,0x0f,0x0e,0x00,0x0e,0x0e,0x00,0x1c,
  0x0e,0x00,0x1c,0x0e,0x00,0x3f,0xff,0x80,0x3f,0xff,0x80,0x3f,0xff,0x80,0x00,0x0e,0x00,0x00,0x0e,0x00,0x00,0x0e,0x00,0x00,
  0x0e,0x00,0x1f,0xfc,0x00,0x1f,0xfc,0x00,0x1f,0xfc,0x00,0x18,0x00,0x00,0x38,0x00,0x00,0x38,0x00,0x00,0x38,0x00,0x00,0x3b,
  0xe0,0x00,0x3f,0xf8,0x00,0x3f,0xfc,0x00,0x18,0x3c,0x00,0x00,0x1e,0x00,0x00,0x0e,0x00,0x00,0x0e,0x00,0x00,0x0e,0x00,0x30,
  0x0e,0x00,0x38,0x1e,0x00,0x3c,0x3c,0x00,0x1f,0xf8,0x00,0x0f,0xf0,0x00,0x07,0xe0,0x00,0x01,0xf8,0x00,0x03,0xfe,0x00,0x07,
  0xff,0x00,0x0e,0x0f,0x00,0x1c,0x07,0x80,0x1c,0x00,0x00,0x18,0x00,0x00,0x38,0xf8,0x00,0x3b,0xfe,0x00,0x3f,0xff,0x00,0x3e,
  0x0f,0x00,0x3c,0x07,0x80,0x3c,0x03,0x80,0x38,0x03,0x80,0x38,0x03,0x80,0x1c,0x03,0x80,0x1c,0x07,0x00,0x1e,0x0f,0x00,0x0f,
  0xfe,0x00,0x07,0xfc,0x00,0x01,0xf0,0x00,0x7f,0xfe,0x7f,0xfe,0x7f,0xfe,0x00,0x1e,0x00,0x1c,0x00,0x3c,0x00,0x38,0x00,0x78,
  0x00,0x70,0x00,0xf0,0x00,0xe0,0x01,0xe0,0x01,0xc0,0x03,0xc0,0x03,0x80,0x07,0x80,0x07,0x00,0x0f,0x00,0x0e,0x00,0x1e,0x00,
  0x1c,0x00,0x01,0xf0,0x00,0x07,0xfc,0x00,0x0f,0xfe,0x00,0x1e,0x0f,0x00,0x1c,0x07,0x00,0x1c,0x07,0x00,0x1c,0x07,0x00,0x0e,
  0x0e,0x00,0x0f,0xfc,0x00,0x03,0xf8,0x00,0x0f,0xfc,0x00,0x1e,0x1e,0x00,0x1c,0x0f,0x00,0x38,0x07,0x00,0x38,0x07,0x00,0x38,
  0x07,0x00,0x38,0x07,0x00,0x1c,0x0e,0x00,0x1f,0xfe,0x00,0x0f,0xfc,0x00,0x03,0xf0,0x00,0x01,0xf0,0x00,0x07,0xfc,0x00,0x0f,
  0xfe,0x00,0x1e,0x0f,0x00,0x3c,0x07,0x00,0x38,0x07,0x00,0x38,0x03,0x80,0x38,0x07,0x80,0x38,0x07,0x80,0x1c,0x0f,0x80,0x1e,
  0x1f,0x80,0x0f,0xfb,0x80,0x07,0xf3,0x80,0x00,0xc3,0x80,0x00,0x07,0x00,0x18,0x07,0x00,0x3c,0x07,0x00,0x1e,0x0e,0x00,0x0f,
  0xfc,0x00,0x07,0xf8,0x00,0x03,0xf0,0x00,0x18,0x3c,0x3c,0x18,0x00,0x00,0x00,0x00,0x00,0x00,0x00,0x18,0x3c,0x3c,0x18,0x0c,
  0x00,0x1e,0x00,0x1e,0x00,0x0c,0x00,0x00,0x00,0x00,0x00,0x00,0x00,0x00,0x00,0x00,0x00,0x00,0x00,0x00,0x00,0x00,0x00,0x1c,
  0x00,0x1c,0x00,0x1c,0x00,0x1c,0x00,0x18,0x00,0x18,0x00,0x38,0x00,0x30,0x00,0x00,0x00,0x00,0x00,0x02,0x00,0x00,0x0f,0x00,
  0x00,0x3f,0x00,0x00,0xfe,0x00,0x03,0xf0,0x00,0x0f,0xc0,0x00,0x3f,0x00,0x00,0x3c,0x00,0x00,0x3e,0x00,0x00,0x1f,0x80,0x00,
  0x07,0xf0,0x00,0x01,0xfc,0x00,0x00,0x7e,0x00,0x00,0x1f,0x00,0x00,0x07,0x00,0x00,0x00,0x00,0x1f,0xff,0x00,0x1f,0xff,0x00,
  0x1f,0xff,0x00,0x00,0x00,0x00,0x00,0x00,0x00,0x00,0x00,0x00,0x1f,0xff,0x00,0x1f,0xff,0x00,0x1f,0xff,0x00,0x00,0x00,0x00,
  0x00,0x00,0x00,0x00,0x00,0x00,0x00,0x00,0x00,0x00,0x00,0x00,0x10,0x00,0x00,0x1c,0x00,0x00,0x1f,0x00,0x00,0x0f,0xc0,0x00,
  0x03,0xf0,0x00,0x00,0xfc,0x00,0x00,0x3f,0x00,0x00,0x0f,0x80,0x00,0x1f,0x00,0x00,0x7e,0x00,0x01,0xf8,0x00,0x07,0xe0,0x00,
  0x1f,0x80,0x00,0x1e,0x00,0x00,0x18,0x00,0x00,0x00,0x00,0x00,0x0f,0xc0,0x1f,0xe0,0x3f,0xf0,0x78,0x78,0x70,0x38,0x70,0x38,
  0x00,0x38,0x00,0x78,0x00,0xf0,0x01,0xe0,0x03,0xc0,0x07,0x80,0x07,0x00,0x07,0x00,0x07,0x00,0x00,0x00,0x00,0x00,0x03,0x00,
  0x07,0x80,0x07,0x80,0x03,0x00,0x00,0x07,0x00,0x00,0x00,0x7f,0xf0,0x00,0x01,0xff,0xfc,0x00,0x03,0xf0,0x3e,0x00,0x07,0x80,
  0x0f,0x00,0x0f,0x00,0x07,0x80,0x0e,0x00,0x03,0xc0,0x1c,0x0f,0x31,0xc0,0x1c,0x3f,0xf1,0xc0,0x1c,0x7f,0xf0,0xe0,0x38,0x70,
  0x70,0xe0,0x38,0xe0,0x70,0xe0,0x38,0xc0,0x30,0xe0,0x38,0xc0,0x30,0xe0,0x38,0xc0,0x30,0xe0,0x38,0xc0,0x30,0xe0,0x38,0xe0,
  0x70,0xe0,0x3c,0x70,0x71,0xc0,0x1c,0x7f,0xff,0xc0,0x1c,0x3f,0xbf,0x80,0x1e,0x0f,0x0f,0x00,0x0f,0x00,0x00,0x00,0x07,0x80,
  0x00,0x00,0x07,0xc0,0x00,0x00,0x01,0xff,0xf8,0x00,0x00,0xff,0xf8,0x00,0x00,0x1f,0xe0,0x00,0x00,0xf0,0x00,0x01,0xf0,0x00,
  0x01,0xf8,0x00,0x01,0xf8,0x00,0x03,0xb8,0x00,0x03,0x9c,0x00,0x03,0x9c,0x00,0x07,0x9c,0x00,0x07,0x0e,0x00,0x07,0x0e,0x00,
  0x0f,0x0e,0x00,0x0e,0x0f,0x00,0x0e,0x07,0x00,0x1f,0xff,0x80,0x1f,0xff,0x80,0x1f,0xff,0x80,0x3c,0x03,0xc0,0x38,0x01,0xc0,
  0x38,0x01,0xc0,0x78,0x01,0xe0,0x70,0x00,0xe0,0x3f,0xf0,0x00,0x3f,0xfc,0x00,0x3f,0xfe,0x00,0x38,0x0f,0x00,0x38,0x07,0x00,
  0x38,0x07,0x00,0x38,0x07,0x00,0x38,0x0f,0x00,0x38,0x1e,0x00,0x3f,0xfc,0x00,0x3f,0xfc,0x00,0x3f,0xfe,0x00,0x38,0x07,0x00,
  0x38,0x07,0x80,0x38,0x03,0x80,0x38,0x03,0x80,0x38,0x03,0x80,0x38,0x07,0x80,0x3f,0xff,0x00,0x3f,0xfe,0x00,0x3f,0xf8,0x00,
  0x00,0xfc,0x00,0x03,0xff,0x00,0x07,0xff,0x80,0x0f,0x03,0xc0,0x1e,0x01,0xe0,0x1c,0x00,0xe0,0x1c,0x00,0xe0,0x38,0x00,0x00,
  0x38,0x00,0x00,0x38,0x00,0x00,0x38,0x00,0x00,0x38,0x00,0x00,0x38,0x00,0x00,0x38,0x00,0x00,0x1c,0x00,0xe0,0x1c,0x00,0xe0,
  0x1e,0x01,0xe0,0x0f,0x03,0xc0,0x07,0xff,0x80,0x03,0xff,0x00,0x00,0xfc,0x00,0x3f,0xf0,0x00,0x3f,0xfc,0x00,0x3f,0xfe,0x00,
  0x38,0x0f,0x00,0x38,0x07,0x80,0x38,0x03,0x80,0x38,0x03,0xc0,0x38,0x01,0xc0,0x38,0x01,0xc0,0x38,0x01,0xc0,0x38,0x01,0xc0,
  0x38,0x01,0xc0,0x38,0x01,0xc0,0x38,0x01,0xc0,0x38,0x03,0xc0,0x38,0x03,0x80,0x38,0x07,0x80,0x38,0x0f,0x00,0x3f,0xfe,0x00,
  0x3f,0xfc,0x00,0x3f,0xf0,0x00,0x3f,0xfe,0x00,0x3f,0xfe,0x00,0x3f,0xfe,0x00,0x38,0x00,0x00,0x38,0x00,0x00,0x38,0x00,0x00,
  0x38,0x00,0x00,0x38,0x00,0x00,0x38,0x00,0x00,0x3f,0xfc,0x00,0x3f,0xfc,0x00,0x3f,0xfc,0x00,0x38,0x00,0x00,0x38,0x00,0x00,
  0x38,0x00,0x00,0x38,0x00,0x00,0x38,0x00,0x00,0x38,0x00,0x00,0x3f,0xfe,0x00,0x3f,0xfe,0x00,0x3f,0xfe,0x00,0x3f,0xfe,0x00,
  0x3f,0xfe,0x00,0x3f,0xfc,0x00,0x38,0x00,0x00,0x38,0x00,0x00,0x38,0x00,0x00,0x38,0x00,0x00,0x38,0x00,0x00,0x38,0x00,0x00,
  0x3f,0xfc,0x00,0x3f,0xfc,0x00,0x3f,0xfc,0x00,0x38,0x00,0x00,0x38,0x00,0x00,0x38,0x00,0x00,0x38,0x00,0x00,0x38,0x00,0x00,
  0x38,0x00,0x00,0x38,0x00,0x00,0x38,0x00,0x00,0x38,0x00,0x00,0x00,0xfc,0x00,0x03,0xff,0x00,0x07,0xff,0xc0,0x0f,0x03,0xe0,
  0x1e,0x01,0xe0,0x1c,0x00,0xf0,0x1c,0x00,0x60,0x38,0x00,0x00,0x38,0x00,0x00,0x38,0x00,0x00,0x38,0x0f,0xf0,0x38,0x0f,0xf0,
  0x38,0x0f,0xf0,0x38,0x00,0x70,0x1c,0x00,0x70,0x1c,0x00,0xf0,0x1e,0x00,0xe0,0x0f,0x01,0xc0,0x07,0xff,0xc0,0x03,0xff,0x00,
  0x00,0xfe,0x00,0x38,0x01,0xc0,0x38,0x01,0xc0,0x38,0x01,0xc0,0x38,0x01,0xc0,0x38,0x01,0xc0,0x38,0x01,0xc0,0x38,0x01,0xc0,
  0x38,0x01,0xc0,0x38,0x01,0xc0,0x3f,0xff,0xc0,0x3f,0xff,0xc0,0x3f,0xff,0xc0,0x38,0x01,0xc0,0x38,0x01,0xc0,0x38,0x01,0xc0,
  0x38,0x01,0xc0,0x38,0x01,0xc0,0x38,0x01,0xc0,0x38,0x01,0xc0,0x38,0x01,0xc0,0x38,0x01,0xc0,0x38,0x38,0x38,0x38,0x38,0x38,
  0x38,0x38,0x38,0x38,0x38,0x38,0x38,0x38,0x38,0x38,0x38,0x38,0x38,0x38,0x38,0x00,0x1c,0x00,0x1c,0x00,0x1c,0x00,0x1c,0x00,
  0x1c,0x00,0x1c,0x00,0x1c,0x00,0x1c,0x00,0x1c,0x00,0x1c,0x00,0x1c,0x00,0x1c,0x00,0x1c,0x00,0x1c,0x70,0x1c,0x70,0x1c,0x70,
  0x1c,0x38,0x38,0x3f,0xf8,0x1f,0xf0,0x07,0xc0,0x38,0x03,0xc0,0x38,0x07,0x80,0x38,0x0f,0x00,0x38,0x1e,0x00,0x38,0x3c,0x00,
  0x38,0x78,0x00,0x38,0xf0,0x00,0x38,0xf0,0x00,0x39,0xe0,0x00,0x3b,0xc0,0x00,0x3f,0xe0,0x00,0x3f,0xf0,0x00,0x3e,0x70,0x00,
  0x3c,0x78,0x00,0x38,0x3c,0x00,0x38,0x1c,0x00,0x38,0x1e,0x00,0x38,0x0f,0x00,0x38,0x07,0x80,0x38,0x03,0x80,0x38,0x03,0xc0,
  0x38,0x00,0x38,0x00,0x38,0x00,0x38,0x00,0x38,0x00,0x38,0x00,0x38,0x00,0x38,0x00,0x38,0x00,0x38,0x00,0x38,0x00,0x38,0x00,
  0x38,0x00,0x38,0x00,0x38,0x00,0x38,0x00,0x38,0x00,0x38,0x00,0x3f,0xfc,0x3f,0xfe,0x3f,0xfe,0x3e,0x00,0x3e,0x00,0x3e,0x00,
  0x3e,0x00,0x3f,0x00,0x3e,0x00,0x3f,0x00,0x7e,0x00,0x3f,0x00,0x7e,0x00,0x3b,0x80,0xee,0x00,0x3b,0x80,0xee,0x00,0x3b,0x80,
  0xee,0x00,0x39,0xc1,0xce,0x00,0x39,0xc1,0xce,0x00,0x39,0xe1,0xce,0x00,0x38,0xe3,0x8e,0x00,0x38,0xe3,0x8e,0x00,0x38,0xf3,
  0x8e,0x00,0x38,0x77,0x0e,0x00,0x38,0x77,0x0e,0x00,0x38,0x3f,0x0e,0x00,0x38,0x3e,0x0e,0x00,0x38,0x3e,0x0e,0x00,0x38,0x1c,
  0x0e,0x00,0x38,0x1c,0x0e,0x00,0x3c,0x00,0xe0,0x3e,0x00,0xe0,0x3e,0x00,0xe0,0x3f,0x00,0xe0,0x3f,0x00,0xe0,0x3b,0x80,0xe0,
  0x3b,0xc0,0xe0,0x39,0xc0,0xe0,0x38,0xe0,0xe0,0x38,0xf0,0xe0,0x38,0x70,0xe0,0x38,0x78,0xe0,0x38,0x38,0xe0,0x38,0x1c,0xe0,
  0x38,0x1e,0xe0,0x38,0x0e,0xe0,0x38,0x07,0xe0,0x38,0x07,0xe0,0x38,0x03,0xe0,0x38,0x03,0xe0,0x38,0x01,0xe0,0x00,0xfc,0x00,
  0x03,0xff,0x00,0x07,0xff,0x80,0x0f,0x03,0xc0,0x1e,0x01,0xe0,0x1c,0x00,0xe0,0x1c,0x00,0xe0,0x38,0x00,0x70,0x38,0x00,0x70,
  0x38,0x00,0x70,0x38,0x00,0x70,0x38,0x00,0x70,0x38,0x00,0x70,0x38,0x00,0x70,0x1c,0x00,0xe0,0x1c,0x00,0xe0,0x1e,0x01,0xe0,
  0x0f,0x03,0xc0,0x07,0xff,0x80,0x03,0xff,0x00,0x00,0xfc,0x00,0x3f,0xf0,0x00,0x3f,0xfc,0x00,0x3f,0xfe,0x00,0x38,0x0e,0x00,
  0x38,0x0f,0x00,0x38,0x07,0x00,0x38,0x07,0x00,0x38,0x07,0x00,0x38,0x07,0x00,0x38,0x0f,0x00,0x38,0x1e,0x00,0x3f,0xfc,0x00,
  0x3f,0xf8,0x00,0x3f,0xc0,0x00,0x38,0x00,0x00,0x38,0x00,0x00,0x38,0x00,0x00,0x38,0x00,0x00,0x38,0x00,0x00,0x38,0x00,0x00,
  0x38,0x00,0x00,0x00,0xfc,0x00,0x03,0xff,0x00,0x07,0xff,0x80,0x0f,0x03,0xc0,0x1e,0x01,0xe0,0x1c,0x00,0xe0,0x1c,0x00,0xe0,
  0x38,0x00,0x70,0x38,0x00,0x70,0x38,0x00,0x70,0x38,0x00,0x70,0x38,0x00,0x70,0x38,0x00,0x70,0x3c,0x00,0x70,0x1c,0x38,0xe0,
  0x1c,0x1c,0xe0,0x1e,0x0f,0xe0,0x0f,0x87,0xc0,0x07,0xff,0x80,0x03,0xff,0x80,0x00,0xfd,0xc0,0x00,0x00,0xe0,0x00,0x00,0x40,
  0x3f,0xf0,0x00,0x3f,0xfc,0x00,0x3f,0xfe,0x00,0x38,0x0e,0x00,0x38,0x07,0x00,0x38,0x07,0x00,0x38,0x07,0x00,0x38,0x07,0x00,
  0x38,0x07,0x00,0x38,0x0e,0x00,0x3f,0xfe,0x00,0x3f,0xfc,0x00,0x3f,0xf8,0x00,0x38,0x38,0x00,0x38,0x38,0x00,0x38,0x1c,0x00,
  0x38,0x1e,0x00,0x38,0x0e,0x00,0x38,0x0f,0x00,0x38,0x07,0x00,0x38,0x07,0x80,0x03,0xf0,0x00,0x0f,0xfc,0x00,0x1f,0xff,0x00,
  0x1c,0x0f,0x00,0x38,0x07,0x80,0x38,0x03,0x00,0x38,0x00,0x00,0x3c,0x00,0x00,0x1f,0x00,0x00,0x0f,0xf0,0x00,0x07,0xfc,0x00,
  0x00,0xff,0x00,0x00,0x0f,0x00,0x00,0x07,0x80,0x00,0x03,0x80,0x38,0x03,0x80,0x38,0x03,0x80,0x3c,0x0f,0x00,0x1f,0xff,0x00,
  0x0f,0xfe,0x00,0x03,0xf8,0x00,0x7f,0xff,0x80,0x7f,0xff,0x80,0x7f,0xff,0x80,0x01,0xc0,0x00,0x01,0xc0,0x00,0x01,0xc0,0x00,
  0x01,0xc0,0x00,0x01,0xc0,0x00,0x01,0xc0,0x00,0x01,0xc0,0x00,0x01,0xc0,0x00,0x01,0xc0,0x00,0x01,0xc0,0x00,0x01,0xc0,0x00,
  0x01,0xc0,0x00,0x01,0xc0,0x00,0x01,0xc0,0x00,0x01,0xc0,0x00,0x01,0xc0,0x00,0x01,0xc0,0x00,0x01,0xc0,0x00,0x38,0x01,0xc0,
  0x38,0x01,0xc0,0x38,0x01,0xc0,0x38,0x01,0xc0,0x38,0x01,0xc0,0x38,0x01,0xc0,0x38,0x01,0xc0,0x38,0x01,0xc0,0x38,0x01,0xc0,
  0x38,0x01,0xc0,0x38,0x01,0xc0,0x38,0x01,0xc0,0x38,0x01,0xc0,0x38,0x01,0xc0,0x38,0x01,0xc0,0x38,0x01,0xc0,0x1c,0x03,0x80,
  0x1e,0x07,0x80,0x0f,0xff,0x00,0x07,0xfe,0x00,0x01,0xf8,0x00,0x70,0x00,0xe0,0x78,0x01,0xe0,0x38,0x01,0xc0,0x38,0x01,0xc0,
  0x3c,0x03,0xc0,0x1c,0x03,0x80,0x1c,0x03,0x80,0x1e,0x07,0x80,0x0e,0x07,0x00,0x0e,0x07,0x00,0x0f,0x0f,0x00,0x07,0x0e,0x00,
  0x07,0x0e,0x00,0x07,0x9c,0x00,0x03,0x9c,0x00,0x03,0x9c,0x00,0x03,0x98,0x00,0x01,0xf8,0x00,0x01,0xf8,0x00,0x00,0xf0,0x00,
  0x00,0xf0,0x00,0x70,0x0f,0x00,0xe0,0x70,0x0f,0x00,0xe0,0x78,0x0f,0x01,0xe0,0x38,0x1f,0x81,0xc0,0x38,0x1f,0x81,0xc0,0x38,
  0x1f,0x81,0xc0,0x3c,0x19,0x83,0xc0,0x1c,0x39,0xc3,0x80,0x1c,0x39,0xc3,0x80,0x1c,0x39,0xc3,0x80,0x1e,0x38,0xc3,0x80,0x0e,
  0x70,0xe7,0x00,0x0e,0x70,0xe7,0x00,0x0e,0x70,0xe7,0x00,0x06,0x70,0x67,0x00,0x07,0x60,0x7e,0x00,0x07,0xe0,0x7e,0x00,0x07,
  0xe0,0x7e,0x00,0x03,0xc0,0x3c,0x00,0x03,0xc0,0x3c,0x00,0x03,0xc0,0x3c,0x00,0x38,0x01,0xc0,0x3c,0x03,0x80,0x1e,0x07,0x80,
  0x0e,0x07,0x00,0x0f,0x0e,0x00,0x07,0x1e,0x00,0x03,0x9c,0x00,0x03,0xf8,0x00,0x01,0xf8,0x00,0x00,0xf0,0x00,0x00,0xf0,0x00,
  0x01,0xf8,0x00,0x01,0xf8,0x00,0x03,0xbc,0x00,0x07,0x9e,0x00,0x0f,0x0e,0x00,0x0e,0x0f,0x00,0x1e,0x07,0x80,0x3c,0x03,0x80,
  0x38,0x03,0xc0,0x78,0x01,0xe0,0x70,0x01,0xc0,0x78,0x03,0xc0,0x3c,0x07,0x80,0x1c,0x07,0x00,0x1e,0x0f,0x00,0x0e,0x0e,0x00,
  0x0f,0x1e,0x00,0x07,0x1c,0x00,0x03,0xb8,0x00,0x03,0xf8,0x00,0x01,0xf0,0x00,0x01,0xf0,0x00,0x00,0xe0,0x00,0x00,0xe0,0x00,
  0x00,0xe0,0x00,0x00,0xe0,0x00,0x00,0xe0,0x00,0x00,0xe0,0x00,0x00,0xe0,0x00,0x00,0xe0,0x00,0x00,0xe0,0x00,0x3f,0xff,0x80,
  0x3f,0xff,0x80,0x3f,0xff,0x80,0x00,0x07,0x00,0x00,0x0e,0x00,0x00,0x1e,0x00,0x00,0x3c,0x00,0x00,0x38,0x00,0x00,0x78,0x00,
  0x00,0xf0,0x00,0x00,0xe0,0x00,0x01,0xe0,0x00,0x03,0xc0,0x00,0x03,0x80,0x00,0x07,0x80,0x00,0x0f,0x00,0x00,0x0e,0x00,0x00,
  0x1c,0x00,0x00,0x3f,0xff,0x80,0x3f,0xff,0x80,0x3f,0xff,0x80,0x1f,0x80,0x1f,0x80,0x1f,0x80,0x1c,0x00,0x1c,0x00,0x1c,0x00,
  0x1c,0x00,0x1c,0x00,0x1c,0x00,0x1c,0x00,0x1c,0x00,0x1c,0x00,0x1c,0x00,0x1c,0x00,0x1c,0x00,0x1c,0x00,0x1c,0x00,0x1c,0x00,
  0x1c,0x00,0x1c,0x00,0x1c,0x00,0x1c,0x00,0x1c,0x00,0x1c,0x00,0x1f,0x80,0x1f,0x80,0x1f,0x80,0x60,0x00,0x70,0x00,0x70,0x00,
  0x70,0x00,0x30,0x00,0x38,0x00,0x38,0x00,0x18,0x00,0x18,0x00,0x1c,0x00,0x1c,0x00,0x0c,0x00,0x0e,0x00,0x0e,0x00,0x0e,0x00,
  0x06,0x00,0x07,0x00,0x07,0x00,0x07,0x00,0x03,0x00,0x03,0x80,0x03,0x80,0x03,0x80,0x01,0x80,0x01,0xc0,0x3f,0x00,0x3f,0x00,
  0x3f,0x00,0x07,0x00,0x07,0x00,0x07,0x00,0x07,0x00,0x07,0x00,0x07,0x00,0x07,0x00,0x07,0x00,0x07,0x00,0x07,0x00,0x07,0x00,
  0x07,0x00,0x07,0x00,0x07,0x00,0x07,0x00,0x07,0x00,0x07,0x00,0x07,0x00,0x07,0x00,0x07,0x00,0x07,0x00,0x3f,0x00,0x3f,0x00,
  0x3f,0x00,0x07,0x00,0x07,0x80,0x0f,0x80,0x0d,0xc0,0x1c,0xc0,0x18,0xe0,0x38,0x60,0x30,0x70,0x70,0x70,0x00,0x00,0x00,0x00,
  0x00,0x00,0x00,0x00,0x00,0x00,0x00,0x00,0x00,0x00,0x00,0x00,0x00,0x00,0x00,0x00,0x00,0x00,0x00,0x00,0xff,0xf8,0xff,0xf8,
  0xff,0xf8,0x38,0x00,0x1c,0x00,0x0c,0x00,0x0e,0x00,0x00,0x00,0x00,0x00,0x00,0x00,0x00,0x00,0x00,0x00,0x00,0x00,0x00,0x00,
  0x00,0x00,0x00,0x00,0x00,0x00,0x00,0x00,0x00,0x00,0x00,0x00,0x00,0x00,0x00,0x00,0x00,0x00,0x00,0x00,0x00,0x00,0x07,0xe0,
  0x1f,0xf0,0x3f,0xf8,0x38,0x3c,0x00,0x1c,0x00,0x1c,0x00,0x7c,0x0f,0xfc,0x3f,0xdc,0x78,0x1c,0x70,0x1c,0x70,0x1c,0x78,0x3c,
  0x3f,0xfc,0x3f,0xdc,0x0f,0x9c,0x38,0x00,0x00,0x38,0x00,0x00,0x38,0x00,0x00,0x38,0x00,0x00,0x38,0x00,0x00,0x39,0xf0,0x00,
  0x3b,0xfc,0x00,0x3f,0xfc,0x00,0x3e,0x1e,0x00,0x3c,0x0e,0x00,0x38,0x07,0x00,0x38,0x07,0x00,0x38,0x07,0x00,0x38,0x07,0x00,
  0x38,0x07,0x00,0x38,0x07,0x00,0x3c,0x0e,0x00,0x3e,0x1e,0x00,0x3f,0xfc,0x00,0x3b,0xf8,0x00,0x39,0xf0,0x00,0x03,0xe0,0x0f,
  0xf8,0x1f,0xfc,0x3c,0x1c,0x38,0x1c,0x70,0x00,0x70,0x00,0x70,0x00,0x70,0x00,0x70,0x00,0x70,0x00,0x38,0x1c,0x3c,0x1c,0x1f,
  0xf8,0x0f,0xf8,0x03,0xe0,0x00,0x0e,0x00,0x00,0x0e,0x00,0x00,0x0e,0x00,0x00,0x0e,0x00,0x00,0x0e,0x00,0x07,0xce,0x00,0x0f,
  0xee,0x00,0x1f,0xfe,0x00,0x3c,0x3e,0x00,0x38,0x1e,0x00,0x70,0x0e,0x00,0x70,0x0e,0x00,0x70,0x0e,0x00,0x70,0x0e,0x00,0x70,
  0x0e,0x00,0x70,0x0e,0x00,0x38,0x1e,0x00,0x3c,0x3e,0x00,0x1f,0xfe,0x00,0x1f,0xee,0x00,0x07,0xce,0x00,0x07,0xe0,0x0f,0xf0,
  0x1f,0xf8,0x3c,0x1c,0x38,0x1c,0x70,0x0e,0x7f,0xfe,0x7f,0xfe,0x7f,0xfe,0x70,0x00,0x70,0x00,0x38,0x08,0x3c,0x1e,0x1f,0xfc,
  0x0f,0xf8,0x03,0xe0,0x03,0xc0,0x07,0xc0,0x0f,0xc0,0x0e,0x00,0x0e,0x00,0x0e,0x00,0x7f,0xc0,0x7f,0xc0,0x7f,0xc0,0x0e,0x00,
  0x0e,0x00,0x0e,0x00,0x0e,0x00,0x0e,0x00,0x0e,0x00,0x0e,0x00,0x0e,0x00,0x0e,0x00,0x0e,0x00,0x0e,0x00,0x0e,0x00,0x0e,0x00,
  0x07,0xce,0x00,0x0f,0xee,0x00,0x1f,0xfe,0x00,0x3c,0x3e,0x00,0x38,0x1e,0x00,0x70,0x0e,0x00,0x70,0x0e,0x00,0x70,0x0e,0x00,
  0x70,0x0e,0x00,0x70,0x0e,0x00,0x70,0x0e,0x00,0x38,0x1e,0x00,0x3c,0x3e,0x00,0x1f,0xfe,0x00,0x1f,0xee,0x00,0x07,0xce,0x00,
  0x00,0x0e,0x00,0x00,0x0e,0x00,0x38,0x1e,0x00,0x3f,0xfc,0x00,0x1f,0xf8,0x00,0x07,0xe0,0x00,0x38,0x00,0x00,0x38,0x00,0x00,
  0x38,0x00,0x00,0x38,0x00,0x00,0x38,0x00,0x00,0x39,0xf0,0x00,0x3b,0xf8,0x00,0x3f,0xfc,0x00,0x3c,0x1e,0x00,0x3c,0x0e,0x00,
  0x38,0x0e,0x00,0x38,0x0e,0x00,0x38,0x0e,0x00,0x38,0x0e,0x00,0x38,0x0e,0x00,0x38,0x0e,0x00,0x38,0x0e,0x00,0x38,0x0e,0x00,
  0x38,0x0e,0x00,0x38,0x0e,0x00,0x38,0x0e,0x00,0x18,0x3c,0x3c,0x18,0x00,0x00,0x38,0x38,0x38,0x38,0x38,0x38,0x38,0x38,0x38,
  0x38,0x38,0x38,0x38,0x38,0x38,0x38,0x18,0x3c,0x3c,0x18,0x00,0x00,0x38,0x38,0x38,0x38,0x38,0x38,0x38,0x38,0x38,0x38,0x38,
  0x38,0x38,0x38,0x38,0x38,0x38,0x38,0x38,0xf8,0xf0,0xe0,0x38,0x00,0x38,0x00,0x38,0x00,0x38,0x00,0x38,0x00,0x38,0x1e,0x38,
  0x3c,0x38,0x78,0x38,0xf0,0x39,0xe0,0x3b,0xc0,0x3f,0x80,0x3f,0x80,0x3f,0xc0,0x3d,0xe0,0x38,0xe0,0x38,0xf0,0x38,0x78,0x38,
  0x3c,0x38,0x1c,0x38,0x1e,0x38,0x38,0x38,0x38,0x38,0x38,0x38,0x38,0x38,0x38,0x38,0x38,0x38,0x38,0x38,0x38,0x38,0x38,0x38,
  0x38,0x38,0x39,0xe0,0xf0,0x00,0x3b,0xf3,0xfc,0x00,0x3f,0xfb,0xfc,0x00,0x3c,0x3e,0x1e,0x00,0x38,0x1c,0x0e,0x00,0x38,0x1c,
  0x0e,0x00,0x38,0x1c,0x0e,0x00,0x38,0x1c,0x0e,0x00,0x38,0x1c,0x0e,0x00,0x38,0x1c,0x0e,0x00,0x38,0x1c,0x0e,0x00,0x38,0x1c,
  0x0e,0x00,0x38,0x1c,0x0e,0x00,0x38,0x1c,0x0e,0x00,0x38,0x1c,0x0e,0x00,0x38,0x1c,0x0e,0x00,0x38,0xf0,0x00,0x3b,0xf8,0x00,
  0x3f,0xfc,0x00,0x3c,0x1e,0x00,0x3c,0x0e,0x00,0x38,0x0e,0x00,0x38,0x0e,0x00,0x38,0x0e,0x00,0x38,0x0e,0x00,0x38,0x0e,0x00,
  0x38,0x0e,0x00,0x38,0x0e,0x00,0x38,0x0e,0x00,0x38,0x0e,0x00,0x38,0x0e,0x00,0x38,0x0e,0x00,0x07,0xe0,0x00,0x0f,0xf0,0x00,
  0x1f,0xf8,0x00,0x3c,0x3c,0x00,0x38,0x1c,0x00,0x70,0x0e,0x00,0x70,0x0e,0x00,0x70,0x0e,0x00,0x70,0x0e,0x00,0x70,0x0e,0x00,
  0x70,0x0e,0x00,0x38,0x1c,0x00,0x3c,0x3c,0x00,0x1f,0xf8,0x00,0x0f,0xf0,0x00,0x07,0xe0,0x00,0x39,0xf0,0x00,0x3b,0xfc,0x00,
  0x3f,0xfc,0x00,0x3e,0x1e,0x00,0x3c,0x0e,0x00,0x38,0x07,0x00,0x38,0x07,0x00,0x38,0x07,0x00,0x38,0x07,0x00,0x38,0x07,0x00,
  0x38,0x07,0x00,0x3c,0x0e,0x00,0x3e,0x1e,0x00,0x3f,0xfc,0x00,0x3b,0xf8,0x00,0x39,0xf0,0x00,0x38,0x00,0x00,0x38,0x00,0x00,
  0x38,0x00,0x00,0x38,0x00,0x00,0x38,0x00,0x00,0x38,0x00,0x00,0x07,0xce,0x00,0x1f,0xee,0x00,0x1f,0xfe,0x00,0x3c,0x3e,0x00,
  0x38,0x1e,0x00,0x70,0x0e,0x00,0x70,0x0e,0x00,0x70,0x0e,0x00,0x70,0x0e,0x00,0x70,0x0e,0x00,0x70,0x0e,0x00,0x38,0x1e,0x00,
  0x3c,0x3e,0x00,0x1f,0xfe,0x00,0x0f,0xee,0x00,0x07,0xce,0x00,0x00,0x0e,0x00,0x00,0x0e,0x00,0x00,0x0e,0x00,0x00,0x0e,0x00,
  0x00,0x0e,0x00,0x00,0x0e,0x00,0x00,0x00,0x39,0xc0,0x3b,0xc0,0x3f,0xc0,0x3c,0x00,0x38,0x00,0x38,0x00,0x38,0x00,0x38,0x00,
  0x38,0x00,0x38,0x00,0x38,0x00,0x38,0x00,0x38,0x00,0x38,0x00,0x38,0x00,0x38,0x00,0x07,0xe0,0x1f,0xf0,0x1f,0xf8,0x3c,0x38,
  0x38,0x10,0x38,0x00,0x1e,0x00,0x1f,0xe0,0x07,0xf8,0x00,0x7c,0x00,0x1c,0x38,0x1c,0x38,0x3c,0x3f,0xf8,0x1f,0xf0,0x07,0xe0,
  0x1c,0x00,0x1c,0x00,0x1c,0x00,0x1c,0x00,0x7f,0x80,0x7f,0x80,0x7f,0x80,0x1c,0x00,0x1c,0x00,0x1c,0x00,0x1c,0x00,0x1c,0x00,
  0x1c,0x00,0x1c,0x00,0x1c,0x00,0x1c,0x00,0x1c,0x00,0x1f,0x80,0x0f,0x80,0x07,0x80,0x38,0x0e,0x00,0x38,0x0e,0x00,0x38,0x0e,
  0x00,0x38,0x0e,0x00,0x38,0x0e,0x00,0x38,0x0e,0x00,0x38,0x0e,0x00,0x38,0x0e,0x00,0x38,0x0e,0x00,0x38,0x0e,0x00,0x38,0x0e,
  0x00,0x38,0x1e,0x00,0x3c,0x1e,0x00,0x1f,0xfe,0x00,0x0f,0xee,0x00,0x07,0x8e,0x00,0x70,0x0e,0x70,0x0e,0x38,0x1e,0x38,0x1c,
  0x38,0x1c,0x1c,0x38,0x1c,0x38,0x1c,0x38,0x0e,0x70,0x0e,0x70,0x0e,0x70,0x07,0x60,0x07,0xe0,0x07,0xe0,0x03,0xc0,0x03,0xc0,
  0x70,0x38,0x1c,0x70,0x38,0x1c,0x78,0x7c,0x1c,0x38,0x7c,0x38,0x38,0x7c,0x38,0x38,0x6c,0x38,0x1c,0xee,0x38,0x1c,0xe6,0x70,
  0x1c,0xc6,0x70,0x0c,0xc6,0x70,0x0e,0xc7,0x60,0x0f,0xc3,0xe0,0x0f,0x83,0xe0,0x07,0x83,0xe0,0x07,0x83,0xc0,0x07,0x81,0xc0,
  0x78,0x1c,0x38,0x3c,0x1c,0x38,0x1e,0x70,0x0e,0x70,0x07,0xe0,0x07,0xc0,0x03,0xc0,0x03,0xc0,0x07,0xe0,0x0e,0xe0,0x0e,0x70,
  0x1c,0x78,0x3c,0x38,0x38,0x1c,0x70,0x1e,0x70,0x0e,0x70,0x0e,0x38,0x1e,0x38,0x1c,0x38,0x1c,0x1c,0x38,0x1c,0x38,0x1c,0x38,
  0x0e,0x70,0x0e,0x70,0x0e,0x70,0x07,0xe0,0x07,0xe0,0x03,0xe0,0x03,0xc0,0x03,0xc0,0x03,0x80,0x03,0x80,0x07,0x80,0x1f,0x00,
  0x3e,0x00,0x3c,0x00,0x3f,0xfc,0x3f,0xfc,0x3f,0xfc,0x00,0x38,0x00,0x70,0x00,0xf0,0x01,0xe0,0x01,0xc0,0x03,0x80,0x07,0x80,
  0x07,0x00,0x0e,0x00,0x1e,0x00,0x3f,0xfc,0x3f,0xfc,0x3f,0xfc,0x00,0x60,0x01,0xe0,0x03,0xe0,0x07,0x80,0x07,0x00,0x07,0x00,
  0x07,0x00,0x07,0x00,0x07,0x00,0x07,0x00,0x07,0x00,0x0f,0x00,0x3e,0x00,0x38,0x00,0x3e,0x00,0x0f,0x00,0x07,0x00,0x07,0x00,
  0x07,0x00,0x07,0x00,0x07,0x00,0x07,0x00,0x07,0x00,0x07,0x80,0x03,0xe0,0x03,0xe0,0x00,0xe0,0x1c,0x00,0x1c,0x00,0x1c,0x00,
  0x1c,0x00,0x1c,0x00,0x1c,0x00,0x1c,0x00,0x1c,0x00,0x1c,0x00,0x1c,0x00,0x1c,0x00,0x1c,0x00,0x1c,0x00,0x1c,0x00,0x1c,0x00,
  0x1c,0x00,0x1c,0x00,0x1c,0x00,0x1c,0x00,0x1c,0x00,0x1c,0x00,0x1c,0x00,0x1c,0x00,0x1c,0x00,0x1c,0x00,0x1c,0x00,0x1c,0x00,
  0x1c,0x00,0x1c,0x00,0x1c,0x00,0x1c,0x00,0x1c,0x00,0x1c,0x00,0x1c,0x00,0x1c,0x00,0x30,0x00,0x3c,0x00,0x3e,0x00,0x0f,0x00,
  0x07,0x00,0x07,0x00,0x07,0x00,0x07,0x00,0x07,0x00,0x07,0x00,0x07,0x00,0x07,0x80,0x03,0xc0,0x00,0xe0,0x01,0xe0,0x07,0x80,
  0x07,0x00,0x07,0x00,0x07,0x00,0x07,0x00,0x07,0x00,0x07,0x00,0x07,0x00,0x0f,0x00,0x3e,0x00,0x3e,0x00,0x38,0x00,0x06,0x00,
  0x00,0x1f,0x87,0x00,0x1f,0xc7,0x00,0x3c,0xff,0x00,0x38,0x7e,0x00,0x00,0x3c,0x00,0x00,0x00,0x00,0x00,0x00,0x00,0x00,0x00,
  0x00,0x00,0x00,0x00,0x00,0x00,0x00,0x00,0x00,0x00,0x02,0x00,0x0f,0x80,0x1f,0xc0,0x38,0xe0,0x30,0x60,0x30,0x60,0x38,0xe0,
  0x1f,0xe0,0x1f,0xc0,0x07,0x80,0x00,0x00,0x00,0x00,0x00,0x00,0x00,0x00,0x00,0x00,0x00,0x00,0x00,0x00,0x00,0x00,0x00,0x00,
  0x00,0x00,0x00,0x00,0x00,0x00,0x18,0x3c,0x3c,0x18,0x00,0x00,0x00,0x00,0x00,0x00,0x00,0x00,0x00,0x00,0x00,0x08,0x06,0x00,
  0x1c,0x07,0x00,0x1e,0x0e,0x00,0x0f,0x1c,0x00,0x07,0xf8,0x00,0x03,0xf0,0x00,0x01,0xf0,0x00,0x01,0xf0,0x00,0x03,0xf8,0x00,
  0x07,0xbc,0x00,0x0f,0x1e,0x00,0x1e,0x0f,0x00,0x0c,0x06,0x00,0x00,0x00,0x00,0x00,0x00,0x00,0x00,0xf0,0x00,0xe0,0x00,0xc0,
  0x01,0x80,0x00,0x00,0x00,0x00,0x07,0xe0,0x0f,0xf0,0x1f,0xf8,0x3c,0x1c,0x38,0x1c,0x70,0x0e,0x7f,0xfe,0x7f,0xfe,0x7f,0xfe,
  0x70,0x00,0x70,0x00,0x38,0x08,0x3c,0x1e,0x1f,0xfc,0x0f,0xf8,0x03,0xe0,0xff,0xfc,0xff,0xfc,0xff,0xfc,0x00,0x00,0x00,0x00,
  0x00,0x00,0x00,0x00,0x00,0x00,0x00,0x00,0x00,0x00,0x00,0x00,0xff,0xff,0xff,0xf0,0xff,0xff,0xff,0xf0,0xff,0xff,0xff,0xf0,
  0x00,0x00,0x00,0x00,0x00,0x00,0x00,0x00,0x00,0x00,0x00,0x00,0x00,0x00,0x00,0x00,0x00,0x00,0x00,0x00,0x00,0x00,0x00,0x00,
  0x00,0x00,0x00,0x00,0x00,0x00,0x00,0x00,0x0e,0x0c,0x0c,0x1c,0x1c,0x1c,0x1c,0x3c,0x00,0x00,0x00,0x00,0x00,0x00,0x00,0x00,
  0x00,0x00,0x00,0x00,0x00,0x1e,0x1c,0x1c,0x1c,0x18,0x18,0x38,0x38,0x00,0x00,0x00,0x00,0x00,0x00,0x00,0x00,0x00,0x00,0x00,
  0x00,0x00,0x0e,0x30,0x0c,0x30,0x0c,0x70,0x1c,0x70,0x1c,0x60,0x1c,0xe0,0x1c,0xe0,0x3c,0xe0,0x00,0x00,0x00,0x00,0x00,0x00,
  0x00,0x00,0x00,0x00,0x00,0x00,0x00,0x00,0x00,0x00,0x00,0x00,0x00,0x00,0x00,0x00,0x00,0x00,0x00,0x00,0x1e,0x70,0x1c,0x70,
  0x1c,0xe0,0x1c,0xe0,0x18,0xe0,0x18,0xe0,0x38,0xc0,0x38,0xc0,0x00,0x00,0x00,0x00,0x00,0x00,0x00,0x00,0x00,0x00,0x00,0x00,
  0x00,0x00,0x00,0x00,0x00,0x00,0x00,0x00,0x00,0x00,0x00,0x00,0x00,0x00,0x03,0x80,0x0f,0xe0,0x1f,0xf0,0x1f,0xf0,0x1f,0xf0,
  0x1f,0xf0,0x1f,0xf0,0x0f,0xe0,0x07,0xc0,0x00,0x00,0x00,0x00,0x00,0x00,0x00,0x00,0x18,0x0c,0x06,0x00,0x3c,0x1e,0x0f,0x00,
  0x3c,0x1e,0x0f,0x00,0x18,0x0c,0x06,0x00,0x1f,0xff,0x00,0x1f,0xff,0x00,0x1f,0xff,0x00,0x00,0x00,0x00,0x00,0x00,0x00,0x00,
  0x00,0x00,0x00,0x00,0x00,0x00,0x00,0x00,0x00,0x00,0x00,0x00,0x00,0x00
};

static const Glyph FL_UI_glyphs[] = {
  {0x0020,0,7,0,7,0,0},
  {0x0021,0,9,21,9,0,-21},
  {0x0022,42,14,21,14,0,-21},
  {0x0023,84,18,21,18,0,-21},
  {0x0024,147,18,27,18,0,-24},
  {0x0025,228,28,21,28,0,-21},
  {0x0026,312,19,21,18,0,-21},
  {0x0027,375,9,21,9,0,-21},
  {0x0028,417,10,26,10,0,-22},
  {0x0029,469,10,26,10,0,-22},
  {0x002a,521,15,21,15,0,-21},
  {0x002b,563,19,15,19,0,-15},
  {0x002c,608,8,8,8,0,-3},
  {0x002d,616,13,11,13,0,-11},
  {0x002e,638,8,4,8,0,-4},
  {0x002f,642,10,25,10,0,-22},
  {0x0030,692,18,21,18,0,-21},
  {0x0031,755,12,21,12,0,-21},
  {0x0032,797,17,21,17,0,-21},
  {0x0033,860,18,21,18,0,-21},
  {0x0034,923,18,21,18,0,-21},
  {0x0035,986,17,21,17,0,-21},
  {0x0036,1049,18,21,18,0,-21},
  {0x0037,1112,16,21,16,0,-21},
  {0x0038,1154,18,21,18,0,-21},
  {0x0039,1217,18,21,18,0,-21},
  {0x003a,1280,8,15,8,0,-15},
  {0x003b,1295,9,20,9,0,-15},
  {0x003c,1335,19,17,19,0,-17},
  {0x003d,1386,19,13,19,0,-13},
  {0x003e,1425,19,17,19,0,-17},
  {0x003f,1476,15,21,15,0,-21},
  {0x0040,1518,28,27,28,0,-21},
  {0x0041,1626,20,21,20,0,-21},
  {0x0042,1689,18,21,18,0,-21},
  {0x0043,1752,21,21,21,0,-21},
  {0x0044,1815,20,21,20,0,-21},
  {0x0045,1878,17,21,17,0,-21},
  {0x0046,1941,17,21,16,0,-21},
  {0x0047,2004,21,21,21,0,-21},
  {0x0048,2067,21,21,21,0,-21},
  {0x0049,2130,8,21,8,0,-21},
  {0x004a,2151,16,21,16,0,-21},
  {0x004b,2193,19,21,19,0,-21},
  {0x004c,2256,16,21,16,0,-21},
  {0x004d,2298,26,21,26,0,-21},
  {0x004e,2382,21,21,21,0,-21},
  {0x004f,2445,21,21,21,0,-21},
  {0x0050,2508,18,21,18,0,-21},
  {0x0051,2571,22,23,22,0,-21},
  {0x0052,2640,18,21,18,0,-21},
  {0x0053,2703,18,21,18,0,-21},
  {0x0054,2766,18,21,18,0,-21},
  {0x0055,2829,21,21,21,0,-21},
  {0x0056,2892,20,21,20,0,-21},
  {0x0057,2955,28,21,28,0,-21},
  {0x0058,3039,20,21,20,0,-21},
  {0x0059,3102,20,21,20,0,-21},
  {0x005a,3165,18,21,18,0,-21},
  {0x005b,3228,10,27,10,0,-23},
  {0x005c,3282,10,25,10,0,-22},
  {0x005d,3332,10,27,10,0,-23},
  {0x005e,3386,13,21,13,0,-21},
  {0x005f,3428,13,3,13,0,0},
  {0x0060,3434,9,22,9,0,-22},
  {0x0061,3478,16,16,16,0,-16},
  {0x0062,3510,17,21,17,0,-21},
  {0x0063,3573,16,16,16,0,-16},
  {0x0064,3605,17,21,17,0,-21},
  {0x0065,3668,16,16,16,0,-16},
  {0x0066,3700,11,22,11,0,-22},
  {0x0067,3744,17,22,17,0,-16},
  {0x0068,3810,17,21,17,0,-21},
  {0x0069,3873,7,22,7,0,-22},
  {0x006a,3895,7,28,7,0,-22},
  {0x006b,3923,16,21,16,0,-21},
  {0x006c,3965,7,21,7,0,-21},
  {0x006d,3986,25,16,25,0,-16},
  {0x006e,4050,17,16,17,0,-16},
  {0x006f,4098,17,16,17,0,-16},
  {0x0070,4146,17,22,17,0,-16},
  {0x0071,4212,17,22,17,0,-16},
  {0x0072,4278,11,17,11,0,-17},
  {0x0073,4312,15,16,15,0,-16},
  {0x0074,4344,10,20,10,0,-20},
  {0x0075,4384,17,16,17,0,-16},
  {0x0076,4432,16,16,16,0,-16},
  {0x0077,4464,23,16,23,0,-16},
  {0x0078,4512,16,16,16,0,-16},
  {0x0079,4544,16,22,16,0,-16},
  {0x007a,4588,16,16,16,0,-16},
  {0x007b,4620,12,27,12,0,-23},
  {0x007c,4674,10,35,10,0,-28},
  {0x007d,4744,12,27,12,0,-23},
  {0x007e,4798,19,12,19,0,-12},
  {0x00b0,4834,13,22,13,0,-22},
  {0x00b7,4878,8,12,8,0,-12},
  {0x00d7,4890,19,16,19,0,-16},
  {0x00e9,4938,16,22,16,0,-22},
  {0x2013,4982,14,11,14,0,-11},
  {0x2014,5004,28,11,28,0,-11},
  {0x2018,5048,8,21,8,0,-21},
  {0x2019,5069,8,21,8,0,-21},
  {0x201c,5090,13,21,13,0,-21},
  {0x201d,5132,13,21,13,0,-21},
  {0x2022,5174,15,13,15,0,-13},
  {0x2026,5200,25,4,25,0,-4},
  {0x2212,5216,19,10,19,0,-10}
};
const Font FL_UI = {FL_UI_bits, FL_UI_glyphs, 108, 28, 7, 35};

static const uint8_t FL_UI_B_bits[] = {
  0x3c,0x00,0x3c,0x00,0x3c,0x00,0x3c,0x00,0x3c,0x00,0x3c,0x00,0x3c,0x00,0x3c,0x00,0x3c,0x00,0x3c,0x00,0x3c,0x00,0x3c,0x00,
  0x3c,0x00,0x3c,0x00,0x00,0x00,0x00,0x00,0x1c,0x00,0x3e,0x00,0x3e,0x00,0x3e,0x00,0x1c,0x00,0x1e,0x78,0x1e,0x78,0x1e,0x78,
  0x1e,0x78,0x1e,0x78,0x1e,0x78,0x1e,0x78,0x1e,0x78,0x1e,0x78,0x00,0x00,0x00,0x00,0x00,0x00,0x00,0x00,0x00,0x00,0x00,0x00,
  0x00,0x00,0x00,0x00,0x00,0x00,0x00,0x00,0x00,0x00,0x00,0x00,0x03,0x87,0x00,0x07,0x07,0x00,0x07,0x0e,0x00,0x07,0x0e,0x00,
  0x07,0x0e,0x00,0x3f,0xff,0xc0,0x3f,0xff,0xc0,0x3f,0xff,0x80,0x0f,0x1e,0x00,0x0e,0x1c,0x00,0x0e,0x1c,0x00,0x0e,0x1c,0x00,
  0x1e,0x1c,0x00,0x7f,0xff,0x80,0x7f,0xff,0x00,0xff,0xff,0x00,0x1c,0x38,0x00,0x1c,0x38,0x00,0x1c,0x38,0x00,0x1c,0x38,0x00,
  0x38,0x38,0x00,0x00,0x60,0x00,0x00,0x60,0x00,0x00,0x60,0x00,0x03,0xf8,0x00,0x0f,0xfe,0x00,0x1f,0xff,0x00,0x1f,0xff,0x00,
  0x3e,0x6f,0x80,0x3c,0x67,0x80,0x3c,0x60,0x00,0x3e,0x60,0x00,0x1f,0xe0,0x00,0x1f,0xf8,0x00,0x07,0xfe,0x00,0x01,0xff,0x00,
  0x00,0x7f,0x80,0x00,0x6f,0x80,0x38,0x67,0x80,0x3c,0x67,0x80,0x3e,0x6f,0x80,0x3f,0xff,0x80,0x1f,0xff,0x00,0x0f,0xfe,0x00,
  0x03,0xfc,0x00,0x00,0x60,0x00,0x00,0x60,0x00,0x00,0x60,0x00,0x07,0xc0,0x0c,0x00,0x0f,0xe0,0x1c,0x00,0x1f,0xe0,0x38,0x00,
  0x1c,0x70,0x30,0x00,0x1c,0x70,0x70,0x00,0x1c,0x70,0xe0,0x00,0x1c,0x70,0xc0,0x00,0x1f,0xe1,0xc0,0x00,0x0f,0xe3,0x80,0x00,
  0x03,0x83,0x00,0x00,0x00,0x07,0x04,0x00,0x00,0x0e,0x1f,0x80,0x00,0x0e,0x3f,0x80,0x00,0x1c,0x79,0xc0,0x00,0x38,0x71,0xc0,
  0x00,0x38,0x71,0xc0,0x00,0x70,0x71,0xc0,0x00,0xe0,0x71,0xc0,0x00,0xe0,0x3f,0xc0,0x01,0xc0,0x3f,0x80,0x01,0x80,0x1f,0x00,
  0x03,0xc0,0x00,0x0f,0xf0,0x00,0x0f,0xf0,0x00,0x1f,0x78,0x00,0x1e,0x38,0x00,0x1e,0x38,0x00,0x1e,0x38,0x00,0x1f,0x70,0x00,
  0x0f,0xf0,0x00,0x07,0xe0,0x00,0x0f,0xc0,0x00,0x1f,0xc3,0x80,0x3f,0xe3,0x80,0x7c,0xf7,0x80,0x78,0x7f,0x80,0x78,0x7f,0x00,
  0x7c,0x3f,0x00,0x7e,0x7f,0x00,0x3f,0xff,0x00,0x1f,0xff,0x80,0x07,0xc3,0xc0,0x1e,0x00,0x1e,0x00,0x1e,0x00,0x1e,0x00,0x1e,
  0x00,0x1e,0x00,0x1e,0x00,0x1e,0x00,0x1e,0x00,0x00,0x00,0x00,0x00,0x00,0x00,0x00,0x00,0x00,0x00,0x00,0x00,0x00,0x00,0x00,
  0x00,0x00,0x00,0x00,0x00,0x00,0x00,0x00,0x00,0x07,0x80,0x07,0x80,0x0f,0x00,0x0f,0x00,0x0f,0x00,0x1e,0x00,0x1e,0x00,0x1e,
  0x00,0x1e,0x00,0x3e,0x00,0x3c,0x00,0x3c,0x00,0x3c,0x00,0x3c,0x00,0x3c,0x00,0x3c,0x00,0x3c,0x00,0x3e,0x00,0x1e,0x00,0x1e,
  0x00,0x1e,0x00,0x1f,0x00,0x0f,0x00,0x0f,0x00,0x07,0x80,0x07,0x80,0x78,0x00,0x78,0x00,0x3c,0x00,0x3c,0x00,0x1e,0x00,0x1e,
  0x00,0x1e,0x00,0x1e,0x00,0x1f,0x00,0x0f,0x00,0x0f,0x00,0x0f,0x00,0x0f,0x00,0x0f,0x00,0x0f,0x00,0x0f,0x00,0x0f,0x00,0x0f,
  0x00,0x1f,0x00,0x1e,0x00,0x1e,0x00,0x1e,0x00,0x3c,0x00,0x3c,0x00,0x78,0x00,0x78,0x00,0x01,0x80,0x01,0x80,0x09,0x98,0x1d,
  0xb8,0x1f,0xf8,0x07,0xe0,0x07,0xe0,0x1f,0xf8,0x1d,0xb8,0x19,0x98,0x01,0x80,0x01,0x80,0x00,0x00,0x00,0x00,0x00,0x00,0x00,
  0x00,0x00,0x00,0x00,0x00,0x00,0x00,0x00,0x00,0x00,0x00,0x00,0xe0,0x00,0x00,0xe0,0x00,0x00,0xe0,0x00,0x00,0xe0,0x00,0x00,
  0xe0,0x00,0x00,0xe0,0x00,0x3f,0xff,0x00,0x3f,0xff,0x00,0x3f,0xff,0x00,0x00,0xe0,0x00,0x00,0xe0,0x00,0x00,0xe0,0x00,0x00,
  0xe0,0x00,0x00,0xe0,0x00,0x00,0xe0,0x00,0x00,0x00,0x00,0x1e,0x00,0x1e,0x00,0x3c,0x00,0x3c,0x00,0x3c,0x00,0x38,0x00,0x38,
  0x00,0x38,0x00,0x38,0x00,0x00,0x00,0x3f,0xe0,0x3f,0xe0,0x3f,0xe0,0x00,0x00,0x00,0x00,0x00,0x00,0x00,0x00,0x00,0x00,0x00,
  0x00,0x00,0x00,0x18,0x00,0x3c,0x00,0x3c,0x00,0x3c,0x00,0x18,0x00,0x01,0xc0,0x01,0xc0,0x03,0xc0,0x03,0xc0,0x03,0x80,0x03,
  0x80,0x07,0x80,0x07,0x80,0x07,0x00,0x0f,0x00,0x0f,0x00,0x0e,0x00,0x0e,0x00,0x1e,0x00,0x1e,0x00,0x1c,0x00,0x1c,0x00,0x3c,
  0x00,0x3c,0x00,0x38,0x00,0x38,0x00,0x78,0x00,0x78,0x00,0x70,0x00,0x70,0x00,0x03,0xf0,0x00,0x0f,0xfc,0x00,0x1f,0xfe,0x00,
  0x1f,0x3f,0x00,0x3e,0x1f,0x00,0x3c,0x0f,0x00,0x3c,0x0f,0x80,0x78,0x07,0x80,0x78,0x07,0x80,0x78,0x07,0x80,0x78,0x07,0x80,
  0x78,0x07,0x80,0x78,0x07,0x80,0x78,0x07,0x80,0x7c,0x0f,0x80,0x3c,0x0f,0x00,0x3e,0x1f,0x00,0x1f,0x3f,0x00,0x1f,0xfe,0x00,
  0x0f,0xfc,0x00,0x03,0xf0,0x00,0x07,0xc0,0x0f,0xc0,0x3f,0xc0,0x7f,0xc0,0x7b,0xc0,0x63,0xc0,0x43,0xc0,0x03,0xc0,0x03,0xc0,
  0x03,0xc0,0x03,0xc0,0x03,0xc0,0x03,0xc0,0x03,0xc0,0x03,0xc0,0x03,0xc0,0x03,0xc0,0x03,0xc0,0x03,0xc0,0x03,0xc0,0x03,0xc0,
  0x03,0xf0,0x00,0x0f,0xfc,0x00,0x1f,0xfe,0x00,0x1f,0x3f,0x00,0x3e,0x1f,0x00,0x3c,0x0f,0x00,0x3c,0x0f,0x00,0x00,0x0f,0x00,
  0x00,0x1f,0x00,0x00,0x1e,0x00,0x00,0x3e,0x00,0x00,0x7c,0x00,0x00,0xf8,0x00,0x01,0xf0,0x00,0x03,0xe0,0x00,0x07,0xc0,0x00,
  0x0f,0x80,0x00,0x1f,0x80,0x00,0x3f,0xff,0x00,0x3f,0xff,0x00,0x3f,0xff,0x00,0x07,0xf0,0x00,0x1f,0xfc,0x00,0x3f,0xfe,0x00,
  0x3e,0x3f,0x00,0x7c,0x1f,0x00,0x78,0x0f,0x00,0x00,0x0f,0x00,0x00,0x1e,0x00,0x03,0xfc,0x00,0x03,0xf8,0x00,0x03,0xfc,0x00,
  0x00,0x3e,0x00,0x00,0x1f,0x00,0x00,0x0f,0x00,0x00,0x0f,0x00,0x78,0x0f,0x00,0x7c,0x1f,0x00,0x3e,0x3e,0x00,0x3f,0xfe,0x00,
  0x1f,0xfc,0x00,0x03,0xf0,0x00,0x00,0x7e,0x00,0x00,0x7e,0x00,0x00,0xfe,0x00,0x01,0xfe,0x00,0x01,0xfe,0x00,0x03,0xde,0x00,
  0x03,0xde,0x00,0x07,0x9e,0x00,0x0f,0x1e,0x00,0x0f,0x1e,0x00,0x1e,0x1e,0x00,0x1e,0x1e,0x00,0x3c,0x1e,0x00,0x7c,0x1e,0x00,
  0x7f,0xff,0x80,0x7f,0xff,0x80,0x7f,0xff,0x80,0x00,0x1e,0x00,0x00,0x1e,0x00,0x00,0x1e,0x00,0x00,0x1e,0x00,0x3f,0xfe,0x00,
  0x3f,0xfe,0x00,0x3f,0xfe,0x00,0x3c,0x00,0x00,0x3c,0x00,0x00,0x3c,0x00,0x00,0x3c,0x00,0x00,0x3d,0xf8,0x00,0x3f,0xfc,0x00,
  0x3f,0xfe,0x00,0x3c,0x3e,0x00,0x00,0x1f,0x00,0x00,0x0f,0x00,0x00,0x0f,0x00,0x00,0x0f,0x00,0x78,0x0f,0x00,0x7c,0x1e,0x00,
  0x3e,0x7e,0x00,0x3f,0xfc,0x00,0x1f,0xf8,0x00,0x07,0xe0,0x00,0x01,0xf0,0x00,0x07,0xfc,0x00,0x0f,0xfe,0x00,0x1f,0x3f,0x00,
  0x3e,0x0f,0x80,0x3c,0x00,0x00,0x3c,0x00,0x00,0x79,0xfc,0x00,0x7b,0xfe,0x00,0x7f,0xff,0x00,0x7f,0x1f,0x00,0x7c,0x0f,0x80,
  0x7c,0x07,0x80,0x7c,0x07,0x80,0x7c,0x07,0x80,0x3c,0x0f,0x80,0x3e,0x0f,0x00,0x1f,0x3f,0x00,0x1f,0xfe,0x00,0x0f,0xfc,0x00,
  0x03,0xf0,0x00,0x7f,0xfe,0x7f,0xfe,0x7f,0xfe,0x00,0x3e,0x00,0x3c,0x00,0x3c,0x00,0x78,0x00,0x78,0x00,0xf8,0x00,0xf0,0x01,
  0xf0,0x01,0xe0,0x03,0xe0,0x03,0xc0,0x07,0xc0,0x07,0x80,0x0f,0x80,0x0f,0x00,0x0f,0x00,0x1e,0x00,0x1e,0x00,0x03,0xf0,0x00,
  0x0f,0xfc,0x00,0x1f,0xfe,0x00,0x3f,0x3f,0x00,0x3c,0x1f,0x00,0x3c,0x0f,0x00,0x3c,0x0f,0x00,0x1e,0x1e,0x00,0x1f,0xfc,0x00,
  0x07,0xf8,0x00,0x1f,0xfc,0x00,0x3f,0x3e,0x00,0x3c,0x1f,0x00,0x78,0x0f,0x00,0x78,0x0f,0x00,0x78,0x0f,0x00,0x7c,0x1f,0x00,
  0x3e,0x3e,0x00,0x3f,0xfe,0x00,0x0f,0xfc,0x00,0x03,0xf0,0x00,0x03,0xf0,0x00,0x0f,0xfc,0x00,0x1f,0xfe,0x00,0x3f,0x3e,0x00,
  0x7c,0x1f,0x00,0x78,0x0f,0x00,0x78,0x0f,0x80,0x78,0x0f,0x80,0x7c,0x0f,0x80,0x3e,0x1f,0x80,0x3f,0xff,0x80,0x1f,0xf7,0x80,
  0x0f,0xe7,0x80,0x00,0x0f,0x80,0x00,0x0f,0x00,0x7c,0x0f,0x00,0x3c,0x1f,0x00,0x3f,0x3e,0x00,0x1f,0xfc,0x00,0x0f,0xf8,0x00,
  0x03,0xe0,0x00,0x18,0x00,0x3c,0x00,0x3c,0x00,0x3c,0x00,0x18,0x00,0x00,0x00,0x00,0x00,0x00,0x00,0x00,0x00,0x00,0x00,0x18,
  0x00,0x3c,0x00,0x3c,0x00,0x3c,0x00,0x18,0x00,0x0c,0x00,0x1e,0x00,0x1e,0x00,0x1e,0x00,0x0c,0x00,0x00,0x00,0x00,0x00,0x00,
  0x00,0x00,0x00,0x00,0x00,0x00,0x00,0x00,0x00,0x1e,0x00,0x1c,0x00,0x1c,0x00,0x1c,0x00,0x1c,0x00,0x1c,0x00,0x38,0x00,0x38,
  0x00,0x38,0x00,0x00,0x00,0x00,0x00,0x03,0x00,0x00,0x0f,0x00,0x00,0x7f,0x00,0x01,0xff,0x00,0x07,0xfc,0x00,0x1f,0xe0,0x00,
  0x3f,0x80,0x00,0x3e,0x00,0x00,0x3f,0x00,0x00,0x3f,0xe0,0x00,0x07,0xf8,0x00,0x01,0xff,0x00,0x00,0x7f,0x00,0x00,0x1f,0x00,
  0x00,0x07,0x00,0x00,0x01,0x00,0x00,0x00,0x00,0x1f,0xff,0x80,0x1f,0xff,0x80,0x1f,0xff,0x80,0x00,0x00,0x00,0x00,0x00,0x00,
  0x00,0x00,0x00,0x00,0x00,0x00,0x1f,0xff,0x80,0x1f,0xff,0x80,0x1f,0xff,0x80,0x00,0x00,0x00,0x00,0x00,0x00,0x00,0x00,0x00,
  0x00,0x00,0x00,0x18,0x00,0x00,0x1e,0x00,0x00,0x1f,0xc0,0x00,0x1f,0xf0,0x00,0x07,0xfc,0x00,0x00,0xff,0x00,0x00,0x3f,0x80,
  0x00,0x0f,0x80,0x00,0x1f,0x80,0x00,0xff,0x80,0x03,0xfc,0x00,0x1f,0xf0,0x00,0x1f,0xc0,0x00,0x1f,0x00,0x00,0x1c,0x00,0x00,
  0x10,0x00,0x00,0x07,0xc0,0x1f,0xf0,0x3f,0xf8,0x7e,0xfc,0x7c,0x3c,0x78,0x3c,0x00,0x3c,0x00,0x7c,0x00,0xf8,0x01,0xf0,0x03,
  0xe0,0x07,0xc0,0x07,0x80,0x07,0x80,0x00,0x00,0x00,0x00,0x03,0x80,0x07,0xc0,0x07,0xc0,0x07,0xc0,0x03,0x80,0x00,0x3f,0xc0,
  0x00,0x00,0xff,0xf8,0x00,0x03,0xff,0xfc,0x00,0x07,0xf0,0x7e,0x00,0x0f,0x80,0x0f,0x00,0x1e,0x00,0x07,0x80,0x1c,0x00,0x03,
  0xc0,0x3c,0x3f,0x71,0xc0,0x38,0x7f,0xf1,0xc0,0x38,0xff,0xf0,0xe0,0x70,0xf0,0xf0,0xe0,0x71,0xe0,0x70,0xe0,0x71,0xc0,0x70,
  0xe0,0x71,0xc0,0x70,0xe0,0x71,0xc0,0x70,0xe0,0x71,0xc0,0x70,0xe0,0x71,0xe0,0xf1,0xc0,0x78,0xf1,0xfb,0xc0,0x38,0xff,0xff,
  0xc0,0x38,0x7f,0xbf,0x80,0x3c,0x1e,0x1f,0x00,0x1e,0x00,0x00,0x00,0x0f,0x80,0x00,0x00,0x07,0xf0,0x70,0x00,0x03,0xff,0xf8,
  0x00,0x01,0xff,0xf8,0x00,0x00,0x3f,0xc0,0x00,0x01,0xf8,0x00,0x01,0xfc,0x00,0x01,0xfc,0x00,0x03,0xfc,0x00,0x03,0xde,0x00,
  0x03,0xde,0x00,0x07,0xde,0x00,0x07,0x9f,0x00,0x07,0x8f,0x00,0x0f,0x8f,0x00,0x0f,0x8f,0x80,0x0f,0x07,0x80,0x1f,0x07,0x80,
  0x1f,0xff,0xc0,0x1f,0xff,0xc0,0x3f,0xff,0xc0,0x3e,0x03,0xe0,0x3c,0x03,0xe0,0x7c,0x01,0xe0,0x7c,0x01,0xf0,0x78,0x01,0xf0,
  0x3f,0xf8,0x00,0x3f,0xfe,0x00,0x3f,0xff,0x00,0x3c,0x1f,0x80,0x3c,0x0f,0x80,0x3c,0x07,0x80,0x3c,0x07,0x80,0x3c,0x0f,0x00,
  0x3c,0x1f,0x00,0x3f,0xfc,0x00,0x3f,0xfc,0x00,0x3f,0xff,0x00,0x3c,0x0f,0x80,0x3c,0x07,0x80,0x3c,0x07,0x80,0x3c,0x07,0x80,
  0x3c,0x07,0x80,0x3c,0x1f,0x80,0x3f,0xff,0x00,0x3f,0xfe,0x00,0x3f,0xf8,0x00,0x01,0xfc,0x00,0x07,0xff,0x00,0x0f,0xff,0x80,
  0x1f,0x8f,0xc0,0x3e,0x03,0xc0,0x3c,0x03,0xe0,0x3c,0x01,0xe0,0x7c,0x00,0x00,0x78,0x00,0x00,0x78,0x00,0x00,0x78,0x00,0x00,
  0x78,0x00,0x00,0x78,0x00,0x00,0x7c,0x00,0x00,0x3c,0x01,0xe0,0x3c,0x03,0xe0,0x3e,0x03,0xc0,0x1f,0x8f,0xc0,0x0f,0xff,0x80,
  0x07,0xff,0x00,0x01,0xfc,0x00,0x3f,0xf8,0x00,0x3f,0xfe,0x00,0x3f,0xff,0x00,0x3c,0x1f,0x80,0x3c,0x07,0xc0,0x3c,0x03,0xc0,
  0x3c,0x03,0xe0,0x3c,0x01,0xe0,0x3c,0x01,0xe0,0x3c,0x01,0xe0,0x3c,0x01,0xe0,0x3c,0x01,0xe0,0x3c,0x01,0xe0,0x3c,0x01,0xe0,
  0x3c,0x03,0xe0,0x3c,0x03,0xc0,0x3c,0x07,0xc0,0x3c,0x1f,0x80,0x3f,0xff,0x00,0x3f,0xfe,0x00,0x3f,0xf8,0x00,0x3f,0xff,0x00,
  0x3f,0xff,0x00,0x3f,0xff,0x00,0x3c,0x00,0x00,0x3c,0x00,0x00,0x3c,0x00,0x00,0x3c,0x00,0x00,0x3c,0x00,0x00,0x3c,0x00,0x00,
  0x3f,0xfe,0x00,0x3f,0xfe,0x00,0x3f,0xfe,0x00,0x3c,0x00,0x00,0x3c,0x00,0x00,0x3c,0x00,0x00,0x3c,0x00,0x00,0x3c,0x00,0x00,
  0x3c,0x00,0x00,0x3f,0xff,0x00,0x3f,0xff,0x00,0x3f,0xff,0x00,0x3f,0xff,0x3f,0xff,0x3f,0xff,0x3c,0x00,0x3c,0x00,0x3c,0x00,
  0x3c,0x00,0x3c,0x00,0x3c,0x00,0x3c,0x00,0x3f,0xfe,0x3f,0xfe,0x3f,0xfe,0x3c,0x00,0x3c,0x00,0x3c,0x00,0x3c,0x00,0x3c,0x00,
  0x3c,0x00,0x3c,0x00,0x3c,0x00,0x01,0xfc,0x00,0x07,0xff,0x00,0x0f,0xff,0x80,0x1f,0x8f,0xc0,0x3e,0x07,0xc0,0x3c,0x03,0xe0,
  0x3c,0x01,0xe0,0x7c,0x00,0x00,0x78,0x00,0x00,0x78,0x00,0x00,0x78,0x1f,0xe0,0x78,0x1f,0xe0,0x78,0x1f,0xe0,0x7c,0x01,0xe0,
  0x3c,0x01,0xe0,0x3c,0x03,0xe0,0x3e,0x03,0xc0,0x1f,0x8f,0xc0,0x0f,0xff,0x80,0x07,0xff,0x00,0x01,0xfc,0x00,0x3c,0x01,0xe0,
  0x3c,0x01,0xe0,0x3c,0x01,0xe0,0x3c,0x01,0xe0,0x3c,0x01,0xe0,0x3c,0x01,0xe0,0x3c,0x01,0xe0,0x3c,0x01,0xe0,0x3c,0x01,0xe0,
  0x3f,0xff,0xe0,0x3f,0xff,0xe0,0x3f,0xff,0xe0,0x3c,0x01,0xe0,0x3c,0x01,0xe0,0x3c,0x01,0xe0,0x3c,0x01,0xe0,0x3c,0x01,0xe0,
  0x3c,0x01,0xe0,0x3c,0x01,0xe0,0x3c,0x01,0xe0,0x3c,0x01,0xe0,0x3c,0x3c,0x3c,0x3c,0x3c,0x3c,0x3c,0x3c,0x3c,0x3c,0x3c,0x3c,
  0x3c,0x3c,0x3c,0x3c,0x3c,0x3c,0x3c,0x3c,0x3c,0x00,0x1e,0x00,0x1e,0x00,0x1e,0x00,0x1e,0x00,0x1e,0x00,0x1e,0x00,0x1e,0x00,
  0x1e,0x00,0x1e,0x00,0x1e,0x00,0x1e,0x00,0x1e,0x00,0x1e,0x78,0x1e,0x78,0x1e,0x78,0x1e,0x7c,0x3e,0x3e,0x7c,0x3f,0xfc,0x1f,
  0xf8,0x07,0xe0,0x3c,0x03,0xe0,0x3c,0x07,0xc0,0x3c,0x0f,0x80,0x3c,0x1f,0x00,0x3c,0x1f,0x00,0x3c,0x3e,0x00,0x3c,0x7c,0x00,
  0x3c,0xf8,0x00,0x3d,0xf0,0x00,0x3d,0xf0,0x00,0x3f,0xf8,0x00,0x3f,0xf8,0x00,0x3f,0x7c,0x00,0x3e,0x3e,0x00,0x3e,0x1e,0x00,
  0x3c,0x1f,0x00,0x3c,0x0f,0x80,0x3c,0x0f,0x80,0x3c,0x07,0xc0,0x3c,0x03,0xe0,0x3c,0x03,0xe0,0x3c,0x00,0x3c,0x00,0x3c,0x00,
  0x3c,0x00,0x3c,0x00,0x3c,0x00,0x3c,0x00,0x3c,0x00,0x3c,0x00,0x3c,0x00,0x3c,0x00,0x3c,0x00,0x3c,0x00,0x3c,0x00,0x3c,0x00,
  0x3c,0x00,0x3c,0x00,0x3c,0x00,0x3f,0xfe,0x3f,0xfe,0x3f,0xfe,0x3f,0x80,0x3f,0x00,0x3f,0x80,0x7f,0x00,0x3f,0x80,0x7f,0x00,
  0x3f,0xc0,0x7f,0x00,0x3f,0xc0,0xff,0x00,0x3f,0xc0,0xff,0x00,0x3d,0xe0,0xef,0x00,0x3d,0xe1,0xef,0x00,0x3d,0xe1,0xef,0x00,
  0x3c,0xf1,0xef,0x00,0x3c,0xf3,0xcf,0x00,0x3c,0xf3,0xcf,0x00,0x3c,0x73,0xcf,0x00,0x3c,0x7b,0x8f,0x00,0x3c,0x7f,0x8f,0x00,
  0x3c,0x3f,0x8f,0x00,0x3c,0x3f,0x0f,0x00,0x3c,0x3f,0x0f,0x00,0x3c,0x1f,0x0f,0x00,0x3c,0x1e,0x0f,0x00,0x3c,0x1e,0x0f,0x00,
  0x3e,0x00,0xf0,0x3f,0x00,0xf0,0x3f,0x00,0xf0,0x3f,0x80,0xf0,0x3f,0x80,0xf0,0x3f,0xc0,0xf0,0x3d,0xe0,0xf0,0x3d,0xe0,0xf0,
  0x3c,0xf0,0xf0,0x3c,0xf8,0xf0,0x3c,0x78,0xf0,0x3c,0x7c,0xf0,0x3c,0x3c,0xf0,0x3c,0x1e,0xf0,0x3c,0x1e,0xf0,0x3c,0x0f,0xf0,
  0x3c,0x07,0xf0,0x3c,0x07,0xf0,0x3c,0x03,0xf0,0x3c,0x03,0xf0,0x3c,0x01,0xf0,0x01,0xfc,0x00,0x07,0xff,0x00,0x0f,0xff,0x80,
  0x1f,0x8f,0xc0,0x3e,0x03,0xe0,0x3c,0x01,0xe0,0x3c,0x01,0xe0,0x7c,0x01,0xf0,0x78,0x00,0xf0,0x78,0x00,0xf0,0x78,0x00,0xf0,
  0x78,0x00,0xf0,0x78,0x00,0xf0,0x7c,0x01,0xf0,0x3c,0x01,0xe0,0x3c,0x01,0xe0,0x3e,0x03,0xe0,0x1f,0x8f,0xc0,0x0f,0xff,0x80,
  0x07,0xff,0x00,0x01,0xfc,0x00,0x3f,0xf8,0x00,0x3f,0xfe,0x00,0x3f,0xff,0x00,0x3c,0x3f,0x00,0x3c,0x0f,0x80,0x3c,0x07,0x80,
  0x3c,0x07,0x80,0x3c,0x07,0x80,0x3c,0x07,0x80,0x3c,0x0f,0x80,0x3c,0x3f,0x00,0x3f,0xff,0x00,0x3f,0xfe,0x00,0x3f,0xf8,0x00,
  0x3c,0x00,0x00,0x3c,0x00,0x00,0x3c,0x00,0x00,0x3c,0x00,0x00,0x3c,0x00,0x00,0x3c,0x00,0x00,0x3c,0x00,0x00,0x01,0xfc,0x00,
  0x07,0xff,0x00,0x0f,0xff,0x80,0x1f,0x8f,0xc0,0x3e,0x03,0xc0,0x3c,0x01,0xe0,0x3c,0x01,0xe0,0x7c,0x01,0xf0,0x78,0x00,0xf0,
  0x78,0x00,0xf0,0x78,0x00,0xf0,0x78,0x00,0xf0,0x78,0x00,0xf0,0x7c,0x01,0xf0,0x3c,0x39,0xe0,0x3c,0x3f,0xe0,0x3e,0x1f,0xe0,
  0x1f,0x9f,0xc0,0x0f,0xff,0x80,0x07,0xff,0x80,0x01,0xff,0xc0,0x00,0x01,0xe0,0x00,0x00,0xe0,0x3f,0xf8,0x00,0x3f,0xfe,0x00,
  0x3f,0xff,0x00,0x3c,0x1f,0x00,0x3c,0x0f,0x80,0x3c,0x07,0x80,0x3c,0x07,0x80,0x3c,0x07,0x80,0x3c,0x07,0x80,0x3c,0x0f,0x80,
  0x3f,0xff,0x00,0x3f,0xfe,0x00,0x3f,0xfc,0x00,0x3c,0x7c,0x00,0x3c,0x3e,0x00,0x3c,0x1e,0x00,0x3c,0x1f,0x00,0x3c,0x0f,0x00,
  0x3c,0x0f,0x80,0x3c,0x07,0x80,0x3c,0x07,0xc0,0x01,0xf8,0x00,0x0f,0xfe,0x00,0x1f,0xff,0x00,0x1f,0x1f,0x00,0x3e,0x0f,0x80,
  0x3c,0x07,0x80,0x3c,0x00,0x00,0x3e,0x00,0x00,0x3f,0xc0,0x00,0x1f,0xf8,0x00,0x0f,0xfe,0x00,0x03,0xff,0x00,0x00,0x3f,0x80,
  0x00,0x0f,0x80,0x38,0x07,0x80,0x3c,0x07,0x80,0x3c,0x0f,0x80,0x3f,0x1f,0x80,0x1f,0xff,0x00,0x0f,0xfe,0x00,0x03,0xf8,0x00,
  0x7f,0xff,0xc0,0x7f,0xff,0xc0,0x7f,0xff,0xc0,0x01,0xe0,0x00,0x01,0xe0,0x00,0x01,0xe0,0x00,0x01,0xe0,0x00,0x01,0xe0,0x00,
  0x01,0xe0,0x00,0x01,0xe0,0x00,0x01,0xe0,0x00,0x01,0xe0,0x00,0x01,0xe0,0x00,0x01,0xe0,0x00,0x01,0xe0,0x00,0x01,0xe0,0x00,
  0x01,0xe0,0x00,0x01,0xe0,0x00,0x01,0xe0,0x00,0x01,0xe0,0x00,0x01,0xe0,0x00,0x3c,0x01,0xe0,0x3c,0x01,0xe0,0x3c,0x01,0xe0,
  0x3c,0x01,0xe0,0x3c,0x01,0xe0,0x3c,0x01,0xe0,0x3c,0x01,0xe0,0x3c,0x01,0xe0,0x3c,0x01,0xe0,0x3c,0x01,0xe0,0x3c,0x01,0xe0,
  0x3c,0x01,0xe0,0x3c,0x01,0xe0,0x3c,0x01,0xe0,0x3c,0x01,0xe0,0x3e,0x03,0xe0,0x1e,0x03,0xc0,0x1f,0x8f,0xc0,0x0f,0xff,0x80,
  0x07,0xff,0x00,0x01,0xfc,0x00,0x78,0x01,0xf0,0x7c,0x01,0xf0,0x3c,0x01,0xe0,0x3c,0x01,0xe0,0x3e,0x03,0xe0,0x1e,0x03,0xc0,
  0x1e,0x03,0xc0,0x1f,0x07,0xc0,0x0f,0x07,0x80,0x0f,0x07,0x80,0x0f,0x8f,0x80,0x07,0x8f,0x00,0x07,0x8f,0x00,0x07,0xcf,0x00,
  0x03,0xde,0x00,0x03,0xde,0x00,0x03,0xde,0x00,0x01,0xfc,0x00,0x01,0xfc,0x00,0x01,0xfc,0x00,0x00,0xf8,0x00,0x78,0x0f,0x80,
  0xf0,0x7c,0x0f,0x81,0xf0,0x7c,0x0f,0x81,0xf0,0x3c,0x0f,0xc1,0xe0,0x3c,0x1f,0xc1,0xe0,0x3c,0x1f,0xc1,0xe0,0x3e,0x1f,0xc3,
  0xe0,0x1e,0x1d,0xc3,0xc0,0x1e,0x3d,0xe3,0xc0,0x1e,0x3d,0xe3,0xc0,0x1f,0x3c,0xe7,0xc0,0x0f,0x38,0xe7,0x80,0x0f,0x78,0xf7,
  0x80,0x0f,0x78,0xf7,0x80,0x0f,0x78,0x77,0x80,0x07,0xf0,0x7f,0x00,0x07,0xf0,0x7f,0x00,0x07,0xf0,0x7f,0x00,0x07,0xf0,0x3f,
  0x00,0x03,0xe0,0x3e,0x00,0x03,0xe0,0x3e,0x00,0x3e,0x03,0xe0,0x3e,0x03,0xc0,0x1f,0x07,0xc0,0x0f,0x0f,0x80,0x0f,0x8f,0x00,
  0x07,0xdf,0x00,0x03,0xde,0x00,0x03,0xfc,0x00,0x01,0xfc,0x00,0x00,0xf8,0x00,0x00,0xf8,0x00,0x01,0xfc,0x00,0x03,0xfc,0x00,
  0x03,0xfe,0x00,0x07,0xdf,0x00,0x0f,0x8f,0x00,0x0f,0x8f,0x80,0x1f,0x07,0xc0,0x3e,0x07,0xc0,0x3e,0x03,0xe0,0x7c,0x01,0xf0,
  0x7c,0x03,0xe0,0x7c,0x03,0xe0,0x3e,0x07,0xc0,0x3e,0x07,0xc0,0x1f,0x0f,0x80,0x0f,0x0f,0x00,0x0f,0x9f,0x00,0x07,0x9e,0x00,
  0x07,0xfe,0x00,0x03,0xfc,0x00,0x03,0xfc,0x00,0x01,0xf8,0x00,0x00,0xf8,0x00,0x00,0xf0,0x00,0x00,0xf0,0x00,0x00,0xf0,0x00,
  0x00,0xf0,0x00,0x00,0xf0,0x00,0x00,0xf0,0x00,0x00,0xf0,0x00,0x00,0xf0,0x00,0x3f,0xff,0x80,0x3f,0xff,0x80,0x3f,0xff,0x80,
  0x00,0x0f,0x00,0x00,0x1f,0x00,0x00,0x1e,0x00,0x00,0x3c,0x00,0x00,0x7c,0x00,0x00,0x78,0x00,0x00,0xf0,0x00,0x01,0xf0,0x00,
  0x01,0xe0,0x00,0x03,0xc0,0x00,0x07,0xc0,0x00,0x07,0x80,0x00,0x0f,0x00,0x00,0x1f,0x00,0x00,0x1e,0x00,0x00,0x3f,0xff,0x80,
  0x3f,0xff,0x80,0x3f,0xff,0x80,0x00,0x00,0x3f,0x80,0x3f,0x80,0x3f,0x80,0x3c,0x00,0x3c,0x00,0x3c,0x00,0x3c,0x00,0x3c,0x00,
  0x3c,0x00,0x3c,0x00,0x3c,0x00,0x3c,0x00,0x3c,0x00,0x3c,0x00,0x3c,0x00,0x3c,0x00,0x3c,0x00,0x3c,0x00,0x3c,0x00,0x3c,0x00,
  0x3c,0x00,0x3c,0x00,0x3c,0x00,0x3f,0x80,0x3f,0x80,0x3f,0x80,0x70,0x00,0x70,0x00,0x78,0x00,0x78,0x00,0x38,0x00,0x38,0x00,
  0x3c,0x00,0x3c,0x00,0x1c,0x00,0x1c,0x00,0x1e,0x00,0x1e,0x00,0x0e,0x00,0x0e,0x00,0x0f,0x00,0x0f,0x00,0x07,0x00,0x07,0x80,
  0x07,0x80,0x03,0x80,0x03,0x80,0x03,0xc0,0x03,0xc0,0x01,0xc0,0x01,0xc0,0x00,0x00,0x7f,0x00,0x7f,0x00,0x7f,0x00,0x0f,0x00,
  0x0f,0x00,0x0f,0x00,0x0f,0x00,0x0f,0x00,0x0f,0x00,0x0f,0x00,0x0f,0x00,0x0f,0x00,0x0f,0x00,0x0f,0x00,0x0f,0x00,0x0f,0x00,
  0x0f,0x00,0x0f,0x00,0x0f,0x00,0x0f,0x00,0x0f,0x00,0x0f,0x00,0x0f,0x00,0x7f,0x00,0x7f,0x00,0x7f,0x00,0x07,0x80,0x0f,0x80,
  0x0f,0xc0,0x0d,0xc0,0x1c,0xe0,0x1c,0xe0,0x38,0xf0,0x38,0x70,0x70,0x70,0x00,0x00,0x00,0x00,0x00,0x00,0x00,0x00,0x00,0x00,
  0x00,0x00,0x00,0x00,0x00,0x00,0x00,0x00,0x00,0x00,0x00,0x00,0x00,0x00,0x00,0x00,0xff,0xf8,0xff,0xf8,0xff,0xf8,0x1c,0x00,
  0x1e,0x00,0x0e,0x00,0x07,0x00,0x00,0x00,0x00,0x00,0x00,0x00,0x00,0x00,0x00,0x00,0x00,0x00,0x00,0x00,0x00,0x00,0x00,0x00,
  0x00,0x00,0x00,0x00,0x00,0x00,0x00,0x00,0x00,0x00,0x00,0x00,0x00,0x00,0x00,0x00,0x00,0x00,0x07,0xe0,0x1f,0xf8,0x3f,0xfc,
  0x3e,0x7e,0x3c,0x1e,0x00,0x1e,0x00,0x7e,0x0f,0xfe,0x3f,0xfe,0x7c,0x1e,0x78,0x1e,0x78,0x3e,0x7e,0x7e,0x7f,0xfe,0x3f,0xde,
  0x0f,0x1e,0x3c,0x00,0x00,0x3c,0x00,0x00,0x3c,0x00,0x00,0x3c,0x00,0x00,0x3c,0x00,0x00,0x3c,0xf8,0x00,0x3d,0xfe,0x00,0x3f,
  0xfe,0x00,0x3f,0xbf,0x00,0x3e,0x0f,0x00,0x3e,0x0f,0x80,0x3c,0x07,0x80,0x3c,0x07,0x80,0x3c,0x07,0x80,0x3c,0x07,0x80,0x3e,
  0x0f,0x80,0x3e,0x0f,0x00,0x3f,0xbf,0x00,0x3f,0xfe,0x00,0x3d,0xfe,0x00,0x3c,0xf8,0x00,0x03,0xe0,0x0f,0xf8,0x1f,0xfc,0x3f,
  0x7e,0x3c,0x1e,0x7c,0x1c,0x78,0x00,0x78,0x00,0x78,0x00,0x78,0x00,0x7c,0x1c,0x3c,0x1e,0x3f,0x7e,0x1f,0xfc,0x0f,0xf8,0x03,
  0xe0,0x00,0x0f,0x00,0x00,0x0f,0x00,0x00,0x0f,0x00,0x00,0x0f,0x00,0x00,0x0f,0x00,0x07,0xcf,0x00,0x1f,0xef,0x00,0x1f,0xff,
  0x00,0x3f,0x7f,0x00,0x3c,0x1f,0x00,0x7c,0x1f,0x00,0x78,0x0f,0x00,0x78,0x0f,0x00,0x78,0x0f,0x00,0x78,0x0f,0x00,0x7c,0x1f,
  0x00,0x3c,0x1f,0x00,0x3f,0x7f,0x00,0x1f,0xff,0x00,0x1f,0xef,0x00,0x07,0x8f,0x00,0x03,0xe0,0x00,0x0f,0xf8,0x00,0x1f,0xfc,
  0x00,0x3e,0x3e,0x00,0x3c,0x1e,0x00,0x78,0x1e,0x00,0x7f,0xfe,0x00,0x7f,0xfe,0x00,0x7f,0xff,0x00,0x78,0x00,0x00,0x78,0x00,
  0x00,0x3c,0x1e,0x00,0x3f,0x3e,0x00,0x1f,0xfc,0x00,0x0f,0xf8,0x00,0x03,0xe0,0x00,0x03,0xe0,0x07,0xe0,0x0f,0xe0,0x0f,0x80,
  0x0f,0x00,0x0f,0x00,0x7f,0xe0,0x7f,0xe0,0x7f,0xe0,0x0f,0x00,0x0f,0x00,0x0f,0x00,0x0f,0x00,0x0f,0x00,0x0f,0x00,0x0f,0x00,
  0x0f,0x00,0x0f,0x00,0x0f,0x00,0x0f,0x00,0x0f,0x00,0x0f,0x00,0x07,0xcf,0x00,0x0f,0xef,0x00,0x1f,0xff,0x00,0x3f,0x7f,0x00,
  0x3c,0x1f,0x00,0x7c,0x1f,0x00,0x78,0x0f,0x00,0x78,0x0f,0x00,0x78,0x0f,0x00,0x78,0x0f,0x00,0x7c,0x1f,0x00,0x7c,0x1f,0x00,
  0x3f,0x7f,0x00,0x3f,0xff,0x00,0x1f,0xef,0x00,0x07,0xcf,0x00,0x00,0x0f,0x00,0x08,0x1f,0x00,0x3e,0x3e,0x00,0x3f,0xfe,0x00,
  0x1f,0xfc,0x00,0x07,0xf0,0x00,0x3c,0x00,0x00,0x3c,0x00,0x00,0x3c,0x00,0x00,0x3c,0x00,0x00,0x3c,0x00,0x00,0x3c,0x78,0x00,
  0x3d,0xfc,0x00,0x3f,0xfe,0x00,0x3f,0x3f,0x00,0x3e,0x1f,0x00,0x3c,0x0f,0x00,0x3c,0x0f,0x00,0x3c,0x0f,0x00,0x3c,0x0f,0x00,
  0x3c,0x0f,0x00,0x3c,0x0f,0x00,0x3c,0x0f,0x00,0x3c,0x0f,0x00,0x3c,0x0f,0x00,0x3c,0x0f,0x00,0x3c,0x0f,0x00,0x18,0x3c,0x3c,
  0x18,0x00,0x00,0x3c,0x3c,0x3c,0x3c,0x3c,0x3c,0x3c,0x3c,0x3c,0x3c,0x3c,0x3c,0x3c,0x3c,0x3c,0x3c,0x0c,0x00,0x1e,0x00,0x1e,
  0x00,0x0c,0x00,0x00,0x00,0x00,0x00,0x1e,0x00,0x1e,0x00,0x1e,0x00,0x1e,0x00,0x1e,0x00,0x1e,0x00,0x1e,0x00,0x1e,0x00,0x1e,
  0x00,0x1e,0x00,0x1e,0x00,0x1e,0x00,0x1e,0x00,0x1e,0x00,0x1e,0x00,0x1e,0x00,0x1e,0x00,0x1e,0x00,0x3e,0x00,0xfe,0x00,0xfc,
  0x00,0xf0,0x00,0x3c,0x00,0x00,0x3c,0x00,0x00,0x3c,0x00,0x00,0x3c,0x00,0x00,0x3c,0x00,0x00,0x3c,0x1f,0x00,0x3c,0x3e,0x00,
  0x3c,0x7c,0x00,0x3c,0x78,0x00,0x3c,0xf0,0x00,0x3d,0xf0,0x00,0x3f,0xe0,0x00,0x3f,0xe0,0x00,0x3f,0xe0,0x00,0x3f,0xf0,0x00,
  0x3c,0xf8,0x00,0x3c,0x78,0x00,0x3c,0x7c,0x00,0x3c,0x3e,0x00,0x3c,0x1e,0x00,0x3c,0x1f,0x00,0x3c,0x3c,0x3c,0x3c,0x3c,0x3c,
  0x3c,0x3c,0x3c,0x3c,0x3c,0x3c,0x3c,0x3c,0x3c,0x3c,0x3c,0x3c,0x3c,0x3c,0x3c,0x3c,0xf0,0x78,0x00,0x3d,0xf8,0xfe,0x00,0x3f,
  0xfd,0xff,0x00,0x3f,0x7f,0xbf,0x00,0x3e,0x1f,0x0f,0x00,0x3c,0x1e,0x0f,0x00,0x3c,0x1e,0x0f,0x00,0x3c,0x1e,0x0f,0x00,0x3c,
  0x1e,0x0f,0x00,0x3c,0x1e,0x0f,0x00,0x3c,0x1e,0x0f,0x00,0x3c,0x1e,0x0f,0x00,0x3c,0x1e,0x0f,0x00,0x3c,0x1e,0x0f,0x00,0x3c,
  0x1e,0x0f,0x00,0x3c,0x1e,0x0f,0x00,0x3c,0x78,0x00,0x3d,0xfc,0x00,0x3f,0xfe,0x00,0x3f,0x3f,0x00,0x3e,0x1f,0x00,0x3c,0x0f,
  0x00,0x3c,0x0f,0x00,0x3c,0x0f,0x00,0x3c,0x0f,0x00,0x3c,0x0f,0x00,0x3c,0x0f,0x00,0x3c,0x0f,0x00,0x3c,0x0f,0x00,0x3c,0x0f,
  0x00,0x3c,0x0f,0x00,0x3c,0x0f,0x00,0x03,0xe0,0x00,0x0f,0xf8,0x00,0x1f,0xfc,0x00,0x3f,0x7e,0x00,0x3c,0x1e,0x00,0x7c,0x1f,
  0x00,0x78,0x0f,0x00,0x78,0x0f,0x00,0x78,0x0f,0x00,0x78,0x0f,0x00,0x7c,0x1f,0x00,0x3c,0x1e,0x00,0x3f,0x7e,0x00,0x1f,0xfc,
  0x00,0x0f,0xf8,0x00,0x03,0xe0,0x00,0x3c,0x78,0x00,0x3d,0xfe,0x00,0x3f,0xfe,0x00,0x3f,0xbf,0x00,0x3e,0x0f,0x00,0x3e,0x0f,
  0x80,0x3c,0x07,0x80,0x3c,0x07,0x80,0x3c,0x07,0x80,0x3c,0x07,0x80,0x3e,0x0f,0x80,0x3e,0x0f,0x00,0x3f,0xbf,0x00,0x3f,0xfe,
  0x00,0x3d,0xfe,0x00,0x3c,0xf8,0x00,0x3c,0x00,0x00,0x3c,0x00,0x00,0x3c,0x00,0x00,0x3c,0x00,0x00,0x3c,0x00,0x00,0x3c,0x00,
  0x00,0x07,0xcf,0x00,0x1f,0xef,0x00,0x1f,0xff,0x00,0x3f,0x7f,0x00,0x3c,0x1f,0x00,0x7c,0x1f,0x00,0x78,0x0f,0x00,0x78,0x0f,
  0x00,0x78,0x0f,0x00,0x78,0x0f,0x00,0x7c,0x1f,0x00,0x3c,0x1f,0x00,0x3f,0x7f,0x00,0x1f,0xff,0x00,0x1f,0xef,0x00,0x07,0xcf,
  0x00,0x00,0x0f,0x00,0x00,0x0f,0x00,0x00,0x0f,0x00,0x00,0x0f,0x00,0x00,0x0f,0x00,0x00,0x0f,0x00,0x00,0x00,0x3c,0xe0,0x3d,
  0xe0,0x3f,0xe0,0x3f,0x00,0x3e,0x00,0x3c,0x00,0x3c,0x00,0x3c,0x00,0x3c,0x00,0x3c,0x00,0x3c,0x00,0x3c,0x00,0x3c,0x00,0x3c,
  0x00,0x3c,0x00,0x3c,0x00,0x0f,0xc0,0x1f,0xf0,0x3f,0xf8,0x7e,0x78,0x78,0x38,0x78,0x00,0x7e,0x00,0x3f,0xf0,0x0f,0xf8,0x00,
  0xfc,0x00,0x3c,0x78,0x3c,0x7c,0x7c,0x3f,0xf8,0x1f,0xf0,0x0f,0xc0,0x1e,0x00,0x1e,0x00,0x1e,0x00,0x1e,0x00,0x7f,0xc0,0x7f,
  0xc0,0x7f,0xc0,0x1e,0x00,0x1e,0x00,0x1e,0x00,0x1e,0x00,0x1e,0x00,0x1e,0x00,0x1e,0x00,0x1e,0x00,0x1e,0x00,0x1f,0x00,0x1f,
  0xc0,0x0f,0xc0,0x07,0xc0,0x3c,0x0f,0x00,0x3c,0x0f,0x00,0x3c,0x0f,0x00,0x3c,0x0f,0x00,0x3c,0x0f,0x00,0x3c,0x0f,0x00,0x3c,
  0x0f,0x00,0x3c,0x0f,0x00,0x3c,0x0f,0x00,0x3c,0x0f,0x00,0x3c,0x0f,0x00,0x3e,0x1f,0x00,0x3f,0x3f,0x00,0x1f,0xff,0x00,0x0f,
  0xef,0x00,0x07,0x8f,0x00,0x78,0x0f,0x00,0x78,0x0f,0x00,0x7c,0x1e,0x00,0x3c,0x1e,0x00,0x3c,0x1e,0x00,0x3c,0x3c,0x00,0x1e,
  0x3c,0x00,0x1e,0x3c,0x00,0x1e,0x78,0x00,0x0f,0x78,0x00,0x0f,0x78,0x00,0x0f,0x70,0x00,0x07,0xf0,0x00,0x07,0xf0,0x00,0x03,
  0xe0,0x00,0x03,0xe0,0x00,0x78,0x3c,0x1e,0x78,0x3c,0x1e,0x78,0x7c,0x3e,0x7c,0x7e,0x3c,0x3c,0x7e,0x3c,0x3c,0x7e,0x3c,0x3c,
  0xfe,0x3c,0x1c,0xef,0x78,0x1e,0xe7,0x78,0x1e,0xe7,0x78,0x1e,0xe7,0x70,0x0f,0xc7,0xf0,0x0f,0xc3,0xf0,0x0f,0xc3,0xf0,0x07,
  0xc3,0xe0,0x07,0x81,0xe0,0x7c,0x1e,0x3c,0x3e,0x3e,0x3c,0x1e,0x78,0x0f,0x78,0x0f,0xf0,0x07,0xf0,0x07,0xe0,0x07,0xe0,0x0f,
  0xf0,0x0f,0xf0,0x1e,0x78,0x1e,0x7c,0x3c,0x3c,0x7c,0x3e,0x78,0x1e,0x78,0x0f,0x00,0x78,0x0f,0x00,0x7c,0x1f,0x00,0x3c,0x1e,
  0x00,0x3c,0x1e,0x00,0x3c,0x3c,0x00,0x1e,0x3c,0x00,0x1e,0x3c,0x00,0x1e,0x78,0x00,0x0f,0x78,0x00,0x0f,0x78,0x00,0x07,0xf0,
  0x00,0x07,0xf0,0x00,0x07,0xe0,0x00,0x03,0xe0,0x00,0x03,0xe0,0x00,0x03,0xc0,0x00,0x03,0xc0,0x00,0x07,0xc0,0x00,0x3f,0x80,
  0x00,0x3f,0x00,0x00,0x3e,0x00,0x00,0x3f,0xfe,0x3f,0xfe,0x3f,0xfe,0x00,0x7c,0x00,0x7c,0x00,0xf8,0x01,0xf0,0x01,0xe0,0x03,
  0xe0,0x07,0xc0,0x0f,0x80,0x0f,0x00,0x1f,0x00,0x3f,0xfe,0x3f,0xfe,0x3f,0xfe,0x00,0x00,0x01,0xf0,0x03,0xf0,0x03,0xf0,0x07,
  0xc0,0x07,0x80,0x07,0x80,0x07,0x80,0x07,0x80,0x07,0x80,0x07,0x80,0x0f,0x80,0x3f,0x00,0x3c,0x00,0x3e,0x00,0x1f,0x80,0x07,
  0x80,0x07,0x80,0x07,0x80,0x07,0x80,0x07,0x80,0x07,0x80,0x07,0xc0,0x07,0xe0,0x03,0xf0,0x03,0xf0,0x00,0xf0,0x1e,0x00,0x1e,
  0x00,0x1e,0x00,0x1e,0x00,0x1e,0x00,0x1e,0x00,0x1e,0x00,0x1e,0x00,0x1e,0x00,0x1e,0x00,0x1e,0x00,0x1e,0x00,0x1e,0x00,0x1e,
  0x00,0x1e,0x00,0x1e,0x00,0x1e,0x00,0x1e,0x00,0x1e,0x00,0x1e,0x00,0x1e,0x00,0x1e,0x00,0x1e,0x00,0x1e,0x00,0x1e,0x00,0x1e,
  0x00,0x1e,0x00,0x1e,0x00,0x1e,0x00,0x1e,0x00,0x1e,0x00,0x1e,0x00,0x1e,0x00,0x1e,0x00,0x1e,0x00,0x00,0x00,0x7c,0x00,0x7e,
  0x00,0x7f,0x00,0x1f,0x00,0x0f,0x00,0x0f,0x00,0x0f,0x00,0x0f,0x00,0x0f,0x00,0x0f,0x00,0x0f,0x80,0x07,0xe0,0x01,0xe0,0x03,
  0xe0,0x07,0xc0,0x0f,0x80,0x0f,0x00,0x0f,0x00,0x0f,0x00,0x0f,0x00,0x0f,0x00,0x0f,0x00,0x3f,0x00,0x7e,0x00,0x7e,0x00,0x78,
  0x00,0x00,0x00,0x00,0x0f,0x83,0x80,0x1f,0xc3,0x80,0x3f,0xf7,0x80,0x3c,0xff,0x00,0x38,0x7f,0x00,0x18,0x1e,0x00,0x00,0x00,
  0x00,0x00,0x00,0x00,0x00,0x00,0x00,0x00,0x00,0x00,0x00,0x00,0x00,0x00,0x00,0x0f,0xc0,0x1f,0xe0,0x1f,0xe0,0x3c,0xf0,0x38,
  0x70,0x38,0x70,0x3c,0xf0,0x1f,0xe0,0x0f,0xc0,0x07,0x80,0x00,0x00,0x00,0x00,0x00,0x00,0x00,0x00,0x00,0x00,0x00,0x00,0x00,
  0x00,0x00,0x00,0x00,0x00,0x00,0x00,0x00,0x00,0x18,0x00,0x3c,0x00,0x3c,0x00,0x3c,0x00,0x18,0x00,0x00,0x00,0x00,0x00,0x00,
  0x00,0x00,0x00,0x00,0x00,0x00,0x00,0x00,0x00,0x00,0x00,0x00,0x00,0x00,0x0c,0x06,0x00,0x1e,0x0f,0x00,0x1f,0x1f,0x00,0x0f,
  0xbe,0x00,0x07,0xfc,0x00,0x03,0xf8,0x00,0x01,0xf0,0x00,0x03,0xf8,0x00,0x07,0xfc,0x00,0x0f,0xbe,0x00,0x1f,0x1f,0x00,0x1e,
  0x0f,0x00,0x1c,0x07,0x00,0x08,0x02,0x00,0x00,0x00,0x00,0x00,0xf0,0x00,0x00,0xe0,0x00,0x00,0xe0,0x00,0x01,0xc0,0x00,0x00,
  0x00,0x00,0x00,0x00,0x00,0x03,0xe0,0x00,0x0f,0xf8,0x00,0x1f,0xfc,0x00,0x3e,0x3e,0x00,0x3c,0x1e,0x00,0x78,0x1e,0x00,0x7f,
  0xfe,0x00,0x7f,0xfe,0x00,0x7f,0xff,0x00,0x78,0x00,0x00,0x78,0x00,0x00,0x3c,0x1e,0x00,0x3f,0x3e,0x00,0x1f,0xfc,0x00,0x0f,
  0xf8,0x00,0x03,0xe0,0x00,0x00,0x00,0xff,0xfc,0xff,0xfc,0xff,0xfc,0x00,0x00,0x00,0x00,0x00,0x00,0x00,0x00,0x00,0x00,0x00,
  0x00,0x00,0x00,0x00,0x00,0x00,0x00,0xff,0xff,0xff,0xf0,0xff,0xff,0xff,0xf0,0xff,0xff,0xff,0xf0,0x00,0x00,0x00,0x00,0x00,
  0x00,0x00,0x00,0x00,0x00,0x00,0x00,0x00,0x00,0x00,0x00,0x00,0x00,0x00,0x00,0x00,0x00,0x00,0x00,0x00,0x00,0x00,0x00,0x06,
  0x00,0x0e,0x00,0x0e,0x00,0x0e,0x00,0x0e,0x00,0x1e,0x00,0x1e,0x00,0x1e,0x00,0x3c,0x00,0x00,0x00,0x00,0x00,0x00,0x00,0x00,
  0x00,0x00,0x00,0x00,0x00,0x00,0x00,0x00,0x00,0x00,0x00,0x00,0x00,0x00,0x00,0x00,0x00,0x1e,0x00,0x1e,0x00,0x1e,0x00,0x1e,
  0x00,0x1c,0x00,0x1c,0x00,0x1c,0x00,0x38,0x00,0x38,0x00,0x00,0x00,0x00,0x00,0x00,0x00,0x00,0x00,0x00,0x00,0x00,0x00,0x00,
  0x00,0x00,0x00,0x00,0x00,0x00,0x00,0x00,0x00,0x00,0x00,0x06,0x1c,0x0e,0x1c,0x0e,0x1c,0x0e,0x3c,0x0e,0x38,0x1e,0x38,0x1e,
  0x78,0x1e,0x78,0x3c,0x78,0x00,0x00,0x00,0x00,0x00,0x00,0x00,0x00,0x00,0x00,0x00,0x00,0x00,0x00,0x00,0x00,0x00,0x00,0x00,
  0x00,0x00,0x00,0x00,0x00,0x1e,0x3c,0x1e,0x78,0x1e,0x78,0x1e,0x78,0x1c,0x70,0x1c,0x70,0x1c,0x70,0x38,0x70,0x38,0x60,0x00,
  0x00,0x00,0x00,0x00,0x00,0x00,0x00,0x00,0x00,0x00,0x00,0x00,0x00,0x00,0x00,0x00,0x00,0x00,0x00,0x00,0x00,0x00,0x00,0x07,
  0x00,0x1f,0xc0,0x3f,0xe0,0x3f,0xe0,0x3f,0xe0,0x3f,0xe0,0x3f,0xe0,0x1f,0xc0,0x0f,0x80,0x00,0x00,0x00,0x00,0x00,0x00,0x00,
  0x00,0x18,0x06,0x01,0x80,0x3c,0x0f,0x03,0xc0,0x3c,0x0f,0x03,0xc0,0x3c,0x0f,0x03,0xc0,0x18,0x06,0x01,0x80,0x00,0x00,0x00,
  0x1f,0xff,0x80,0x1f,0xff,0x80,0x1f,0xff,0x80,0x00,0x00,0x00,0x00,0x00,0x00,0x00,0x00,0x00,0x00,0x00,0x00,0x00,0x00,0x00,
  0x00,0x00,0x00,0x00,0x00,0x00
};

static const Glyph FL_UI_B_glyphs[] = {
  {0x0020,0,7,0,7,0,0},
  {0x0021,0,9,21,9,0,-21},
  {0x0022,42,15,21,15,0,-21},
  {0x0023,84,18,21,18,0,-21},
  {0x0024,147,18,27,18,0,-24},
  {0x0025,228,28,21,28,0,-21},
  {0x0026,312,19,21,19,0,-21},
  {0x0027,375,9,21,9,0,-21},
  {0x0028,417,11,26,11,0,-22},
  {0x0029,469,11,26,11,0,-22},
  {0x002a,521,16,21,16,0,-21},
  {0x002b,563,19,16,19,0,-16},
  {0x002c,611,9,9,9,0,-3},
  {0x002d,629,13,11,13,0,-11},
  {0x002e,651,9,5,9,0,-5},
  {0x002f,661,11,25,11,0,-22},
  {0x0030,711,19,21,19,0,-21},
  {0x0031,774,12,21,12,0,-21},
  {0x0032,816,18,21,18,0,-21},
  {0x0033,879,18,21,18,0,-21},
  {0x0034,942,19,21,19,0,-21},
  {0x0035,1005,17,21,17,0,-21},
  {0x0036,1068,18,21,18,0,-21},
  {0x0037,1131,16,21,16,0,-21},
  {0x0038,1173,18,21,18,0,-21},
  {0x0039,1236,18,21,18,0,-21},
  {0x003a,1299,9,15,9,0,-15},
  {0x003b,1329,10,21,10,0,-15},
  {0x003c,1371,19,17,19,0,-17},
  {0x003d,1422,19,14,19,0,-14},
  {0x003e,1464,19,17,19,0,-17},
  {0x003f,1515,16,21,16,0,-21},
  {0x0040,1557,28,27,28,0,-21},
  {0x0041,1665,21,21,21,0,-21},
  {0x0042,1728,19,21,19,0,-21},
  {0x0043,1791,21,21,21,0,-21},
  {0x0044,1854,20,21,20,0,-21},
  {0x0045,1917,17,21,17,0,-21},
  {0x0046,1980,16,21,16,0,-21},
  {0x0047,2022,21,21,21,0,-21},
  {0x0048,2085,21,21,21,0,-21},
  {0x0049,2148,8,21,8,0,-21},
  {0x004a,2169,16,21,16,0,-21},
  {0x004b,2211,20,21,20,0,-21},
  {0x004c,2274,16,21,16,0,-21},
  {0x004d,2316,26,21,26,0,-21},
  {0x004e,2400,21,21,21,0,-21},
  {0x004f,2463,22,21,22,0,-21},
  {0x0050,2526,18,21,18,0,-21},
  {0x0051,2589,22,23,22,0,-21},
  {0x0052,2658,18,21,18,0,-21},
  {0x0053,2721,18,21,18,0,-21},
  {0x0054,2784,19,21,19,0,-21},
  {0x0055,2847,21,21,20,0,-21},
  {0x0056,2910,21,21,21,0,-21},
  {0x0057,2973,29,21,29,0,-21},
  {0x0058,3057,21,21,21,0,-21},
  {0x0059,3120,20,21,20,0,-21},
  {0x005a,3183,19,21,19,0,-21},
  {0x005b,3246,11,27,11,0,-23},
  {0x005c,3300,11,25,11,0,-22},
  {0x005d,3350,11,27,11,0,-23},
  {0x005e,3404,14,21,14,0,-21},
  {0x005f,3446,13,4,13,0,-1},
  {0x0060,3454,10,22,10,0,-22},
  {0x0061,3498,16,16,16,0,-16},
  {0x0062,3530,18,21,18,0,-21},
  {0x0063,3593,16,16,16,0,-16},
  {0x0064,3625,18,21,18,0,-21},
  {0x0065,3688,17,16,17,0,-16},
  {0x0066,3736,12,22,11,0,-22},
  {0x0067,3780,18,22,18,0,-16},
  {0x0068,3846,17,21,17,0,-21},
  {0x0069,3909,8,22,8,0,-22},
  {0x006a,3931,9,28,8,-1,-22},
  {0x006b,3987,17,21,16,0,-21},
  {0x006c,4050,8,21,8,0,-21},
  {0x006d,4071,26,16,26,0,-16},
  {0x006e,4135,17,16,17,0,-16},
  {0x006f,4183,17,16,17,0,-16},
  {0x0070,4231,18,22,18,0,-16},
  {0x0071,4297,18,22,18,0,-16},
  {0x0072,4363,11,17,11,0,-17},
  {0x0073,4397,16,16,16,0,-16},
  {0x0074,4429,11,20,10,0,-20},
  {0x0075,4469,17,16,17,0,-16},
  {0x0076,4517,17,16,17,0,-16},
  {0x0077,4565,24,16,24,0,-16},
  {0x0078,4613,16,16,16,0,-16},
  {0x0079,4645,17,22,17,0,-16},
  {0x007a,4711,16,16,16,0,-16},
  {0x007b,4743,13,27,13,0,-23},
  {0x007c,4797,10,35,10,0,-28},
  {0x007d,4867,13,27,13,0,-23},
  {0x007e,4921,19,12,19,0,-12},
  {0x00b0,4957,13,22,13,0,-22},
  {0x00b7,5001,9,13,9,0,-13},
  {0x00d7,5027,19,16,19,0,-16},
  {0x00e9,5075,17,22,17,0,-22},
  {0x2013,5141,14,11,14,0,-11},
  {0x2014,5163,28,11,28,0,-11},
  {0x2018,5207,9,21,9,0,-21},
  {0x2019,5249,9,21,9,0,-21},
  {0x201c,5291,15,21,15,0,-21},
  {0x201d,5333,15,21,15,0,-21},
  {0x2022,5375,13,13,13,0,-13},
  {0x2026,5401,28,5,28,0,-5},
  {0x2212,5421,19,11,19,0,-11}
};
const Font FL_UI_B = {FL_UI_B_bits, FL_UI_B_glyphs, 108, 28, 7, 35};

static const uint8_t FL_UI_XL_bits[] = {
  0x0f,0xf0,0x00,0x0f,0xf0,0x00,0x0f,0xf0,0x00,0x0f,0xf0,0x00,0x0f,0xf0,0x00,0x0f,0xf0,0x00,0x0f,0xf0,0x00,0x0f,0xf0,0x00,
  0x0f,0xf0,0x00,0x0f,0xf0,0x00,0x0f,0xf0,0x00,0x0f,0xf0,0x00,0x0f,0xf0,0x00,0x0f,0xf0,0x00,0x0f,0xf0,0x00,0x0f,0xf0,0x00,
  0x0f,0xf0,0x00,0x0f,0xf0,0x00,0x0f,0xf0,0x00,0x0f,0xf0,0x00,0x0f,0xf0,0x00,0x0f,0xf0,0x00,0x0f,0xf0,0x00,0x0f,0xf0,0x00,
  0x0f,0xf0,0x00,0x0f,0xf0,0x00,0x00,0x00,0x00,0x00,0x00,0x00,0x00,0x00,0x00,0x00,0x00,0x00,0x03,0xe0,0x00,0x07,0xf0,0x00,
  0x0f,0xf8,0x00,0x0f,0xf8,0x00,0x0f,0xf8,0x00,0x0f,0xf8,0x00,0x07,0xf0,0x00,0x03,0xe0,0x00,0x00,0x00,0x00,0x03,0xf8,0x7f,
  0x00,0x03,0xf8,0x7f,0x00,0x03,0xf8,0x7f,0x00,0x03,0xf8,0x7f,0x00,0x03,0xf8,0x7f,0x00,0x03,0xf8,0x7f,0x00,0x03,0xf8,0x7f,
  0x00,0x03,0xf8,0x7f,0x00,0x03,0xf8,0x7f,0x00,0x03,0xf8,0x7f,0x00,0x03,0xf8,0x7f,0x00,0x03,0xf8,0x7f,0x00,0x03,0xf8,0x7f,
  0x00,0x03,0xf8,0x7f,0x00,0x03,0xf8,0x7f,0x00,0x03,0xf8,0x7f,0x00,0x00,0x00,0x00,0x00,0x00,0x00,0x00,0x00,0x00,0x00,0x00,
  0x00,0x00,0x00,0x00,0x00,0x00,0x00,0x00,0x00,0x00,0x00,0x00,0x00,0x00,0x00,0x00,0x00,0x00,0x00,0x00,0x00,0x00,0x00,0x00,
  0x00,0x00,0x00,0x00,0x00,0x00,0x00,0x00,0x00,0x00,0x00,0x00,0x00,0x00,0x00,0x00,0x00,0x00,0x00,0x00,0x00,0x00,0x00,0x00,
  0x00,0x00,0x00,0x00,0x00,0x00,0x00,0x00,0x00,0x00,0x00,0x00,0x00,0x00,0x00,0x00,0x00,0x00,0x00,0x00,0x00,0x00,0x00,0x00,
  0x00,0x00,0x00,0x00,0x00,0x00,0x3f,0x00,0xf8,0x00,0x00,0x3f,0x01,0xf8,0x00,0x00,0x3f,0x01,0xf8,0x00,0x00,0x3f,0x01,0xf8,
  0x00,0x00,0x3e,0x01,0xf8,0x00,0x00,0x7e,0x01,0xf8,0x00,0x00,0x7e,0x01,0xf0,0x00,0x00,0x7e,0x03,0xf0,0x00,0x00,0x7e,0x03,
  0xf0,0x00,0x0f,0xff,0xff,0xff,0x80,0x1f,0xff,0xff,0xff,0x80,0x1f,0xff,0xff,0xff,0x80,0x1f,0xff,0xff,0xff,0x80,0x1f,0xff,
  0xff,0xff,0x00,0x1f,0xff,0xff,0xff,0x00,0x00,0xfc,0x07,0xe0,0x00,0x00,0xf8,0x07,0xe0,0x00,0x00,0xf8,0x07,0xe0,0x00,0x01,
  0xf8,0x07,0xc0,0x00,0x01,0xf8,0x07,0xc0,0x00,0x01,0xf8,0x0f,0xc0,0x00,0x01,0xf8,0x0f,0xc0,0x00,0x01,0xf8,0x0f,0xc0,0x00,
  0x7f,0xff,0xff,0xfe,0x00,0x7f,0xff,0xff,0xfe,0x00,0x7f,0xff,0xff,0xfe,0x00,0x7f,0xff,0xff,0xfc,0x00,0x7f,0xff,0xff,0xfc,
  0x00,0x7f,0xff,0xff,0xfc,0x00,0x03,0xe0,0x1f,0x80,0x00,0x03,0xe0,0x1f,0x80,0x00,0x07,0xe0,0x1f,0x00,0x00,0x07,0xe0,0x3f,
  0x00,0x00,0x07,0xe0,0x3f,0x00,0x00,0x07,0xe0,0x3f,0x00,0x00,0x07,0xc0,0x3f,0x00,0x00,0x0f,0xc0,0x3f,0x00,0x00,0x0f,0xc0,
  0x3e,0x00,0x00,0x00,0x00,0xe0,0x00,0x00,0x00,0x00,0xe0,0x00,0x00,0x00,0x00,0xe0,0x00,0x00,0x00,0x00,0xe0,0x00,0x00,0x00,
  0x01,0xe0,0x00,0x00,0x00,0x1f,0xff,0x00,0x00,0x00,0x7f,0xff,0xc0,0x00,0x01,0xff,0xff,0xe0,0x00,0x03,0xff,0xff,0xf8,0x00,
  0x07,0xff,0xff,0xf8,0x00,0x0f,0xff,0xff,0xfc,0x00,0x0f,0xfc,0xe7,0xfc,0x00,0x0f,0xf0,0xe3,0xfe,0x00,0x1f,0xe0,0xe1,0xfe,
  0x00,0x1f,0xe0,0xe0,0xfe,0x00,0x1f,0xe0,0xe0,0xfe,0x00,0x1f,0xe0,0xe0,0x00,0x00,0x1f,0xf0,0xe0,0x00,0x00,0x1f,0xf8,0xe0,
  0x00,0x00,0x0f,0xfe,0xe0,0x00,0x00,0x0f,0xff,0xe0,0x00,0x00,0x07,0xff,0xfc,0x00,0x00,0x03,0xff,0xff,0x80,0x00,0x01,0xff,
  0xff,0xe0,0x00,0x00,0x7f,0xff,0xf0,0x00,0x00,0x1f,0xff,0xf8,0x00,0x00,0x01,0xff,0xfc,0x00,0x00,0x00,0xff,0xfe,0x00,0x00,
  0x00,0xe7,0xfe,0x00,0x00,0x00,0xe1,0xfe,0x00,0x00,0x00,0xe0,0xff,0x00,0x3f,0x80,0xe0,0xff,0x00,0x3f,0xc0,0xe0,0xff,0x00,
  0x3f,0xc0,0xe0,0xff,0x00,0x3f,0xe0,0xe1,0xff,0x00,0x1f,0xf0,0xe3,0xfe,0x00,0x1f,0xfc,0xe7,0xfe,0x00,0x0f,0xff,0xff,0xfe,
  0x00,0x0f,0xff,0xff,0xfc,0x00,0x07,0xff,0xff,0xf8,0x00,0x03,0xff,0xff,0xf0,0x00,0x00,0xff,0xff,0xe0,0x00,0x00,0x3f,0xff,
  0x80,0x00,0x00,0x00,0xe0,0x00,0x00,0x00,0x00,0xe0,0x00,0x00,0x00,0x00,0xe0,0x00,0x00,0x00,0x00,0xe0,0x00,0x00,0x00,0x00,
  0xe0,0x00,0x00,0x00,0x00,0x00,0x00,0x00,0x00,0x00,0x00,0x7f,0x80,0x00,0x0f,0xc0,0x00,0x00,0xff,0xc0,0x00,0x0f,0x80,0x00,
  0x01,0xff,0xe0,0x00,0x1f,0x00,0x00,0x03,0xff,0xf0,0x00,0x3f,0x00,0x00,0x03,0xff,0xf0,0x00,0x3e,0x00,0x00,0x07,0xe1,0xf8,
  0x00,0x7c,0x00,0x00,0x07,0xc0,0xf8,0x00,0xfc,0x00,0x00,0x07,0xc0,0xf8,0x00,0xf8,0x00,0x00,0x07,0xc0,0xf8,0x01,0xf0,0x00,
  0x00,0x07,0xc0,0xf8,0x03,0xf0,0x00,0x00,0x07,0xc0,0xf8,0x03,0xe0,0x00,0x00,0x07,0xc0,0xf8,0x07,0xc0,0x00,0x00,0x07,0xe1,
  0xf8,0x0f,0x80,0x00,0x00,0x03,0xff,0xf0,0x1f,0x80,0x00,0x00,0x03,0xff,0xf0,0x1f,0x00,0x00,0x00,0x01,0xff,0xe0,0x3e,0x00,
  0x00,0x00,0x00,0xff,0xc0,0x7e,0x00,0x00,0x00,0x00,0x3f,0x00,0x7c,0x00,0x00,0x00,0x00,0x00,0x00,0xf8,0x00,0x00,0x00,0x00,
  0x00,0x01,0xf8,0x00,0x00,0x00,0x00,0x00,0x01,0xf0,0x07,0xe0,0x00,0x00,0x00,0x03,0xe0,0x1f,0xf8,0x00,0x00,0x00,0x07,0xe0,
  0x3f,0xfc,0x00,0x00,0x00,0x07,0xc0,0x7f,0xfe,0x00,0x00,0x00,0x0f,0x80,0x7f,0xfe,0x00,0x00,0x00,0x1f,0x80,0xfc,0x3f,0x00,
  0x00,0x00,0x1f,0x00,0xf8,0x1f,0x00,0x00,0x00,0x3e,0x00,0xf8,0x1f,0x00,0x00,0x00,0x7c,0x00,0xf8,0x1f,0x00,0x00,0x00,0xfc,
  0x00,0xf8,0x1f,0x00,0x00,0x00,0xf8,0x00,0xf8,0x1f,0x00,0x00,0x01,0xf0,0x00,0xf8,0x1f,0x00,0x00,0x03,0xf0,0x00,0xfc,0x3f,
  0x00,0x00,0x03,0xe0,0x00,0x7f,0xfe,0x00,0x00,0x07,0xc0,0x00,0x7f,0xfe,0x00,0x00,0x0f,0xc0,0x00,0x3f,0xfc,0x00,0x00,0x0f,
  0x80,0x00,0x1f,0xf8,0x00,0x00,0x1f,0x00,0x00,0x0f,0xf0,0x00,0x00,0x00,0x00,0x00,0x00,0x00,0x00,0x00,0x00,0x00,0x00,0x00,
  0x00,0x3f,0xf0,0x00,0x00,0x00,0x7f,0xf8,0x00,0x00,0x00,0xff,0xfe,0x00,0x00,0x01,0xff,0xfe,0x00,0x00,0x03,0xff,0xff,0x00,
  0x00,0x03,0xff,0xff,0x00,0x00,0x07,0xf8,0x3f,0x80,0x00,0x07,0xf0,0x1f,0x80,0x00,0x07,0xf0,0x1f,0x80,0x00,0x07,0xf0,0x1f,
  0x80,0x00,0x07,0xf0,0x1f,0x80,0x00,0x07,0xf0,0x3f,0x80,0x00,0x03,0xf8,0x7f,0x00,0x00,0x03,0xfc,0xff,0x00,0x00,0x03,0xff,
  0xfe,0x00,0x00,0x01,0xff,0xfc,0x00,0x00,0x00,0xff,0xf8,0x00,0x00,0x00,0x7f,0xf0,0x00,0x00,0x00,0x7f,0xe0,0x00,0x00,0x01,
  0xff,0xc0,0x00,0x00,0x03,0xff,0xe0,0x3f,0x00,0x07,0xff,0xf0,0x3f,0x00,0x0f,0xff,0xf8,0x3f,0x00,0x1f,0xf3,0xfc,0x7f,0x00,
  0x1f,0xe1,0xfc,0x7f,0x00,0x3f,0xc1,0xfe,0x7e,0x00,0x3f,0xc0,0xff,0xfe,0x00,0x3f,0xc0,0x7f,0xfe,0x00,0x3f,0xc0,0x3f,0xfc,
  0x00,0x3f,0xc0,0x1f,0xfc,0x00,0x3f,0xe0,0x0f,0xf8,0x00,0x1f,0xf0,0x1f,0xf8,0x00,0x1f,0xff,0xff,0xfc,0x00,0x0f,0xff,0xff,
  0xfc,0x00,0x0f,0xff,0xff,0xfe,0x00,0x07,0xff,0xff,0xff,0x00,0x01,0xff,0xfc,0x7f,0x80,0x00,0x7f,0xf0,0x3f,0xc0,0x00,0x00,
  0x00,0x00,0x00,0x03,0xf8,0x00,0x03,0xf8,0x00,0x03,0xf8,0x00,0x03,0xf8,0x00,0x03,0xf8,0x00,0x03,0xf8,0x00,0x03,0xf8,0x00,
  0x03,0xf8,0x00,0x03,0xf8,0x00,0x03,0xf8,0x00,0x03,0xf8,0x00,0x03,0xf8,0x00,0x03,0xf8,0x00,0x03,0xf8,0x00,0x03,0xf8,0x00,
  0x03,0xf8,0x00,0x00,0x00,0x00,0x00,0x00,0x00,0x00,0x00,0x00,0x00,0x00,0x00,0x00,0x00,0x00,0x00,0x00,0x00,0x00,0x00,0x00,
  0x00,0x00,0x00,0x00,0x00,0x00,0x00,0x00,0x00,0x00,0x00,0x00,0x00,0x00,0x00,0x00,0x00,0x00,0x00,0x00,0x00,0x00,0x00,0x00,
  0x00,0x00,0x00,0x00,0x00,0x00,0x00,0x00,0x00,0x00,0x00,0x00,0x00,0x00,0x00,0x00,0x00,0x00,0x00,0x00,0x00,0x00,0x3f,0x80,
  0x00,0x3f,0x80,0x00,0x7f,0x80,0x00,0x7f,0x00,0x00,0xff,0x00,0x00,0xfe,0x00,0x01,0xfe,0x00,0x01,0xfe,0x00,0x01,0xfc,0x00,
  0x01,0xfc,0x00,0x03,0xfc,0x00,0x03,0xfc,0x00,0x03,0xf8,0x00,0x07,0xf8,0x00,0x07,0xf8,0x00,0x07,0xf8,0x00,0x07,0xf8,0x00,
  0x07,0xf0,0x00,0x07,0xf0,0x00,0x0f,0xf0,0x00,0x0f,0xf0,0x00,0x0f,0xf0,0x00,0x0f,0xf0,0x00,0x0f,0xf0,0x00,0x0f,0xf0,0x00,
  0x0f,0xf0,0x00,0x0f,0xf0,0x00,0x0f,0xf0,0x00,0x0f,0xf0,0x00,0x0f,0xf0,0x00,0x0f,0xf0,0x00,0x07,0xf0,0x00,0x07,0xf0,0x00,
  0x07,0xf8,0x00,0x07,0xf8,0x00,0x07,0xf8,0x00,0x03,0xf8,0x00,0x03,0xfc,0x00,0x03,0xfc,0x00,0x01,0xfc,0x00,0x01,0xfe,0x00,
  0x01,0xfe,0x00,0x00,0xfe,0x00,0x00,0xff,0x00,0x00,0x7f,0x00,0x00,0x7f,0x80,0x00,0x3f,0x80,0x00,0x3f,0x80,0x3f,0xc0,0x00,
  0x1f,0xc0,0x00,0x1f,0xe0,0x00,0x0f,0xe0,0x00,0x0f,0xf0,0x00,0x0f,0xf0,0x00,0x07,0xf0,0x00,0x07,0xf8,0x00,0x07,0xf8,0x00,
  0x03,0xf8,0x00,0x03,0xfc,0x00,0x03,0xfc,0x00,0x03,0xfc,0x00,0x01,0xfc,0x00,0x01,0xfe,0x00,0x01,0xfe,0x00,0x01,0xfe,0x00,
  0x01,0xfe,0x00,0x01,0xfe,0x00,0x00,0xfe,0x00,0x00,0xfe,0x00,0x00,0xff,0x00,0x00,0xff,0x00,0x00,0xff,0x00,0x00,0xff,0x00,
  0x00,0xff,0x00,0x00,0xff,0x00,0x00,0xff,0x00,0x00,0xff,0x00,0x00,0xfe,0x00,0x00,0xfe,0x00,0x01,0xfe,0x00,0x01,0xfe,0x00,
  0x01,0xfe,0x00,0x01,0xfe,0x00,0x01,0xfc,0x00,0x03,0xfc,0x00,0x03,0xfc,0x00,0x03,0xfc,0x00,0x07,0xf8,0x00,0x07,0xf8,0x00,
  0x07,0xf0,0x00,0x0f,0xf0,0x00,0x0f,0xf0,0x00,0x0f,0xe0,0x00,0x1f,0xe0,0x00,0x1f,0xc0,0x00,0x3f,0x80,0x00,0x00,0x0f,0x00,
  0x00,0x00,0x0f,0x00,0x00,0x00,0x0f,0x00,0x00,0x02,0x0f,0x04,0x00,0x07,0x0f,0x0e,0x00,0x07,0xcf,0x3e,0x00,0x0f,0xef,0x7f,
  0x00,0x0f,0xff,0xff,0x00,0x03,0xff,0xfc,0x00,0x00,0xff,0xf0,0x00,0x00,0x3f,0xc0,0x00,0x00,0xff,0xf0,0x00,0x03,0xff,0xfc,
  0x00,0x0f,0xff,0xff,0x00,0x0f,0xef,0x7f,0x00,0x07,0xcf,0x3e,0x00,0x07,0x0f,0x0e,0x00,0x02,0x0f,0x04,0x00,0x00,0x0f,0x00,
  0x00,0x00,0x0f,0x00,0x00,0x00,0x0f,0x00,0x00,0x00,0x00,0x00,0x00,0x00,0x00,0x00,0x00,0x00,0x00,0x00,0x00,0x00,0x00,0x00,
  0x00,0x00,0x00,0x00,0x00,0x00,0x00,0x00,0x00,0x00,0x00,0x00,0x00,0x00,0x00,0x00,0x00,0x00,0x00,0x00,0x00,0x00,0x00,0x00,
  0x00,0x00,0x00,0x00,0x00,0x00,0x00,0x00,0x00,0x00,0x00,0x00,0x00,0x00,0x00,0x00,0x00,0x00,0x00,0x00,0x00,0x00,0x00,0x00,
  0x00,0x00,0x00,0x00,0x00,0x00,0x01,0xf8,0x00,0x00,0x00,0x01,0xf8,0x00,0x00,0x00,0x01,0xf8,0x00,0x00,0x00,0x01,0xf8,0x00,
  0x00,0x00,0x01,0xf8,0x00,0x00,0x00,0x01,0xf8,0x00,0x00,0x00,0x01,0xf8,0x00,0x00,0x00,0x01,0xf8,0x00,0x00,0x00,0x01,0xf8,
  0x00,0x00,0x00,0x01,0xf8,0x00,0x00,0x07,0xff,0xff,0xfe,0x00,0x07,0xff,0xff,0xfe,0x00,0x07,0xff,0xff,0xfe,0x00,0x07,0xff,
  0xff,0xfe,0x00,0x07,0xff,0xff,0xfe,0x00,0x07,0xff,0xff,0xfe,0x00,0x00,0x01,0xf8,0x00,0x00,0x00,0x01,0xf8,0x00,0x00,0x00,
  0x01,0xf8,0x00,0x00,0x00,0x01,0xf8,0x00,0x00,0x00,0x01,0xf8,0x00,0x00,0x00,0x01,0xf8,0x00,0x00,0x00,0x01,0xf8,0x00,0x00,
  0x00,0x01,0xf8,0x00,0x00,0x00,0x01,0xf8,0x00,0x00,0x00,0x01,0xf8,0x00,0x00,0x00,0x00,0x00,0x00,0x00,0x00,0x00,0x00,0x00,
  0x00,0x00,0x00,0x00,0x00,0x00,0x07,0xf8,0x00,0x07,0xf0,0x00,0x07,0xf0,0x00,0x07,0xf0,0x00,0x07,0xf0,0x00,0x0f,0xe0,0x00,
  0x0f,0xe0,0x00,0x0f,0xe0,0x00,0x0f,0xc0,0x00,0x0f,0xc0,0x00,0x0f,0xc0,0x00,0x0f,0xc0,0x00,0x0f,0x80,0x00,0x1f,0x80,0x00,
  0x1f,0x80,0x00,0x1f,0x00,0x00,0x00,0x00,0x00,0x0f,0xff,0xf8,0x0f,0xff,0xf8,0x0f,0xff,0xf8,0x0f,0xff,0xf8,0x0f,0xff,0xf8,
  0x0f,0xff,0xf8,0x00,0x00,0x00,0x00,0x00,0x00,0x00,0x00,0x00,0x00,0x00,0x00,0x00,0x00,0x00,0x00,0x00,0x00,0x00,0x00,0x00,
  0x00,0x00,0x00,0x00,0x00,0x00,0x00,0x00,0x00,0x00,0x00,0x00,0x00,0x00,0x00,0x00,0x00,0x00,0x00,0x00,0x00,0x03,0xe0,0x00,
  0x07,0xf0,0x00,0x0f,0xf8,0x00,0x0f,0xf8,0x00,0x0f,0xf8,0x00,0x0f,0xf8,0x00,0x07,0xf0,0x00,0x03,0xe0,0x00,0x00,0x00,0x00,
  0x00,0x07,0xe0,0x00,0x07,0xe0,0x00,0x0f,0xe0,0x00,0x0f,0xe0,0x00,0x0f,0xc0,0x00,0x0f,0xc0,0x00,0x1f,0xc0,0x00,0x1f,0xc0,
  0x00,0x1f,0x80,0x00,0x3f,0x80,0x00,0x3f,0x80,0x00,0x3f,0x80,0x00,0x3f,0x00,0x00,0x7f,0x00,0x00,0x7f,0x00,0x00,0x7e,0x00,
  0x00,0x7e,0x00,0x00,0xfe,0x00,0x00,0xfe,0x00,0x00,0xfc,0x00,0x00,0xfc,0x00,0x01,0xfc,0x00,0x01,0xfc,0x00,0x01,0xf8,0x00,
  0x03,0xf8,0x00,0x03,0xf8,0x00,0x03,0xf8,0x00,0x03,0xf0,0x00,0x07,0xf0,0x00,0x07,0xf0,0x00,0x07,0xe0,0x00,0x07,0xe0,0x00,
  0x0f,0xe0,0x00,0x0f,0xe0,0x00,0x0f,0xc0,0x00,0x0f,0xc0,0x00,0x1f,0xc0,0x00,0x1f,0xc0,0x00,0x1f,0x80,0x00,0x3f,0x80,0x00,
  0x3f,0x80,0x00,0x3f,0x80,0x00,0x3f,0x00,0x00,0x7f,0x00,0x00,0x7f,0x00,0x00,0x7e,0x00,0x00,0x00,0x00,0x00,0x00,0x00,0x00,
  0x0f,0xfc,0x00,0x00,0x00,0x7f,0xff,0x00,0x00,0x00,0xff,0xff,0xc0,0x00,0x01,0xff,0xff,0xe0,0x00,0x03,0xff,0xff,0xf0,0x00,
  0x07,0xff,0xff,0xf8,0x00,0x07,0xfc,0x0f,0xf8,0x00,0x0f,0xf8,0x07,0xfc,0x00,0x0f,0xf0,0x03,0xfc,0x00,0x1f,0xe0,0x01,0xfe,
  0x00,0x1f,0xe0,0x01,0xfe,0x00,0x1f,0xe0,0x01,0xfe,0x00,0x1f,0xc0,0x00,0xfe,0x00,0x3f,0xc0,0x00,0xff,0x00,0x3f,0xc0,0x00,
  0xff,0x00,0x3f,0xc0,0x00,0xff,0x00,0x3f,0xc0,0x00,0xff,0x00,0x3f,0xc0,0x00,0xff,0x00,0x3f,0xc0,0x00,0xff,0x00,0x3f,0xc0,
  0x00,0xff,0x00,0x3f,0xc0,0x00,0xff,0x00,0x3f,0xc0,0x00,0xff,0x00,0x3f,0xc0,0x00,0xff,0x00,0x3f,0xc0,0x00,0xff,0x00,0x3f,
  0xc0,0x00,0xff,0x00,0x1f,0xc0,0x00,0xfe,0x00,0x1f,0xe0,0x01,0xfe,0x00,0x1f,0xe0,0x01,0xfe,0x00,0x1f,0xe0,0x01,0xfe,0x00,
  0x0f,0xf0,0x03,0xfc,0x00,0x0f,0xf8,0x07,0xfc,0x00,0x07,0xfc,0x0f,0xf8,0x00,0x07,0xff,0xff,0xf8,0x00,0x03,0xff,0xff,0xf0,
  0x00,0x01,0xff,0xff,0xe0,0x00,0x00,0xff,0xff,0xc0,0x00,0x00,0x7f,0xff,0x80,0x00,0x00,0x1f,0xfe,0x00,0x00,0x00,0x00,0x00,
  0x00,0x00,0x00,0x3f,0xe0,0x00,0xff,0xe0,0x01,0xff,0xe0,0x07,0xff,0xe0,0x0f,0xff,0xe0,0x1f,0xff,0xe0,0x3f,0xff,0xe0,0x3f,
  0xdf,0xe0,0x3f,0x1f,0xe0,0x3e,0x1f,0xe0,0x3c,0x1f,0xe0,0x30,0x1f,0xe0,0x20,0x1f,0xe0,0x00,0x1f,0xe0,0x00,0x1f,0xe0,0x00,
  0x1f,0xe0,0x00,0x1f,0xe0,0x00,0x1f,0xe0,0x00,0x1f,0xe0,0x00,0x1f,0xe0,0x00,0x1f,0xe0,0x00,0x1f,0xe0,0x00,0x1f,0xe0,0x00,
  0x1f,0xe0,0x00,0x1f,0xe0,0x00,0x1f,0xe0,0x00,0x1f,0xe0,0x00,0x1f,0xe0,0x00,0x1f,0xe0,0x00,0x1f,0xe0,0x00,0x1f,0xe0,0x00,
  0x1f,0xe0,0x00,0x1f,0xe0,0x00,0x1f,0xe0,0x00,0x1f,0xe0,0x00,0x1f,0xe0,0x00,0x1f,0xe0,0x00,0x1f,0xe0,0x00,0x00,0x00,0x00,
  0x00,0x00,0x1f,0xfc,0x00,0x00,0x00,0x7f,0xff,0x00,0x00,0x01,0xff,0xff,0xc0,0x00,0x03,0xff,0xff,0xe0,0x00,0x07,0xff,0xff,
  0xf0,0x00,0x07,0xff,0xff,0xf0,0x00,0x0f,0xf8,0x0f,0xf8,0x00,0x0f,0xf0,0x07,0xf8,0x00,0x1f,0xe0,0x07,0xf8,0x00,0x1f,0xe0,
  0x03,0xfc,0x00,0x1f,0xe0,0x03,0xfc,0x00,0x1f,0xc0,0x03,0xfc,0x00,0x00,0x00,0x03,0xfc,0x00,0x00,0x00,0x03,0xf8,0x00,0x00,
  0x00,0x07,0xf8,0x00,0x00,0x00,0x07,0xf8,0x00,0x00,0x00,0x0f,0xf0,0x00,0x00,0x00,0x1f,0xf0,0x00,0x00,0x00,0x3f,0xe0,0x00,
  0x00,0x00,0x7f,0xc0,0x00,0x00,0x00,0xff,0x80,0x00,0x00,0x01,0xff,0x80,0x00,0x00,0x03,0xff,0x00,0x00,0x00,0x07,0xfe,0x00,
  0x00,0x00,0x0f,0xfc,0x00,0x00,0x00,0x1f,0xf8,0x00,0x00,0x00,0x3f,0xf0,0x00,0x00,0x00,0x7f,0xe0,0x00,0x00,0x00,0xff,0xc0,
  0x00,0x00,0x03,0xff,0x80,0x00,0x00,0x07,0xff,0x00,0x00,0x00,0x0f,0xfe,0x00,0x00,0x00,0x1f,0xff,0xff,0xfc,0x00,0x1f,0xff,
  0xff,0xfc,0x00,0x1f,0xff,0xff,0xfc,0x00,0x1f,0xff,0xff,0xfc,0x00,0x1f,0xff,0xff,0xfc,0x00,0x1f,0xff,0xff,0xfc,0x00,0x00,
  0x00,0x00,0x00,0x00,0x00,0x1f,0xfe,0x00,0x00,0x00,0x7f,0xff,0x80,0x00,0x01,0xff,0xff,0xc0,0x00,0x03,0xff,0xff,0xe0,0x00,
  0x07,0xff,0xff,0xf0,0x00,0x07,0xff,0xff,0xf8,0x00,0x0f,0xf8,0x0f,0xf8,0x00,0x0f,0xf0,0x07,0xfc,0x00,0x1f,0xf0,0x03,0xfc,
  0x00,0x1f,0xe0,0x03,0xfc,0x00,0x0f,0xe0,0x03,0xfc,0x00,0x00,0x00,0x03,0xfc,0x00,0x00,0x00,0x03,0xfc,0x00,0x00,0x00,0x07,
  0xf8,0x00,0x00,0x00,0x07,0xf8,0x00,0x00,0x00,0x1f,0xf0,0x00,0x00,0x07,0xff,0xe0,0x00,0x00,0x07,0xff,0xc0,0x00,0x00,0x07,
  0xff,0x00,0x00,0x00,0x07,0xff,0xc0,0x00,0x00,0x07,0xff,0xf0,0x00,0x00,0x07,0xff,0xf8,0x00,0x00,0x00,0x0f,0xfc,0x00,0x00,
  0x00,0x03,0xfe,0x00,0x00,0x00,0x01,0xfe,0x00,0x00,0x00,0x00,0xff,0x00,0x00,0x00,0x00,0xff,0x00,0x00,0x00,0x00,0xff,0x00,
  0x1f,0xe0,0x00,0xff,0x00,0x1f,0xe0,0x01,0xff,0x00,0x1f,0xf0,0x01,0xfe,0x00,0x0f,0xf8,0x07,0xfe,0x00,0x0f,0xff,0xff,0xfc,
  0x00,0x07,0xff,0xff,0xfc,0x00,0x03,0xff,0xff,0xf8,0x00,0x01,0xff,0xff,0xf0,0x00,0x00,0x7f,0xff,0xc0,0x00,0x00,0x1f,0xff,
  0x00,0x00,0x00,0x00,0x00,0x00,0x00,0x00,0x00,0x3f,0xf8,0x00,0x00,0x00,0x3f,0xf8,0x00,0x00,0x00,0x7f,0xf8,0x00,0x00,0x00,
  0x7f,0xf8,0x00,0x00,0x00,0xff,0xf8,0x00,0x00,0x01,0xff,0xf8,0x00,0x00,0x01,0xff,0xf8,0x00,0x00,0x03,0xff,0xf8,0x00,0x00,
  0x07,0xff,0xf8,0x00,0x00,0x07,0xf7,0xf8,0x00,0x00,0x0f,0xf7,0xf8,0x00,0x00,0x0f,0xe7,0xf8,0x00,0x00,0x1f,0xc7,0xf8,0x00,
  0x00,0x3f,0xc7,0xf8,0x00,0x00,0x3f,0x87,0xf8,0x00,0x00,0x7f,0x87,0xf8,0x00,0x00,0xff,0x07,0xf8,0x00,0x00,0xfe,0x07,0xf8,
  0x00,0x01,0xfe,0x07,0xf8,0x00,0x01,0xfc,0x07,0xf8,0x00,0x03,0xf8,0x07,0xf8,0x00,0x07,0xf8,0x07,0xf8,0x00,0x07,0xf0,0x07,
  0xf8,0x00,0x0f,0xf0,0x07,0xf8,0x00,0x1f,0xe0,0x07,0xf8,0x00,0x1f,0xff,0xff,0xff,0x80,0x1f,0xff,0xff,0xff,0x80,0x1f,0xff,
  0xff,0xff,0x80,0x1f,0xff,0xff,0xff,0x80,0x1f,0xff,0xff,0xff,0x80,0x1f,0xff,0xff,0xff,0x80,0x00,0x00,0x07,0xf8,0x00,0x00,
  0x00,0x07,0xf8,0x00,0x00,0x00,0x07,0xf8,0x00,0x00,0x00,0x07,0xf8,0x00,0x00,0x00,0x07,0xf8,0x00,0x00,0x00,0x07,0xf8,0x00,
  0x00,0x00,0x07,0xf8,0x00,0x07,0xff,0xff,0xf0,0x0f,0xff,0xff,0xf0,0x0f,0xff,0xff,0xf0,0x0f,0xff,0xff,0xf0,0x0f,0xff,0xff,
  0xf0,0x0f,0xff,0xff,0xf0,0x0f,0xe0,0x00,0x00,0x0f,0xe0,0x00,0x00,0x0f,0xe0,0x00,0x00,0x0f,0xe0,0x00,0x00,0x0f,0xe0,0x00,
  0x00,0x0f,0xe0,0x00,0x00,0x1f,0xe0,0x00,0x00,0x1f,0xc1,0xf8,0x00,0x1f,0xcf,0xff,0x00,0x1f,0xdf,0xff,0x80,0x1f,0xff,0xff,
  0xc0,0x1f,0xff,0xff,0xe0,0x1f,0xff,0xff,0xf0,0x1f,0xf8,0x3f,0xf0,0x0f,0xe0,0x0f,0xf8,0x00,0x00,0x07,0xf8,0x00,0x00,0x07,
  0xf8,0x00,0x00,0x03,0xfc,0x00,0x00,0x03,0xfc,0x00,0x00,0x03,0xfc,0x00,0x00,0x03,0xfc,0x00,0x00,0x03,0xfc,0x3f,0xc0,0x07,
  0xf8,0x3f,0xc0,0x07,0xf8,0x3f,0xe0,0x0f,0xf8,0x1f,0xf0,0x1f,0xf0,0x1f,0xff,0xff,0xf0,0x0f,0xff,0xff,0xe0,0x07,0xff,0xff,
  0xc0,0x03,0xff,0xff,0x80,0x00,0xff,0xff,0x00,0x00,0x3f,0xf8,0x00,0x00,0x00,0x00,0x00,0x00,0x00,0x00,0x00,0x00,0x00,0x0f,
  0xfe,0x00,0x00,0x00,0x3f,0xff,0x80,0x00,0x00,0xff,0xff,0xc0,0x00,0x01,0xff,0xff,0xe0,0x00,0x03,0xff,0xff,0xf0,0x00,0x03,
  0xff,0xff,0xf8,0x00,0x07,0xff,0xff,0xf8,0x00,0x07,0xfc,0x07,0xfc,0x00,0x0f,0xf8,0x03,0xfc,0x00,0x0f,0xf0,0x03,0xfc,0x00,
  0x1f,0xe0,0x01,0xfc,0x00,0x1f,0xe0,0x00,0x00,0x00,0x1f,0xe0,0x00,0x00,0x00,0x1f,0xc0,0xfe,0x00,0x00,0x3f,0xc3,0xff,0x80,
  0x00,0x3f,0xcf,0xff,0xe0,0x00,0x3f,0xdf,0xff,0xf0,0x00,0x3f,0xdf,0xff,0xf8,0x00,0x3f,0xff,0xff,0xf8,0x00,0x3f,0xfe,0x1f,
  0xfc,0x00,0x3f,0xf8,0x07,0xfc,0x00,0x3f,0xf0,0x03,0xfe,0x00,0x3f,0xe0,0x03,0xfe,0x00,0x3f,0xe0,0x01,0xfe,0x00,0x3f,0xe0,
  0x01,0xfe,0x00,0x3f,0xe0,0x01,0xfe,0x00,0x1f,0xe0,0x01,0xfe,0x00,0x1f,0xe0,0x01,0xfe,0x00,0x1f,0xe0,0x01,0xfe,0x00,0x0f,
  0xf0,0x03,0xfc,0x00,0x0f,0xf0,0x07,0xfc,0x00,0x0f,0xfc,0x0f,0xfc,0x00,0x07,0xff,0xff,0xf8,0x00,0x03,0xff,0xff,0xf0,0x00,
  0x01,0xff,0xff,0xe0,0x00,0x00,0xff,0xff,0xc0,0x00,0x00,0x7f,0xff,0x80,0x00,0x00,0x1f,0xfe,0x00,0x00,0x00,0x00,0x00,0x00,
  0x00,0x3f,0xff,0xff,0xf0,0x3f,0xff,0xff,0xf0,0x3f,0xff,0xff,0xf0,0x3f,0xff,0xff,0xf0,0x3f,0xff,0xff,0xf0,0x3f,0xff,0xff,
  0xf0,0x00,0x00,0x0f,0xf0,0x00,0x00,0x1f,0xe0,0x00,0x00,0x1f,0xe0,0x00,0x00,0x3f,0xc0,0x00,0x00,0x3f,0xc0,0x00,0x00,0x7f,
  0x80,0x00,0x00,0x7f,0x80,0x00,0x00,0xff,0x00,0x00,0x00,0xff,0x00,0x00,0x01,0xfe,0x00,0x00,0x01,0xfe,0x00,0x00,0x03,0xfc,
  0x00,0x00,0x03,0xfc,0x00,0x00,0x03,0xf8,0x00,0x00,0x07,0xf8,0x00,0x00,0x07,0xf0,0x00,0x00,0x0f,0xf0,0x00,0x00,0x0f,0xf0,
  0x00,0x00,0x1f,0xe0,0x00,0x00,0x1f,0xe0,0x00,0x00,0x3f,0xc0,0x00,0x00,0x3f,0xc0,0x00,0x00,0x7f,0x80,0x00,0x00,0x7f,0x80,
  0x00,0x00,0xff,0x00,0x00,0x00,0xff,0x00,0x00,0x01,0xfe,0x00,0x00,0x01,0xfe,0x00,0x00,0x03,0xfc,0x00,0x00,0x03,0xfc,0x00,
  0x00,0x07,0xf8,0x00,0x00,0x07,0xf8,0x00,0x00,0x00,0x00,0x00,0x00,0x00,0x00,0x3f,0xfc,0x00,0x00,0x00,0xff,0xff,0x80,0x00,
  0x01,0xff,0xff,0xc0,0x00,0x03,0xff,0xff,0xe0,0x00,0x07,0xff,0xff,0xf0,0x00,0x0f,0xff,0xff,0xf8,0x00,0x0f,0xf8,0x0f,0xf8,
  0x00,0x1f,0xf0,0x07,0xfc,0x00,0x1f,0xe0,0x03,0xfc,0x00,0x1f,0xe0,0x03,0xfc,0x00,0x1f,0xe0,0x03,0xfc,0x00,0x0f,0xe0,0x03,
  0xf8,0x00,0x0f,0xf0,0x07,0xf8,0x00,0x0f,0xf0,0x07,0xf8,0x00,0x07,0xfc,0x1f,0xf0,0x00,0x03,0xff,0xff,0xe0,0x00,0x01,0xff,
  0xff,0xc0,0x00,0x00,0x7f,0xff,0x00,0x00,0x00,0xff,0xff,0x80,0x00,0x03,0xff,0xff,0xe0,0x00,0x07,0xff,0xff,0xf0,0x00,0x0f,
  0xfc,0x1f,0xf8,0x00,0x1f,0xf0,0x07,0xfc,0x00,0x1f,0xe0,0x03,0xfc,0x00,0x3f,0xc0,0x01,0xfe,0x00,0x3f,0xc0,0x01,0xfe,0x00,
  0x3f,0xc0,0x01,0xfe,0x00,0x3f,0xc0,0x01,0xfe,0x00,0x3f,0xc0,0x01,0xfe,0x00,0x3f,0xc0,0x01,0xfe,0x00,0x3f,0xe0,0x03,0xfc,
  0x00,0x1f,0xf8,0x0f,0xfc,0x00,0x1f,0xff,0xff,0xfc,0x00,0x0f,0xff,0xff,0xf8,0x00,0x07,0xff,0xff,0xf0,0x00,0x03,0xff,0xff,
  0xe0,0x00,0x00,0xff,0xff,0x80,0x00,0x00,0x3f,0xfe,0x00,0x00,0x00,0x00,0x00,0x00,0x00,0x00,0x00,0x00,0x00,0x00,0x00,0x3f,
  0xfc,0x00,0x00,0x00,0xff,0xff,0x00,0x00,0x01,0xff,0xff,0x80,0x00,0x03,0xff,0xff,0xc0,0x00,0x07,0xff,0xff,0xe0,0x00,0x0f,
  0xff,0xff,0xf0,0x00,0x1f,0xf8,0x1f,0xf0,0x00,0x1f,0xf0,0x07,0xf8,0x00,0x1f,0xe0,0x07,0xf8,0x00,0x3f,0xc0,0x03,0xfc,0x00,
  0x3f,0xc0,0x03,0xfc,0x00,0x3f,0xc0,0x03,0xfc,0x00,0x3f,0xc0,0x03,0xfe,0x00,0x3f,0xc0,0x03,0xfe,0x00,0x3f,0xc0,0x03,0xfe,
  0x00,0x3f,0xe0,0x03,0xfe,0x00,0x3f,0xe0,0x07,0xfe,0x00,0x1f,0xf0,0x0f,0xfe,0x00,0x1f,0xfc,0x3f,0xfe,0x00,0x0f,0xff,0xff,
  0xfe,0x00,0x0f,0xff,0xfd,0xfe,0x00,0x07,0xff,0xfd,0xfe,0x00,0x03,0xff,0xf9,0xfe,0x00,0x00,0xff,0xe1,0xfe,0x00,0x00,0x3f,
  0x81,0xfc,0x00,0x00,0x00,0x03,0xfc,0x00,0x00,0x00,0x03,0xfc,0x00,0x1f,0xc0,0x03,0xfc,0x00,0x1f,0xe0,0x07,0xf8,0x00,0x1f,
  0xe0,0x0f,0xf8,0x00,0x1f,0xf0,0x1f,0xf0,0x00,0x0f,0xff,0xff,0xf0,0x00,0x0f,0xff,0xff,0xe0,0x00,0x07,0xff,0xff,0xc0,0x00,
  0x03,0xff,0xff,0xc0,0x00,0x01,0xff,0xff,0x80,0x00,0x00,0xff,0xfe,0x00,0x00,0x00,0x3f,0xf8,0x00,0x00,0x00,0x00,0x00,0x00,
  0x00,0x03,0xe0,0x00,0x07,0xf0,0x00,0x0f,0xf8,0x00,0x0f,0xf8,0x00,0x0f,0xf8,0x00,0x0f,0xf8,0x00,0x0f,0xf8,0x00,0x07,0xf0,
  0x00,0x03,0xe0,0x00,0x00,0x00,0x00,0x00,0x00,0x00,0x00,0x00,0x00,0x00,0x00,0x00,0x00,0x00,0x00,0x00,0x00,0x00,0x00,0x00,
  0x00,0x00,0x00,0x00,0x00,0x00,0x00,0x00,0x00,0x00,0x03,0xe0,0x00,0x07,0xf0,0x00,0x0f,0xf8,0x00,0x0f,0xf8,0x00,0x0f,0xf8,
  0x00,0x0f,0xf8,0x00,0x07,0xf0,0x00,0x03,0xe0,0x00,0x00,0x00,0x00,0x01,0xf0,0x00,0x03,0xf8,0x00,0x07,0xfc,0x00,0x07,0xfc,
  0x00,0x07,0xfc,0x00,0x07,0xfc,0x00,0x07,0xfc,0x00,0x03,0xf8,0x00,0x01,0xf0,0x00,0x00,0x00,0x00,0x00,0x00,0x00,0x00,0x00,
  0x00,0x00,0x00,0x00,0x00,0x00,0x00,0x00,0x00,0x00,0x00,0x00,0x00,0x00,0x00,0x00,0x00,0x00,0x00,0x00,0x00,0x00,0x00,0x00,
  0x00,0x00,0x00,0x00,0x00,0x00,0x00,0x07,0xf8,0x00,0x07,0xf8,0x00,0x07,0xf8,0x00,0x07,0xf0,0x00,0x07,0xf0,0x00,0x07,0xf0,
  0x00,0x07,0xe0,0x00,0x0f,0xe0,0x00,0x0f,0xe0,0x00,0x0f,0xc0,0x00,0x0f,0xc0,0x00,0x0f,0xc0,0x00,0x0f,0xc0,0x00,0x0f,0x80,
  0x00,0x1f,0x80,0x00,0x1f,0x80,0x00,0x00,0x00,0x00,0x00,0x00,0x00,0x00,0x00,0x04,0x00,0x00,0x00,0x00,0x1c,0x00,0x00,0x00,
  0x00,0xfc,0x00,0x00,0x00,0x03,0xfc,0x00,0x00,0x00,0x0f,0xfc,0x00,0x00,0x00,0x3f,0xfc,0x00,0x00,0x01,0xff,0xfc,0x00,0x00,
  0x07,0xff,0xfc,0x00,0x00,0x1f,0xff,0xe0,0x00,0x00,0x7f,0xff,0x80,0x00,0x03,0xff,0xfc,0x00,0x00,0x0f,0xff,0xf0,0x00,0x00,
  0x0f,0xff,0x80,0x00,0x00,0x0f,0xfe,0x00,0x00,0x00,0x0f,0xf8,0x00,0x00,0x00,0x0f,0xfc,0x00,0x00,0x00,0x0f,0xff,0x00,0x00,
  0x00,0x0f,0xff,0xe0,0x00,0x00,0x07,0xff,0xf8,0x00,0x00,0x01,0xff,0xfe,0x00,0x00,0x00,0x3f,0xff,0xc0,0x00,0x00,0x0f,0xff,
  0xf0,0x00,0x00,0x03,0xff,0xfc,0x00,0x00,0x00,0xff,0xfc,0x00,0x00,0x00,0x1f,0xfc,0x00,0x00,0x00,0x07,0xfc,0x00,0x00,0x00,
  0x01,0xfc,0x00,0x00,0x00,0x00,0x7c,0x00,0x00,0x00,0x00,0x0c,0x00,0x00,0x00,0x00,0x00,0x00,0x00,0x00,0x00,0x00,0x00,0x07,
  0xff,0xff,0xfc,0x00,0x07,0xff,0xff,0xfc,0x00,0x07,0xff,0xff,0xfc,0x00,0x07,0xff,0xff,0xfc,0x00,0x07,0xff,0xff,0xfc,0x00,
  0x07,0xff,0xff,0xfc,0x00,0x00,0x00,0x00,0x00,0x00,0x00,0x00,0x00,0x00,0x00,0x00,0x00,0x00,0x00,0x00,0x00,0x00,0x00,0x00,
  0x00,0x00,0x00,0x00,0x00,0x00,0x00,0x00,0x00,0x00,0x00,0x07,0xff,0xff,0xfc,0x00,0x07,0xff,0xff,0xfc,0x00,0x07,0xff,0xff,
  0xfc,0x00,0x07,0xff,0xff,0xfc,0x00,0x07,0xff,0xff,0xfc,0x00,0x07,0xff,0xff,0xfc,0x00,0x00,0x00,0x00,0x00,0x00,0x00,0x00,
  0x00,0x00,0x00,0x00,0x00,0x00,0x00,0x00,0x00,0x00,0x00,0x00,0x00,0x00,0x00,0x00,0x00,0x00,0x00,0x00,0x00,0x00,0x00,0x00,
  0x00,0x00,0x00,0x00,0x04,0x00,0x00,0x00,0x00,0x07,0x00,0x00,0x00,0x00,0x07,0xe0,0x00,0x00,0x00,0x07,0xf8,0x00,0x00,0x00,
  0x07,0xfe,0x00,0x00,0x00,0x07,0xff,0x80,0x00,0x00,0x07,0xff,0xf0,0x00,0x00,0x07,0xff,0xfc,0x00,0x00,0x00,0xff,0xff,0x00,
  0x00,0x00,0x3f,0xff,0xc0,0x00,0x00,0x07,0xff,0xf8,0x00,0x00,0x01,0xff,0xfe,0x00,0x00,0x00,0x3f,0xfe,0x00,0x00,0x00,0x0f,
  0xfe,0x00,0x00,0x00,0x03,0xfe,0x00,0x00,0x00,0x07,0xfe,0x00,0x00,0x00,0x1f,0xfe,0x00,0x00,0x00,0xff,0xfe,0x00,0x00,0x03,
  0xff,0xfc,0x00,0x00,0x0f,0xff,0xf0,0x00,0x00,0x7f,0xff,0x80,0x00,0x01,0xff,0xfe,0x00,0x00,0x07,0xff,0xf8,0x00,0x00,0x07,
  0xff,0xe0,0x00,0x00,0x07,0xff,0x00,0x00,0x00,0x07,0xfc,0x00,0x00,0x00,0x07,0xf0,0x00,0x00,0x00,0x07,0xc0,0x00,0x00,0x00,
  0x06,0x00,0x00,0x00,0x00,0x00,0x00,0x00,0x00,0x00,0x00,0x00,0x00,0x00,0x00,0x7f,0xf0,0x00,0x01,0xff,0xfc,0x00,0x07,0xff,
  0xff,0x00,0x0f,0xff,0xff,0x80,0x0f,0xff,0xff,0x80,0x1f,0xff,0xff,0xc0,0x1f,0xf0,0x7f,0xc0,0x3f,0xe0,0x3f,0xe0,0x3f,0xc0,
  0x1f,0xe0,0x3f,0xc0,0x1f,0xe0,0x00,0x00,0x1f,0xe0,0x00,0x00,0x1f,0xe0,0x00,0x00,0x3f,0xc0,0x00,0x00,0x7f,0xc0,0x00,0x00,
  0xff,0xc0,0x00,0x01,0xff,0x80,0x00,0x07,0xff,0x00,0x00,0x0f,0xfe,0x00,0x00,0x1f,0xf8,0x00,0x00,0x1f,0xf0,0x00,0x00,0x1f,
  0xe0,0x00,0x00,0x3f,0xc0,0x00,0x00,0x3f,0x80,0x00,0x00,0x3f,0x80,0x00,0x00,0x3f,0x80,0x00,0x00,0x3f,0x80,0x00,0x00,0x00,
  0x00,0x00,0x00,0x00,0x00,0x00,0x00,0x00,0x00,0x00,0x00,0x00,0x00,0x00,0x00,0x1f,0x00,0x00,0x00,0x3f,0x80,0x00,0x00,0x7f,
  0xc0,0x00,0x00,0x7f,0xc0,0x00,0x00,0x7f,0xc0,0x00,0x00,0x7f,0xc0,0x00,0x00,0x3f,0x80,0x00,0x00,0x1f,0x00,0x00,0x00,0x00,
  0x00,0x00,0x00,0x00,0x07,0xff,0x00,0x00,0x00,0x00,0x00,0x7f,0xff,0xf0,0x00,0x00,0x00,0x03,0xff,0xff,0xfc,0x00,0x00,0x00,
  0x0f,0xff,0xff,0xff,0x00,0x00,0x00,0x1f,0xff,0xff,0xff,0xc0,0x00,0x00,0x3f,0xff,0xff,0xff,0xe0,0x00,0x00,0x7f,0xfc,0x01,
  0xff,0xf0,0x00,0x00,0xff,0xc0,0x00,0x1f,0xf8,0x00,0x01,0xff,0x00,0x00,0x07,0xfc,0x00,0x03,0xfe,0x00,0x00,0x03,0xfc,0x00,
  0x03,0xf8,0x00,0x00,0x00,0xfe,0x00,0x07,0xf0,0x00,0x00,0x00,0xff,0x00,0x0f,0xe0,0x03,0xf0,0x00,0x7f,0x00,0x0f,0xe0,0x1f,
  0xfc,0xfc,0x3f,0x00,0x0f,0xc0,0x3f,0xff,0xfc,0x3f,0x80,0x1f,0xc0,0x7f,0xff,0xfc,0x1f,0x80,0x1f,0x80,0xff,0xff,0xfc,0x1f,
  0x80,0x1f,0x80,0xff,0xff,0xfc,0x1f,0xc0,0x1f,0x81,0xfe,0x07,0xfc,0x0f,0xc0,0x3f,0x01,0xfc,0x03,0xfc,0x0f,0xc0,0x3f,0x03,
  0xf8,0x01,0xfc,0x0f,0xc0,0x3f,0x03,0xf8,0x00,0xfc,0x0f,0xc0,0x3f,0x03,0xf0,0x00,0xfc,0x0f,0xc0,0x3f,0x03,0xf0,0x00,0xfc,
  0x0f,0xc0,0x3f,0x03,0xf0,0x00,0xfc,0x0f,0xc0,0x3f,0x03,0xf0,0x00,0xfc,0x0f,0xc0,0x3f,0x03,0xf0,0x00,0xfc,0x0f,0xc0,0x3f,
  0x03,0xf8,0x01,0xfc,0x0f,0x80,0x3f,0x03,0xf8,0x01,0xfc,0x1f,0x80,0x3f,0x01,0xfc,0x03,0xfc,0x1f,0x80,0x3f,0x81,0xff,0x0f,
  0xfc,0x1f,0x80,0x1f,0x80,0xff,0xff,0xfe,0x3f,0x00,0x1f,0x80,0xff,0xff,0xff,0xff,0x00,0x1f,0xc0,0x7f,0xff,0x7f,0xfe,0x00,
  0x1f,0xc0,0x3f,0xff,0x3f,0xfc,0x00,0x0f,0xe0,0x1f,0xfe,0x1f,0xf8,0x00,0x0f,0xe0,0x03,0xf8,0x07,0xe0,0x00,0x07,0xf0,0x00,
  0x00,0x00,0x00,0x00,0x07,0xf8,0x00,0x00,0x00,0x00,0x00,0x03,0xfe,0x00,0x00,0x00,0x00,0x00,0x01,0xff,0x00,0x00,0x00,0x00,
  0x00,0x01,0xff,0xc0,0x00,0x0c,0x00,0x00,0x00,0xff,0xfc,0x00,0xfc,0x00,0x00,0x00,0x3f,0xff,0xff,0xfe,0x00,0x00,0x00,0x1f,
  0xff,0xff,0xfe,0x00,0x00,0x00,0x0f,0xff,0xff,0xfe,0x00,0x00,0x00,0x03,0xff,0xff,0xfe,0x00,0x00,0x00,0x00,0x7f,0xff,0xf8,
  0x00,0x00,0x00,0x00,0x07,0xff,0x80,0x00,0x00,0x00,0x03,0xff,0x80,0x00,0x00,0x03,0xff,0x80,0x00,0x00,0x07,0xff,0x80,0x00,
  0x00,0x07,0xff,0xc0,0x00,0x00,0x07,0xff,0xc0,0x00,0x00,0x0f,0xff,0xc0,0x00,0x00,0x0f,0xff,0xe0,0x00,0x00,0x0f,0xef,0xe0,
  0x00,0x00,0x1f,0xef,0xe0,0x00,0x00,0x1f,0xcf,0xf0,0x00,0x00,0x1f,0xcf,0xf0,0x00,0x00,0x3f,0xc7,0xf0,0x00,0x00,0x3f,0xc7,
  0xf8,0x00,0x00,0x3f,0x87,0xf8,0x00,0x00,0x7f,0x87,0xf8,0x00,0x00,0x7f,0x83,0xfc,0x00,0x00,0x7f,0x83,0xfc,0x00,0x00,0xff,
  0x03,0xfc,0x00,0x00,0xff,0x01,0xfe,0x00,0x00,0xff,0x01,0xfe,0x00,0x01,0xfe,0x01,0xfe,0x00,0x01,0xfe,0x00,0xff,0x00,0x01,
  0xfe,0x00,0xff,0x00,0x03,0xff,0xff,0xff,0x80,0x03,0xff,0xff,0xff,0x80,0x07,0xff,0xff,0xff,0x80,0x07,0xff,0xff,0xff,0xc0,
  0x07,0xff,0xff,0xff,0xc0,0x0f,0xff,0xff,0xff,0xc0,0x0f,0xf0,0x00,0x3f,0xe0,0x0f,0xf0,0x00,0x1f,0xe0,0x1f,0xf0,0x00,0x1f,
  0xe0,0x1f,0xf0,0x00,0x1f,0xf0,0x1f,0xe0,0x00,0x1f,0xf0,0x3f,0xe0,0x00,0x0f,0xf0,0x3f,0xe0,0x00,0x0f,0xf8,0x3f,0xc0,0x00,
  0x0f,0xf8,0x7f,0xc0,0x00,0x07,0xf8,0x1f,0xff,0xfe,0x00,0x00,0x1f,0xff,0xff,0xc0,0x00,0x1f,0xff,0xff,0xe0,0x00,0x1f,0xff,
  0xff,0xf0,0x00,0x1f,0xff,0xff,0xf8,0x00,0x1f,0xff,0xff,0xfc,0x00,0x1f,0xe0,0x0f,0xfc,0x00,0x1f,0xe0,0x03,0xfc,0x00,0x1f,
  0xe0,0x03,0xfe,0x00,0x1f,0xe0,0x01,0xfe,0x00,0x1f,0xe0,0x01,0xfe,0x00,0x1f,0xe0,0x01,0xfe,0x00,0x1f,0xe0,0x01,0xfc,0x00,
  0x1f,0xe0,0x03,0xfc,0x00,0x1f,0xe0,0x07,0xf8,0x00,0x1f,0xe0,0x0f,0xf0,0x00,0x1f,0xff,0xff,0xe0,0x00,0x1f,0xff,0xff,0x80,
  0x00,0x1f,0xff,0xff,0x80,0x00,0x1f,0xff,0xff,0xf0,0x00,0x1f,0xff,0xff,0xf8,0x00,0x1f,0xe0,0x0f,0xfc,0x00,0x1f,0xe0,0x03,
  0xfe,0x00,0x1f,0xe0,0x01,0xfe,0x00,0x1f,0xe0,0x00,0xfe,0x00,0x1f,0xe0,0x00,0xff,0x00,0x1f,0xe0,0x00,0xff,0x00,0x1f,0xe0,
  0x00,0xff,0x00,0x1f,0xe0,0x00,0xff,0x00,0x1f,0xe0,0x01,0xff,0x00,0x1f,0xe0,0x03,0xfe,0x00,0x1f,0xe0,0x07,0xfe,0x00,0x1f,
  0xff,0xff,0xfc,0x00,0x1f,0xff,0xff,0xfc,0x00,0x1f,0xff,0xff,0xf8,0x00,0x1f,0xff,0xff,0xf0,0x00,0x1f,0xff,0xff,0xc0,0x00,
  0x1f,0xff,0xfe,0x00,0x00,0x00,0x00,0x00,0x00,0x00,0x00,0x03,0xff,0xc0,0x00,0x00,0x1f,0xff,0xf0,0x00,0x00,0x3f,0xff,0xfc,
  0x00,0x00,0xff,0xff,0xfe,0x00,0x01,0xff,0xff,0xff,0x00,0x03,0xff,0xff,0xff,0x80,0x03,0xff,0xff,0xff,0x80,0x07,0xfe,0x00,
  0xff,0xc0,0x0f,0xfc,0x00,0x7f,0xc0,0x0f,0xf8,0x00,0x3f,0xe0,0x1f,0xf0,0x00,0x1f,0xe0,0x1f,0xe0,0x00,0x1f,0xe0,0x1f,0xe0,
  0x00,0x0f,0xf0,0x1f,0xe0,0x00,0x00,0x00,0x3f,0xc0,0x00,0x00,0x00,0x3f,0xc0,0x00,0x00,0x00,0x3f,0xc0,0x00,0x00,0x00,0x3f,
  0xc0,0x00,0x00,0x00,0x3f,0xc0,0x00,0x00,0x00,0x3f,0xc0,0x00,0x00,0x00,0x3f,0xc0,0x00,0x00,0x00,0x3f,0xc0,0x00,0x00,0x00,
  0x3f,0xc0,0x00,0x00,0x00,0x3f,0xc0,0x00,0x00,0x00,0x1f,0xc0,0x00,0x00,0x00,0x1f,0xe0,0x00,0x0f,0xf0,0x1f,0xe0,0x00,0x1f,
  0xe0,0x1f,0xf0,0x00,0x1f,0xe0,0x0f,0xf8,0x00,0x3f,0xe0,0x0f,0xfc,0x00,0x7f,0xc0,0x07,0xfe,0x00,0xff,0xc0,0x07,0xff,0xff,
  0xff,0x80,0x03,0xff,0xff,0xff,0x80,0x01,0xff,0xff,0xff,0x00,0x00,0xff,0xff,0xfe,0x00,0x00,0x7f,0xff,0xf8,0x00,0x00,0x1f,
  0xff,0xf0,0x00,0x00,0x07,0xff,0xc0,0x00,0x00,0x00,0x00,0x00,0x00,0x1f,0xff,0xf8,0x00,0x00,0x1f,0xff,0xff,0x80,0x00,0x1f,
  0xff,0xff,0xe0,0x00,0x1f,0xff,0xff,0xf0,0x00,0x1f,0xff,0xff,0xf8,0x00,0x1f,0xff,0xff,0xfc,0x00,0x1f,0xff,0xff,0xfe,0x00,
  0x1f,0xe0,0x0f,0xff,0x00,0x1f,0xe0,0x03,0xff,0x00,0x1f,0xe0,0x00,0xff,0x80,0x1f,0xe0,0x00,0x7f,0x80,0x1f,0xe0,0x00,0x7f,
  0xc0,0x1f,0xe0,0x00,0x3f,0xc0,0x1f,0xe0,0x00,0x3f,0xc0,0x1f,0xe0,0x00,0x1f,0xc0,0x1f,0xe0,0x00,0x1f,0xe0,0x1f,0xe0,0x00,
  0x1f,0xe0,0x1f,0xe0,0x00,0x1f,0xe0,0x1f,0xe0,0x00,0x1f,0xe0,0x1f,0xe0,0x00,0x1f,0xe0,0x1f,0xe0,0x00,0x1f,0xe0,0x1f,0xe0,
  0x00,0x1f,0xe0,0x1f,0xe0,0x00,0x1f,0xe0,0x1f,0xe0,0x00,0x1f,0xc0,0x1f,0xe0,0x00,0x3f,0xc0,0x1f,0xe0,0x00,0x3f,0xc0,0x1f,
  0xe0,0x00,0x7f,0xc0,0x1f,0xe0,0x00,0x7f,0x80,0x1f,0xe0,0x00,0xff,0x80,0x1f,0xe0,0x03,0xff,0x00,0x1f,0xe0,0x0f,0xff,0x00,
  0x1f,0xff,0xff,0xfe,0x00,0x1f,0xff,0xff,0xfc,0x00,0x1f,0xff,0xff,0xf8,0x00,0x1f,0xff,0xff,0xf0,0x00,0x1f,0xff,0xff,0xe0,
  0x00,0x1f,0xff,0xff,0x80,0x00,0x1f,0xff,0xf8,0x00,0x00,0x1f,0xff,0xff,0xf8,0x1f,0xff,0xff,0xf8,0x1f,0xff,0xff,0xf8,0x1f,
  0xff,0xff,0xf8,0x1f,0xff,0xff,0xf8,0x1f,0xff,0xff,0xf8,0x1f,0xe0,0x00,0x00,0x1f,0xe0,0x00,0x00,0x1f,0xe0,0x00,0x00,0x1f,
  0xe0,0x00,0x00,0x1f,0xe0,0x00,0x00,0x1f,0xe0,0x00,0x00,0x1f,0xe0,0x00,0x00,0x1f,0xe0,0x00,0x00,0x1f,0xe0,0x00,0x00,0x1f,
  0xe0,0x00,0x00,0x1f,0xff,0xff,0xe0,0x1f,0xff,0xff,0xe0,0x1f,0xff,0xff,0xe0,0x1f,0xff,0xff,0xe0,0x1f,0xff,0xff,0xe0,0x1f,
  0xff,0xff,0xe0,0x1f,0xe0,0x00,0x00,0x1f,0xe0,0x00,0x00,0x1f,0xe0,0x00,0x00,0x1f,0xe0,0x00,0x00,0x1f,0xe0,0x00,0x00,0x1f,
  0xe0,0x00,0x00,0x1f,0xe0,0x00,0x00,0x1f,0xe0,0x00,0x00,0x1f,0xe0,0x00,0x00,0x1f,0xe0,0x00,0x00,0x1f,0xff,0xff,0xf8,0x1f,
  0xff,0xff,0xf8,0x1f,0xff,0xff,0xf8,0x1f,0xff,0xff,0xf8,0x1f,0xff,0xff,0xf8,0x1f,0xff,0xff,0xf8,0x1f,0xff,0xff,0xf0,0x1f,
  0xff,0xff,0xf0,0x1f,0xff,0xff,0xf0,0x1f,0xff,0xff,0xf0,0x1f,0xff,0xff,0xf0,0x1f,0xff,0xff,0xf0,0x1f,0xe0,0x00,0x00,0x1f,
  0xe0,0x00,0x00,0x1f,0xe0,0x00,0x00,0x1f,0xe0,0x00,0x00,0x1f,0xe0,0x00,0x00,0x1f,0xe0,0x00,0x00,0x1f,0xe0,0x00,0x00,0x1f,
  0xe0,0x00,0x00,0x1f,0xe0,0x00,0x00,0x1f,0xe0,0x00,0x00,0x1f,0xe0,0x00,0x00,0x1f,0xff,0xff,0xc0,0x1f,0xff,0xff,0xc0,0x1f,
  0xff,0xff,0xc0,0x1f,0xff,0xff,0xc0,0x1f,0xff,0xff,0xc0,0x1f,0xff,0xff,0xc0,0x1f,0xe0,0x00,0x00,0x1f,0xe0,0x00,0x00,0x1f,
  0xe0,0x00,0x00,0x1f,0xe0,0x00,0x00,0x1f,0xe0,0x00,0x00,0x1f,0xe0,0x00,0x00,0x1f,0xe0,0x00,0x00,0x1f,0xe0,0x00,0x00,0x1f,
  0xe0,0x00,0x00,0x1f,0xe0,0x00,0x00,0x1f,0xe0,0x00,0x00,0x1f,0xe0,0x00,0x00,0x1f,0xe0,0x00,0x00,0x1f,0xe0,0x00,0x00,0x1f,
  0xe0,0x00,0x00,0x00,0x00,0x00,0x00,0x00,0x00,0x03,0xff,0xc0,0x00,0x00,0x1f,0xff,0xf0,0x00,0x00,0x3f,0xff,0xf8,0x00,0x00,
  0xff,0xff,0xfe,0x00,0x01,0xff,0xff,0xff,0x00,0x03,0xff,0xff,0xff,0x80,0x03,0xff,0xff,0xff,0x80,0x07,0xfe,0x00,0xff,0xc0,
  0x0f,0xfc,0x00,0x7f,0xc0,0x0f,0xf8,0x00,0x3f,0xe0,0x1f,0xf0,0x00,0x1f,0xe0,0x1f,0xe0,0x00,0x1f,0xe0,0x1f,0xe0,0x00,0x00,
  0x00,0x1f,0xe0,0x00,0x00,0x00,0x3f,0xc0,0x00,0x00,0x00,0x3f,0xc0,0x00,0x00,0x00,0x3f,0xc0,0x00,0x00,0x00,0x3f,0xc0,0x00,
  0x00,0x00,0x3f,0xc0,0x0f,0xff,0xf0,0x3f,0xc0,0x0f,0xff,0xf0,0x3f,0xc0,0x0f,0xff,0xf0,0x3f,0xc0,0x0f,0xff,0xf0,0x3f,0xc0,
  0x0f,0xff,0xf0,0x3f,0xc0,0x0f,0xff,0xf0,0x1f,0xe0,0x00,0x0f,0xf0,0x1f,0xe0,0x00,0x0f,0xf0,0x1f,0xe0,0x00,0x0f,0xf0,0x1f,
  0xf0,0x00,0x1f,0xe0,0x0f,0xf8,0x00,0x1f,0xe0,0x0f,0xfc,0x00,0x3f,0xe0,0x07,0xfe,0x00,0xff,0xc0,0x03,0xff,0xff,0xff,0xc0,
  0x03,0xff,0xff,0xff,0x80,0x01,0xff,0xff,0xff,0x00,0x00,0xff,0xff,0xfe,0x00,0x00,0x3f,0xff,0xfc,0x00,0x00,0x1f,0xff,0xf0,
  0x00,0x00,0x03,0xff,0xc0,0x00,0x00,0x00,0x00,0x00,0x00,0x1f,0xe0,0x00,0x1f,0xe0,0x1f,0xe0,0x00,0x1f,0xe0,0x1f,0xe0,0x00,
  0x1f,0xe0,0x1f,0xe0,0x00,0x1f,0xe0,0x1f,0xe0,0x00,0x1f,0xe0,0x1f,0xe0,0x00,0x1f,0xe0,0x1f,0xe0,0x00,0x1f,0xe0,0x1f,0xe0,
  0x00,0x1f,0xe0,0x1f,0xe0,0x00,0x1f,0xe0,0x1f,0xe0,0x00,0x1f,0xe0,0x1f,0xe0,0x00,0x1f,0xe0,0x1f,0xe0,0x00,0x1f,0xe0,0x1f,
  0xe0,0x00,0x1f,0xe0,0x1f,0xe0,0x00,0x1f,0xe0,0x1f,0xe0,0x00,0x1f,0xe0,0x1f,0xff,0xff,0xff,0xe0,0x1f,0xff,0xff,0xff,0xe0,
  0x1f,0xff,0xff,0xff,0xe0,0x1f,0xff,0xff,0xff,0xe0,0x1f,0xff,0xff,0xff,0xe0,0x1f,0xff,0xff,0xff,0xe0,0x1f,0xe0,0x00,0x1f,
  0xe0,0x1f,0xe0,0x00,0x1f,0xe0,0x1f,0xe0,0x00,0x1f,0xe0,0x1f,0xe0,0x00,0x1f,0xe0,0x1f,0xe0,0x00,0x1f,0xe0,0x1f,0xe0,0x00,
  0x1f,0xe0,0x1f,0xe0,0x00,0x1f,0xe0,0x1f,0xe0,0x00,0x1f,0xe0,0x1f,0xe0,0x00,0x1f,0xe0,0x1f,0xe0,0x00,0x1f,0xe0,0x1f,0xe0,
  0x00,0x1f,0xe0,0x1f,0xe0,0x00,0x1f,0xe0,0x1f,0xe0,0x00,0x1f,0xe0,0x1f,0xe0,0x00,0x1f,0xe0,0x1f,0xe0,0x00,0x1f,0xe0,0x1f,
  0xe0,0x00,0x1f,0xe0,0x1f,0xe0,0x00,0x1f,0xe0,0x1f,0xe0,0x1f,0xe0,0x1f,0xe0,0x1f,0xe0,0x1f,0xe0,0x1f,0xe0,0x1f,0xe0,0x1f,
  0xe0,0x1f,0xe0,0x1f,0xe0,0x1f,0xe0,0x1f,0xe0,0x1f,0xe0,0x1f,0xe0,0x1f,0xe0,0x1f,0xe0,0x1f,0xe0,0x1f,0xe0,0x1f,0xe0,0x1f,
  0xe0,0x1f,0xe0,0x1f,0xe0,0x1f,0xe0,0x1f,0xe0,0x1f,0xe0,0x1f,0xe0,0x1f,0xe0,0x1f,0xe0,0x1f,0xe0,0x1f,0xe0,0x1f,0xe0,0x1f,
  0xe0,0x1f,0xe0,0x1f,0xe0,0x1f,0xe0,0x1f,0xe0,0x1f,0xe0,0x1f,0xe0,0x00,0x00,0x1f,0xe0,0x00,0x00,0x1f,0xe0,0x00,0x00,0x1f,
  0xe0,0x00,0x00,0x1f,0xe0,0x00,0x00,0x1f,0xe0,0x00,0x00,0x1f,0xe0,0x00,0x00,0x1f,0xe0,0x00,0x00,0x1f,0xe0,0x00,0x00,0x1f,
  0xe0,0x00,0x00,0x1f,0xe0,0x00,0x00,0x1f,0xe0,0x00,0x00,0x1f,0xe0,0x00,0x00,0x1f,0xe0,0x00,0x00,0x1f,0xe0,0x00,0x00,0x1f,
  0xe0,0x00,0x00,0x1f,0xe0,0x00,0x00,0x1f,0xe0,0x00,0x00,0x1f,0xe0,0x00,0x00,0x1f,0xe0,0x00,0x00,0x1f,0xe0,0x00,0x00,0x1f,
  0xe0,0x00,0x00,0x1f,0xe0,0x00,0x00,0x1f,0xe0,0x00,0x00,0x1f,0xe0,0x00,0x00,0x1f,0xe0,0x3f,0xc0,0x1f,0xe0,0x3f,0xc0,0x1f,
  0xe0,0x3f,0xc0,0x1f,0xe0,0x3f,0xc0,0x1f,0xe0,0x3f,0xc0,0x1f,0xe0,0x1f,0xe0,0x3f,0xc0,0x1f,0xf0,0x7f,0xc0,0x1f,0xff,0xff,
  0xc0,0x0f,0xff,0xff,0x80,0x07,0xff,0xff,0x00,0x07,0xff,0xff,0x00,0x01,0xff,0xfc,0x00,0x00,0x7f,0xf0,0x00,0x00,0x00,0x00,
  0x00,0x1f,0xe0,0x00,0x7f,0xe0,0x1f,0xe0,0x00,0x7f,0xc0,0x1f,0xe0,0x00,0xff,0x80,0x1f,0xe0,0x01,0xff,0x00,0x1f,0xe0,0x03,
  0xfe,0x00,0x1f,0xe0,0x07,0xfe,0x00,0x1f,0xe0,0x0f,0xfc,0x00,0x1f,0xe0,0x0f,0xf8,0x00,0x1f,0xe0,0x1f,0xf0,0x00,0x1f,0xe0,
  0x3f,0xe0,0x00,0x1f,0xe0,0x7f,0xc0,0x00,0x1f,0xe0,0xff,0x80,0x00,0x1f,0xe1,0xff,0x80,0x00,0x1f,0xe1,0xff,0x00,0x00,0x1f,
  0xe3,0xfe,0x00,0x00,0x1f,0xe7,0xfc,0x00,0x00,0x1f,0xef,0xf8,0x00,0x00,0x1f,0xef,0xfc,0x00,0x00,0x1f,0xff,0xfe,0x00,0x00,
  0x1f,0xff,0xfe,0x00,0x00,0x1f,0xff,0xff,0x00,0x00,0x1f,0xff,0xff,0x80,0x00,0x1f,0xfe,0xff,0x80,0x00,0x1f,0xfc,0x7f,0xc0,
  0x00,0x1f,0xf8,0x3f,0xe0,0x00,0x1f,0xf0,0x3f,0xe0,0x00,0x1f,0xe0,0x1f,0xf0,0x00,0x1f,0xe0,0x0f,0xf8,0x00,0x1f,0xe0,0x0f,
  0xf8,0x00,0x1f,0xe0,0x07,0xfc,0x00,0x1f,0xe0,0x03,0xfe,0x00,0x1f,0xe0,0x03,0xfe,0x00,0x1f,0xe0,0x01,0xff,0x00,0x1f,0xe0,
  0x00,0xff,0x80,0x1f,0xe0,0x00,0xff,0x80,0x1f,0xe0,0x00,0x7f,0xc0,0x1f,0xe0,0x00,0x3f,0xe0,0x1f,0xe0,0x00,0x3f,0xe0,0x1f,
  0xe0,0x00,0x00,0x1f,0xe0,0x00,0x00,0x1f,0xe0,0x00,0x00,0x1f,0xe0,0x00,0x00,0x1f,0xe0,0x00,0x00,0x1f,0xe0,0x00,0x00,0x1f,
  0xe0,0x00,0x00,0x1f,0xe0,0x00,0x00,0x1f,0xe0,0x00,0x00,0x1f,0xe0,0x00,0x00,0x1f,0xe0,0x00,0x00,0x1f,0xe0,0x00,0x00,0x1f,
  0xe0,0x00,0x00,0x1f,0xe0,0x00,0x00,0x1f,0xe0,0x00,0x00,0x1f,0xe0,0x00,0x00,0x1f,0xe0,0x00,0x00,0x1f,0xe0,0x00,0x00,0x1f,
  0xe0,0x00,0x00,0x1f,0xe0,0x00,0x00,0x1f,0xe0,0x00,0x00,0x1f,0xe0,0x00,0x00,0x1f,0xe0,0x00,0x00,0x1f,0xe0,0x00,0x00,0x1f,
  0xe0,0x00,0x00,0x1f,0xe0,0x00,0x00,0x1f,0xe0,0x00,0x00,0x1f,0xe0,0x00,0x00,0x1f,0xe0,0x00,0x00,0x1f,0xe0,0x00,0x00,0x1f,
  0xe0,0x00,0x00,0x1f,0xe0,0x00,0x00,0x1f,0xff,0xff,0xe0,0x1f,0xff,0xff,0xe0,0x1f,0xff,0xff,0xe0,0x1f,0xff,0xff,0xe0,0x1f,
  0xff,0xff,0xe0,0x1f,0xff,0xff,0xe0,0x1f,0xfe,0x00,0x00,0x7f,0xf8,0x1f,0xff,0x00,0x00,0xff,0xf8,0x1f,0xff,0x00,0x00,0xff,
  0xf8,0x1f,0xff,0x00,0x00,0xff,0xf8,0x1f,0xff,0x80,0x01,0xff,0xf8,0x1f,0xff,0x80,0x01,0xff,0xf8,0x1f,0xff,0x80,0x03,0xff,
  0xf8,0x1f,0xff,0xc0,0x03,0xff,0xf8,0x1f,0xff,0xc0,0x03,0xff,0xf8,0x1f,0xff,0xc0,0x07,0xf7,0xf8,0x1f,0xef,0xe0,0x07,0xf7,
  0xf8,0x1f,0xef,0xe0,0x07,0xf7,0xf8,0x1f,0xef,0xe0,0x0f,0xf7,0xf8,0x1f,0xef,0xf0,0x0f,0xe7,0xf8,0x1f,0xe7,0xf0,0x0f,0xe7,
  0xf8,0x1f,0xe7,0xf0,0x1f,0xe7,0xf8,0x1f,0xe7,0xf8,0x1f,0xc7,0xf8,0x1f,0xe3,0xf8,0x1f,0xc7,0xf8,0x1f,0xe3,0xf8,0x3f,0xc7,
  0xf8,0x1f,0xe3,0xfc,0x3f,0x87,0xf8,0x1f,0xe1,0xfc,0x3f,0x87,0xf8,0x1f,0xe1,0xfc,0x3f,0x87,0xf8,0x1f,0xe1,0xfc,0x7f,0x07,
  0xf8,0x1f,0xe0,0xfe,0x7f,0x07,0xf8,0x1f,0xe0,0xfe,0x7f,0x07,0xf8,0x1f,0xe0,0xfe,0x7e,0x07,0xf8,0x1f,0xe0,0x7e,0x7e,0x07,
  0xf8,0x1f,0xe0,0x7f,0xfe,0x07,0xf8,0x1f,0xe0,0x7f,0xfc,0x07,0xf8,0x1f,0xe0,0x3f,0xfc,0x07,0xf8,0x1f,0xe0,0x3f,0xfc,0x07,
  0xf8,0x1f,0xe0,0x3f,0xf8,0x07,0xf8,0x1f,0xe0,0x1f,0xf8,0x07,0xf8,0x1f,0xe0,0x1f,0xf8,0x07,0xf8,0x1f,0xe0,0x1f,0xf0,0x07,
  0xf8,0x1f,0xe0,0x0f,0xf0,0x07,0xf8,0x1f,0xe0,0x0f,0xf0,0x07,0xf8,0x1f,0xe0,0x07,0xe0,0x07,0xf8,0x1f,0xf0,0x00,0x0f,0xf0,
  0x1f,0xf8,0x00,0x0f,0xf0,0x1f,0xf8,0x00,0x0f,0xf0,0x1f,0xfc,0x00,0x0f,0xf0,0x1f,0xfc,0x00,0x0f,0xf0,0x1f,0xfe,0x00,0x0f,
  0xf0,0x1f,0xff,0x00,0x0f,0xf0,0x1f,0xff,0x00,0x0f,0xf0,0x1f,0xff,0x80,0x0f,0xf0,0x1f,0xff,0x80,0x0f,0xf0,0x1f,0xff,0xc0,
  0x0f,0xf0,0x1f,0xef,0xe0,0x0f,0xf0,0x1f,0xef,0xe0,0x0f,0xf0,0x1f,0xe7,0xf0,0x0f,0xf0,0x1f,0xe7,0xf8,0x0f,0xf0,0x1f,0xe3,
  0xf8,0x0f,0xf0,0x1f,0xe3,0xfc,0x0f,0xf0,0x1f,0xe1,0xfc,0x0f,0xf0,0x1f,0xe1,0xfe,0x0f,0xf0,0x1f,0xe0,0xff,0x0f,0xf0,0x1f,
  0xe0,0xff,0x0f,0xf0,0x1f,0xe0,0x7f,0x8f,0xf0,0x1f,0xe0,0x3f,0x8f,0xf0,0x1f,0xe0,0x3f,0xcf,0xf0,0x1f,0xe0,0x1f,0xcf,0xf0,
  0x1f,0xe0,0x1f,0xef,0xf0,0x1f,0xe0,0x0f,0xef,0xf0,0x1f,0xe0,0x07,0xff,0xf0,0x1f,0xe0,0x07,0xff,0xf0,0x1f,0xe0,0x03,0xff,
  0xf0,0x1f,0xe0,0x03,0xff,0xf0,0x1f,0xe0,0x01,0xff,0xf0,0x1f,0xe0,0x00,0xff,0xf0,0x1f,0xe0,0x00,0xff,0xf0,0x1f,0xe0,0x00,
  0x7f,0xf0,0x1f,0xe0,0x00,0x3f,0xf0,0x1f,0xe0,0x00,0x3f,0xf0,0x1f,0xe0,0x00,0x1f,0xf0,0x00,0x00,0x00,0x00,0x00,0x00,0x07,
  0xff,0xc0,0x00,0x00,0x1f,0xff,0xf0,0x00,0x00,0x3f,0xff,0xf8,0x00,0x00,0xff,0xff,0xfe,0x00,0x01,0xff,0xff,0xff,0x00,0x03,
  0xff,0xff,0xff,0x80,0x03,0xff,0xff,0xff,0x80,0x07,0xfe,0x00,0xff,0xc0,0x0f,0xfc,0x00,0x7f,0xe0,0x0f,0xf8,0x00,0x3f,0xe0,
  0x1f,0xf0,0x00,0x1f,0xf0,0x1f,0xe0,0x00,0x0f,0xf0,0x1f,0xe0,0x00,0x0f,0xf0,0x1f,0xc0,0x00,0x07,0xf0,0x3f,0xc0,0x00,0x07,
  0xf8,0x3f,0xc0,0x00,0x07,0xf8,0x3f,0xc0,0x00,0x07,0xf8,0x3f,0xc0,0x00,0x07,0xf8,0x3f,0xc0,0x00,0x07,0xf8,0x3f,0xc0,0x00,
  0x07,0xf8,0x3f,0xc0,0x00,0x07,0xf8,0x3f,0xc0,0x00,0x07,0xf8,0x3f,0xc0,0x00,0x07,0xf8,0x3f,0xc0,0x00,0x07,0xf8,0x1f,0xc0,
  0x00,0x07,0xf0,0x1f,0xe0,0x00,0x0f,0xf0,0x1f,0xe0,0x00,0x0f,0xf0,0x1f,0xf0,0x00,0x1f,0xf0,0x0f,0xf8,0x00,0x3f,0xe0,0x0f,
  0xfc,0x00,0x7f,0xe0,0x07,0xfe,0x00,0xff,0xc0,0x03,0xff,0xff,0xff,0x80,0x03,0xff,0xff,0xff,0x80,0x01,0xff,0xff,0xff,0x00,
  0x00,0xff,0xff,0xfe,0x00,0x00,0x3f,0xff,0xf8,0x00,0x00,0x1f,0xff,0xf0,0x00,0x00,0x07,0xff,0xc0,0x00,0x00,0x00,0x00,0x00,
  0x00,0x1f,0xff,0xfc,0x00,0x00,0x1f,0xff,0xff,0x80,0x00,0x1f,0xff,0xff,0xc0,0x00,0x1f,0xff,0xff,0xe0,0x00,0x1f,0xff,0xff,
  0xf0,0x00,0x1f,0xff,0xff,0xf8,0x00,0x1f,0xe0,0x1f,0xfc,0x00,0x1f,0xe0,0x07,0xfc,0x00,0x1f,0xe0,0x03,0xfc,0x00,0x1f,0xe0,
  0x01,0xfe,0x00,0x1f,0xe0,0x01,0xfe,0x00,0x1f,0xe0,0x01,0xfe,0x00,0x1f,0xe0,0x01,0xfe,0x00,0x1f,0xe0,0x01,0xfe,0x00,0x1f,
  0xe0,0x01,0xfe,0x00,0x1f,0xe0,0x01,0xfe,0x00,0x1f,0xe0,0x03,0xfc,0x00,0x1f,0xe0,0x07,0xfc,0x00,0x1f,0xe0,0x1f,0xfc,0x00,
  0x1f,0xff,0xff,0xf8,0x00,0x1f,0xff,0xff,0xf0,0x00,0x1f,0xff,0xff,0xe0,0x00,0x1f,0xff,0xff,0xc0,0x00,0x1f,0xff,0xff,0x80,
  0x00,0x1f,0xff,0xfc,0x00,0x00,0x1f,0xe0,0x00,0x00,0x00,0x1f,0xe0,0x00,0x00,0x00,0x1f,0xe0,0x00,0x00,0x00,0x1f,0xe0,0x00,
  0x00,0x00,0x1f,0xe0,0x00,0x00,0x00,0x1f,0xe0,0x00,0x00,0x00,0x1f,0xe0,0x00,0x00,0x00,0x1f,0xe0,0x00,0x00,0x00,0x1f,0xe0,
  0x00,0x00,0x00,0x1f,0xe0,0x00,0x00,0x00,0x1f,0xe0,0x00,0x00,0x00,0x1f,0xe0,0x00,0x00,0x00,0x1f,0xe0,0x00,0x00,0x00,0x00,
  0x00,0x00,0x00,0x00,0x00,0x07,0xff,0xc0,0x00,0x00,0x1f,0xff,0xf0,0x00,0x00,0x3f,0xff,0xf8,0x00,0x00,0xff,0xff,0xfe,0x00,
  0x01,0xff,0xff,0xff,0x00,0x03,0xff,0xff,0xff,0x80,0x03,0xff,0xff,0xff,0x80,0x07,0xfe,0x00,0xff,0xc0,0x0f,0xfc,0x00,0x7f,
  0xe0,0x0f,0xf8,0x00,0x3f,0xe0,0x1f,0xf0,0x00,0x1f,0xf0,0x1f,0xe0,0x00,0x0f,0xf0,0x1f,0xe0,0x00,0x0f,0xf0,0x1f,0xc0,0x00,
  0x07,0xf0,0x3f,0xc0,0x00,0x07,0xf8,0x3f,0xc0,0x00,0x07,0xf8,0x3f,0xc0,0x00,0x07,0xf8,0x3f,0xc0,0x00,0x07,0xf8,0x3f,0xc0,
  0x00,0x07,0xf8,0x3f,0xc0,0x00,0x07,0xf8,0x3f,0xc0,0x00,0x07,0xf8,0x3f,0xc0,0x00,0x07,0xf8,0x3f,0xc0,0x00,0x07,0xf8,0x3f,
  0xc0,0x00,0x07,0xf8,0x1f,0xc0,0x00,0x0f,0xf0,0x1f,0xe0,0x3f,0x0f,0xf0,0x1f,0xe0,0x3f,0x8f,0xf0,0x1f,0xf0,0x1f,0xdf,0xf0,
  0x0f,0xf8,0x0f,0xff,0xe0,0x0f,0xfc,0x07,0xff,0xe0,0x07,0xfe,0x07,0xff,0xc0,0x03,0xff,0xff,0xff,0x80,0x03,0xff,0xff,0xff,
  0x80,0x01,0xff,0xff,0xff,0x00,0x00,0xff,0xff,0xfe,0x00,0x00,0x3f,0xff,0xff,0x00,0x00,0x1f,0xff,0xff,0x80,0x00,0x07,0xff,
  0xff,0xc0,0x00,0x00,0x00,0x1f,0xe0,0x00,0x00,0x00,0x0f,0xe0,0x00,0x00,0x00,0x07,0xf0,0x1f,0xff,0xfc,0x00,0x00,0x1f,0xff,
  0xff,0x80,0x00,0x1f,0xff,0xff,0xc0,0x00,0x1f,0xff,0xff,0xf0,0x00,0x1f,0xff,0xff,0xf8,0x00,0x1f,0xff,0xff,0xf8,0x00,0x1f,
  0xe0,0x1f,0xfc,0x00,0x1f,0xe0,0x07,0xfc,0x00,0x1f,0xe0,0x03,0xfe,0x00,0x1f,0xe0,0x01,0xfe,0x00,0x1f,0xe0,0x01,0xfe,0x00,
  0x1f,0xe0,0x01,0xfe,0x00,0x1f,0xe0,0x01,0xfe,0x00,0x1f,0xe0,0x01,0xfe,0x00,0x1f,0xe0,0x01,0xfe,0x00,0x1f,0xe0,0x03,0xfe,
  0x00,0x1f,0xe0,0x07,0xfc,0x00,0x1f,0xe0,0x0f,0xfc,0x00,0x1f,0xff,0xff,0xf8,0x00,0x1f,0xff,0xff,0xf8,0x00,0x1f,0xff,0xff,
  0xf0,0x00,0x1f,0xff,0xff,0xe0,0x00,0x1f,0xff,0xff,0x80,0x00,0x1f,0xff,0xff,0x80,0x00,0x1f,0xe0,0x7f,0x80,0x00,0x1f,0xe0,
  0x3f,0xc0,0x00,0x1f,0xe0,0x3f,0xc0,0x00,0x1f,0xe0,0x1f,0xe0,0x00,0x1f,0xe0,0x1f,0xe0,0x00,0x1f,0xe0,0x0f,0xf0,0x00,0x1f,
  0xe0,0x0f,0xf0,0x00,0x1f,0xe0,0x07,0xf8,0x00,0x1f,0xe0,0x07,0xf8,0x00,0x1f,0xe0,0x03,0xfc,0x00,0x1f,0xe0,0x03,0xfe,0x00,
  0x1f,0xe0,0x01,0xfe,0x00,0x1f,0xe0,0x01,0xff,0x00,0x1f,0xe0,0x00,0xff,0x00,0x00,0x00,0x00,0x00,0x00,0x00,0x1f,0xfe,0x00,
  0x00,0x00,0x7f,0xff,0xc0,0x00,0x01,0xff,0xff,0xe0,0x00,0x03,0xff,0xff,0xf0,0x00,0x07,0xff,0xff,0xf8,0x00,0x07,0xff,0xff,
  0xfc,0x00,0x0f,0xf8,0x07,0xfc,0x00,0x0f,0xf0,0x03,0xfe,0x00,0x1f,0xe0,0x01,0xfe,0x00,0x1f,0xe0,0x00,0xfe,0x00,0x1f,0xe0,
  0x00,0xfe,0x00,0x1f,0xe0,0x00,0x00,0x00,0x1f,0xf0,0x00,0x00,0x00,0x1f,0xf8,0x00,0x00,0x00,0x0f,0xff,0x00,0x00,0x00,0x0f,
  0xff,0xf0,0x00,0x00,0x07,0xff,0xfe,0x00,0x00,0x07,0xff,0xff,0x80,0x00,0x01,0xff,0xff,0xe0,0x00,0x00,0xff,0xff,0xf0,0x00,
  0x00,0x3f,0xff,0xf8,0x00,0x00,0x07,0xff,0xfc,0x00,0x00,0x00,0x7f,0xfe,0x00,0x00,0x00,0x0f,0xfe,0x00,0x00,0x00,0x03,0xfe,
  0x00,0x00,0x00,0x01,0xff,0x00,0x3f,0x80,0x00,0xff,0x00,0x3f,0xc0,0x00,0xff,0x00,0x3f,0xc0,0x00,0xff,0x00,0x3f,0xc0,0x01,
  0xfe,0x00,0x1f,0xe0,0x01,0xfe,0x00,0x1f,0xf8,0x07,0xfe,0x00,0x0f,0xff,0xff,0xfc,0x00,0x0f,0xff,0xff,0xfc,0x00,0x07,0xff,
  0xff,0xf8,0x00,0x03,0xff,0xff,0xf0,0x00,0x00,0xff,0xff,0xc0,0x00,0x00,0x3f,0xff,0x00,0x00,0x00,0x00,0x00,0x00,0x00,0x3f,
  0xff,0xff,0xff,0x80,0x3f,0xff,0xff,0xff,0x80,0x3f,0xff,0xff,0xff,0x80,0x3f,0xff,0xff,0xff,0x80,0x3f,0xff,0xff,0xff,0x80,
  0x3f,0xff,0xff,0xff,0x80,0x00,0x07,0xf8,0x00,0x00,0x00,0x07,0xf8,0x00,0x00,0x00,0x07,0xf8,0x00,0x00,0x00,0x07,0xf8,0x00,
  0x00,0x00,0x07,0xf8,0x00,0x00,0x00,0x07,0xf8,0x00,0x00,0x00,0x07,0xf8,0x00,0x00,0x00,0x07,0xf8,0x00,0x00,0x00,0x07,0xf8,
  0x00,0x00,0x00,0x07,0xf8,0x00,0x00,0x00,0x07,0xf8,0x00,0x00,0x00,0x07,0xf8,0x00,0x00,0x00,0x07,0xf8,0x00,0x00,0x00,0x07,
  0xf8,0x00,0x00,0x00,0x07,0xf8,0x00,0x00,0x00,0x07,0xf8,0x00,0x00,0x00,0x07,0xf8,0x00,0x00,0x00,0x07,0xf8,0x00,0x00,0x00,
  0x07,0xf8,0x00,0x00,0x00,0x07,0xf8,0x00,0x00,0x00,0x07,0xf8,0x00,0x00,0x00,0x07,0xf8,0x00,0x00,0x00,0x07,0xf8,0x00,0x00,
  0x00,0x07,0xf8,0x00,0x00,0x00,0x07,0xf8,0x00,0x00,0x00,0x07,0xf8,0x00,0x00,0x00,0x07,0xf8,0x00,0x00,0x00,0x07,0xf8,0x00,
  0x00,0x00,0x07,0xf8,0x00,0x00,0x00,0x07,0xf8,0x00,0x00,0x00,0x07,0xf8,0x00,0x00,0x00,0x07,0xf8,0x00,0x00,0x1f,0xe0,0x00,
  0x3f,0xc0,0x1f,0xe0,0x00,0x3f,0xc0,0x1f,0xe0,0x00,0x3f,0xc0,0x1f,0xe0,0x00,0x3f,0xc0,0x1f,0xe0,0x00,0x3f,0xc0,0x1f,0xe0,
  0x00,0x3f,0xc0,0x1f,0xe0,0x00,0x3f,0xc0,0x1f,0xe0,0x00,0x3f,0xc0,0x1f,0xe0,0x00,0x3f,0xc0,0x1f,0xe0,0x00,0x3f,0xc0,0x1f,
  0xe0,0x00,0x3f,0xc0,0x1f,0xe0,0x00,0x3f,0xc0,0x1f,0xe0,0x00,0x3f,0xc0,0x1f,0xe0,0x00,0x3f,0xc0,0x1f,0xe0,0x00,0x3f,0xc0,
  0x1f,0xe0,0x00,0x3f,0xc0,0x1f,0xe0,0x00,0x3f,0xc0,0x1f,0xe0,0x00,0x3f,0xc0,0x1f,0xe0,0x00,0x3f,0xc0,0x1f,0xe0,0x00,0x3f,
  0xc0,0x1f,0xe0,0x00,0x3f,0xc0,0x1f,0xe0,0x00,0x3f,0xc0,0x1f,0xe0,0x00,0x3f,0xc0,0x1f,0xe0,0x00,0x3f,0xc0,0x1f,0xe0,0x00,
  0x3f,0xc0,0x1f,0xe0,0x00,0x3f,0xc0,0x1f,0xe0,0x00,0x3f,0xc0,0x1f,0xf0,0x00,0x7f,0xc0,0x1f,0xf0,0x00,0x7f,0xc0,0x0f,0xf8,
  0x00,0xff,0x80,0x0f,0xfc,0x01,0xff,0x80,0x07,0xff,0xff,0xff,0x00,0x07,0xff,0xff,0xff,0x00,0x03,0xff,0xff,0xfe,0x00,0x01,
  0xff,0xff,0xfc,0x00,0x00,0xff,0xff,0xf8,0x00,0x00,0x3f,0xff,0xe0,0x00,0x00,0x0f,0xff,0x80,0x00,0x00,0x00,0x00,0x00,0x00,
  0x7f,0xc0,0x00,0x07,0xf8,0x3f,0xc0,0x00,0x07,0xf8,0x3f,0xe0,0x00,0x0f,0xf8,0x3f,0xe0,0x00,0x0f,0xf0,0x1f,0xe0,0x00,0x0f,
  0xf0,0x1f,0xf0,0x00,0x1f,0xf0,0x0f,0xf0,0x00,0x1f,0xe0,0x0f,0xf0,0x00,0x1f,0xe0,0x0f,0xf8,0x00,0x3f,0xe0,0x07,0xf8,0x00,
  0x3f,0xc0,0x07,0xf8,0x00,0x3f,0xc0,0x07,0xfc,0x00,0x7f,0xc0,0x03,0xfc,0x00,0x7f,0x80,0x03,0xfc,0x00,0x7f,0x80,0x03,0xfe,
  0x00,0xff,0x80,0x01,0xfe,0x00,0xff,0x00,0x01,0xfe,0x00,0xff,0x00,0x01,0xff,0x01,0xff,0x00,0x00,0xff,0x01,0xfe,0x00,0x00,
  0xff,0x01,0xfe,0x00,0x00,0xff,0x81,0xfe,0x00,0x00,0x7f,0x83,0xfc,0x00,0x00,0x7f,0x83,0xfc,0x00,0x00,0x7f,0x83,0xfc,0x00,
  0x00,0x3f,0xc7,0xf8,0x00,0x00,0x3f,0xc7,0xf8,0x00,0x00,0x3f,0xc7,0xf8,0x00,0x00,0x1f,0xe7,0xf0,0x00,0x00,0x1f,0xef,0xf0,
  0x00,0x00,0x0f,0xef,0xf0,0x00,0x00,0x0f,0xef,0xe0,0x00,0x00,0x0f,0xff,0xe0,0x00,0x00,0x07,0xff,0xc0,0x00,0x00,0x07,0xff,
  0xc0,0x00,0x00,0x07,0xff,0xc0,0x00,0x00,0x03,0xff,0x80,0x00,0x00,0x03,0xff,0x80,0x00,0x00,0x03,0xff,0x80,0x00,0x7f,0xc0,
  0x01,0xfe,0x00,0x0f,0xf8,0x3f,0xc0,0x01,0xfe,0x00,0x0f,0xf0,0x3f,0xc0,0x03,0xff,0x00,0x0f,0xf0,0x3f,0xe0,0x03,0xff,0x00,
  0x1f,0xf0,0x3f,0xe0,0x03,0xff,0x00,0x1f,0xf0,0x1f,0xe0,0x03,0xff,0x00,0x1f,0xe0,0x1f,0xe0,0x07,0xff,0x80,0x1f,0xe0,0x1f,
  0xe0,0x07,0xff,0x80,0x3f,0xe0,0x0f,0xf0,0x07,0xff,0x80,0x3f,0xc0,0x0f,0xf0,0x07,0xff,0x80,0x3f,0xc0,0x0f,0xf0,0x0f,0xff,
  0xc0,0x3f,0xc0,0x0f,0xf0,0x0f,0xff,0xc0,0x3f,0xc0,0x07,0xf8,0x0f,0xdf,0xc0,0x7f,0x80,0x07,0xf8,0x0f,0xcf,0xc0,0x7f,0x80,
  0x07,0xf8,0x1f,0xcf,0xe0,0x7f,0x80,0x07,0xf8,0x1f,0xcf,0xe0,0x7f,0x80,0x03,0xfc,0x1f,0xcf,0xe0,0xff,0x00,0x03,0xfc,0x1f,
  0xcf,0xe0,0xff,0x00,0x03,0xfc,0x3f,0x87,0xf0,0xff,0x00,0x03,0xfc,0x3f,0x87,0xf0,0xfe,0x00,0x01,0xfc,0x3f,0x87,0xf1,0xfe,
  0x00,0x01,0xfe,0x3f,0x87,0xf1,0xfe,0x00,0x01,0xfe,0x3f,0x03,0xf1,0xfe,0x00,0x00,0xfe,0x7f,0x03,0xf9,0xfc,0x00,0x00,0xfe,
  0x7f,0x03,0xf9,0xfc,0x00,0x00,0xfe,0x7e,0x03,0xf9,0xfc,0x00,0x00,0xff,0x7e,0x01,0xfb,0xfc,0x00,0x00,0x7f,0x7e,0x01,0xfb,
  0xf8,0x00,0x00,0x7f,0xfe,0x01,0xff,0xf8,0x00,0x00,0x7f,0xfc,0x01,0xff,0xf8,0x00,0x00,0x7f,0xfc,0x00,0xff,0xf8,0x00,0x00,
  0x3f,0xfc,0x00,0xff,0xf0,0x00,0x00,0x3f,0xfc,0x00,0xff,0xf0,0x00,0x00,0x3f,0xf8,0x00,0x7f,0xf0,0x00,0x00,0x3f,0xf8,0x00,
  0x7f,0xe0,0x00,0x00,0x1f,0xf8,0x00,0x7f,0xe0,0x00,0x00,0x1f,0xf8,0x00,0x7f,0xe0,0x00,0x00,0x1f,0xf0,0x00,0x3f,0xe0,0x00,
  0x1f,0xf0,0x00,0x1f,0xf0,0x0f,0xf0,0x00,0x3f,0xe0,0x0f,0xf8,0x00,0x3f,0xc0,0x07,0xfc,0x00,0x7f,0xc0,0x03,0xfc,0x00,0xff,
  0x80,0x03,0xfe,0x00,0xff,0x00,0x01,0xff,0x01,0xff,0x00,0x00,0xff,0x03,0xfe,0x00,0x00,0xff,0x83,0xfc,0x00,0x00,0x7f,0x87,
  0xfc,0x00,0x00,0x3f,0xc7,0xf8,0x00,0x00,0x3f,0xcf,0xf0,0x00,0x00,0x1f,0xef,0xf0,0x00,0x00,0x0f,0xff,0xe0,0x00,0x00,0x0f,
  0xff,0xc0,0x00,0x00,0x07,0xff,0xc0,0x00,0x00,0x07,0xff,0x80,0x00,0x00,0x03,0xff,0x00,0x00,0x00,0x01,0xff,0x00,0x00,0x00,
  0x03,0xff,0x80,0x00,0x00,0x03,0xff,0x80,0x00,0x00,0x07,0xff,0xc0,0x00,0x00,0x0f,0xff,0xe0,0x00,0x00,0x1f,0xff,0xe0,0x00,
  0x00,0x1f,0xff,0xf0,0x00,0x00,0x3f,0xcf,0xf8,0x00,0x00,0x7f,0xc7,0xf8,0x00,0x00,0x7f,0x87,0xfc,0x00,0x00,0xff,0x83,0xfe,
  0x00,0x01,0xff,0x03,0xfe,0x00,0x01,0xfe,0x01,0xff,0x00,0x03,0xfe,0x00,0xff,0x80,0x07,0xfc,0x00,0xff,0x80,0x0f,0xf8,0x00,
  0x7f,0xc0,0x0f,0xf8,0x00,0x3f,0xe0,0x1f,0xf0,0x00,0x3f,0xe0,0x3f,0xe0,0x00,0x1f,0xf0,0x3f,0xe0,0x00,0x0f,0xf8,0x7f,0xc0,
  0x00,0x1f,0xf0,0x3f,0xe0,0x00,0x1f,0xf0,0x3f,0xe0,0x00,0x3f,0xe0,0x1f,0xf0,0x00,0x3f,0xc0,0x0f,0xf0,0x00,0x7f,0xc0,0x0f,
  0xf8,0x00,0x7f,0x80,0x07,0xfc,0x00,0xff,0x80,0x07,0xfc,0x00,0xff,0x00,0x03,0xfe,0x01,0xff,0x00,0x01,0xfe,0x01,0xfe,0x00,
  0x01,0xff,0x03,0xfc,0x00,0x00,0xff,0x07,0xfc,0x00,0x00,0xff,0x87,0xf8,0x00,0x00,0x7f,0x8f,0xf8,0x00,0x00,0x3f,0xcf,0xf0,
  0x00,0x00,0x3f,0xcf,0xf0,0x00,0x00,0x1f,0xff,0xe0,0x00,0x00,0x1f,0xff,0xc0,0x00,0x00,0x0f,0xff,0xc0,0x00,0x00,0x07,0xff,
  0x80,0x00,0x00,0x07,0xff,0x80,0x00,0x00,0x03,0xff,0x00,0x00,0x00,0x03,0xfe,0x00,0x00,0x00,0x01,0xfe,0x00,0x00,0x00,0x01,
  0xfe,0x00,0x00,0x00,0x01,0xfe,0x00,0x00,0x00,0x01,0xfe,0x00,0x00,0x00,0x01,0xfe,0x00,0x00,0x00,0x01,0xfe,0x00,0x00,0x00,
  0x01,0xfe,0x00,0x00,0x00,0x01,0xfe,0x00,0x00,0x00,0x01,0xfe,0x00,0x00,0x00,0x01,0xfe,0x00,0x00,0x00,0x01,0xfe,0x00,0x00,
  0x00,0x01,0xfe,0x00,0x00,0x00,0x01,0xfe,0x00,0x00,0x00,0x01,0xfe,0x00,0x00,0x00,0x01,0xfe,0x00,0x00,0x1f,0xff,0xff,0xff,
  0x00,0x1f,0xff,0xff,0xff,0x00,0x1f,0xff,0xff,0xff,0x00,0x1f,0xff,0xff,0xff,0x00,0x1f,0xff,0xff,0xff,0x00,0x1f,0xff,0xff,
  0xfe,0x00,0x00,0x00,0x03,0xfe,0x00,0x00,0x00,0x07,0xfc,0x00,0x00,0x00,0x07,0xf8,0x00,0x00,0x00,0x0f,0xf0,0x00,0x00,0x00,
  0x1f,0xf0,0x00,0x00,0x00,0x3f,0xe0,0x00,0x00,0x00,0x3f,0xc0,0x00,0x00,0x00,0x7f,0xc0,0x00,0x00,0x00,0xff,0x80,0x00,0x00,
  0x00,0xff,0x00,0x00,0x00,0x01,0xff,0x00,0x00,0x00,0x03,0xfe,0x00,0x00,0x00,0x03,0xfc,0x00,0x00,0x00,0x07,0xf8,0x00,0x00,
  0x00,0x0f,0xf8,0x00,0x00,0x00,0x1f,0xf0,0x00,0x00,0x00,0x1f,0xe0,0x00,0x00,0x00,0x3f,0xe0,0x00,0x00,0x00,0x7f,0xc0,0x00,
  0x00,0x00,0x7f,0x80,0x00,0x00,0x00,0xff,0x80,0x00,0x00,0x01,0xff,0x00,0x00,0x00,0x01,0xfe,0x00,0x00,0x00,0x03,0xfc,0x00,
  0x00,0x00,0x07,0xf8,0x00,0x00,0x00,0x0f,0xf8,0x00,0x00,0x00,0x0f,0xff,0xff,0xff,0x00,0x1f,0xff,0xff,0xff,0x00,0x1f,0xff,
  0xff,0xff,0x00,0x1f,0xff,0xff,0xff,0x00,0x1f,0xff,0xff,0xff,0x00,0x1f,0xff,0xff,0xff,0x00,0x07,0xff,0xc0,0x07,0xff,0xc0,
  0x07,0xff,0xc0,0x07,0xff,0xc0,0x07,0xff,0xc0,0x07,0xff,0xc0,0x07,0xf8,0x00,0x07,0xf8,0x00,0x07,0xf8,0x00,0x07,0xf8,0x00,
  0x07,0xf8,0x00,0x07,0xf8,0x00,0x07,0xf8,0x00,0x07,0xf8,0x00,0x07,0xf8,0x00,0x07,0xf8,0x00,0x07,0xf8,0x00,0x07,0xf8,0x00,
  0x07,0xf8,0x00,0x07,0xf8,0x00,0x07,0xf8,0x00,0x07,0xf8,0x00,0x07,0xf8,0x00,0x07,0xf8,0x00,0x07,0xf8,0x00,0x07,0xf8,0x00,
  0x07,0xf8,0x00,0x07,0xf8,0x00,0x07,0xf8,0x00,0x07,0xf8,0x00,0x07,0xf8,0x00,0x07,0xf8,0x00,0x07,0xf8,0x00,0x07,0xf8,0x00,
  0x07,0xf8,0x00,0x07,0xf8,0x00,0x07,0xf8,0x00,0x07,0xf8,0x00,0x07,0xf8,0x00,0x07,0xf8,0x00,0x07,0xf8,0x00,0x07,0xf8,0x00,
  0x07,0xff,0xc0,0x07,0xff,0xc0,0x07,0xff,0xc0,0x07,0xff,0xc0,0x07,0xff,0xc0,0x07,0xff,0xc0,0x7e,0x00,0x00,0x7f,0x00,0x00,
  0x7f,0x00,0x00,0x3f,0x00,0x00,0x3f,0x00,0x00,0x3f,0x80,0x00,0x3f,0x80,0x00,0x1f,0x80,0x00,0x1f,0x80,0x00,0x1f,0xc0,0x00,
  0x1f,0xc0,0x00,0x0f,0xc0,0x00,0x0f,0xe0,0x00,0x0f,0xe0,0x00,0x0f,0xe0,0x00,0x07,0xe0,0x00,0x07,0xf0,0x00,0x07,0xf0,0x00,
  0x03,0xf0,0x00,0x03,0xf0,0x00,0x03,0xf8,0x00,0x03,0xf8,0x00,0x01,0xf8,0x00,0x01,0xf8,0x00,0x01,0xfc,0x00,0x01,0xfc,0x00,
  0x00,0xfc,0x00,0x00,0xfe,0x00,0x00,0xfe,0x00,0x00,0xfe,0x00,0x00,0x7e,0x00,0x00,0x7f,0x00,0x00,0x7f,0x00,0x00,0x3f,0x00,
  0x00,0x3f,0x00,0x00,0x3f,0x80,0x00,0x3f,0x80,0x00,0x1f,0x80,0x00,0x1f,0x80,0x00,0x1f,0xc0,0x00,0x1f,0xc0,0x00,0x0f,0xc0,
  0x00,0x0f,0xe0,0x00,0x0f,0xe0,0x00,0x07,0xe0,0x00,0x07,0xe0,0x1f,0xff,0x00,0x1f,0xff,0x00,0x1f,0xff,0x00,0x1f,0xff,0x00,
  0x1f,0xff,0x00,0x1f,0xff,0x00,0x00,0xff,0x00,0x00,0xff,0x00,0x00,0xff,0x00,0x00,0xff,0x00,0x00,0xff,0x00,0x00,0xff,0x00,
  0x00,0xff,0x00,0x00,0xff,0x00,0x00,0xff,0x00,0x00,0xff,0x00,0x00,0xff,0x00,0x00,0xff,0x00,0x00,0xff,0x00,0x00,0xff,0x00,
  0x00,0xff,0x00,0x00,0xff,0x00,0x00,0xff,0x00,0x00,0xff,0x00,0x00,0xff,0x00,0x00,0xff,0x00,0x00,0xff,0x00,0x00,0xff,0x00,
  0x00,0xff,0x00,0x00,0xff,0x00,0x00,0xff,0x00,0x00,0xff,0x00,0x00,0xff,0x00,0x00,0xff,0x00,0x00,0xff,0x00,0x00,0xff,0x00,
  0x00,0xff,0x00,0x00,0xff,0x00,0x00,0xff,0x00,0x00,0xff,0x00,0x00,0xff,0x00,0x00,0xff,0x00,0x1f,0xff,0x00,0x1f,0xff,0x00,
  0x1f,0xff,0x00,0x1f,0xff,0x00,0x1f,0xff,0x00,0x1f,0xff,0x00,0x00,0x3e,0x00,0x00,0x00,0x7f,0x00,0x00,0x00,0x7f,0x80,0x00,
  0x00,0xff,0x80,0x00,0x00,0xff,0xc0,0x00,0x01,0xff,0xc0,0x00,0x01,0xf7,0xe0,0x00,0x03,0xf3,0xe0,0x00,0x03,0xe3,0xf0,0x00,
  0x07,0xe3,0xf0,0x00,0x07,0xc1,0xf0,0x00,0x0f,0xc1,0xf8,0x00,0x0f,0xc0,0xf8,0x00,0x1f,0x80,0xfc,0x00,0x1f,0x80,0x7c,0x00,
  0x3f,0x00,0x7e,0x00,0x3f,0x00,0x7e,0x00,0x00,0x00,0x00,0x00,0x00,0x00,0x00,0x00,0x00,0x00,0x00,0x00,0x00,0x00,0x00,0x00,
  0x00,0x00,0x00,0x00,0x00,0x00,0x00,0x00,0x00,0x00,0x00,0x00,0x00,0x00,0x00,0x00,0x00,0x00,0x00,0x00,0x00,0x00,0x00,0x00,
  0x00,0x00,0x00,0x00,0x00,0x00,0x00,0x00,0x00,0x00,0x00,0x00,0x00,0x00,0x00,0x00,0x00,0x00,0x00,0x00,0x00,0x00,0x00,0x00,
  0x00,0x00,0x00,0x00,0x00,0x00,0x00,0x00,0x00,0x00,0x00,0x00,0x00,0x00,0x00,0x00,0x00,0x00,0x00,0x00,0x00,0x00,0x00,0x00,
  0xff,0xff,0xff,0x80,0xff,0xff,0xff,0x80,0xff,0xff,0xff,0x80,0xff,0xff,0xff,0x80,0xff,0xff,0xff,0x80,0xff,0xff,0xff,0x80,
  0x0f,0xe0,0x00,0x07,0xf0,0x00,0x03,0xf0,0x00,0x03,0xf8,0x00,0x01,0xf8,0x00,0x00,0xfc,0x00,0x00,0xfc,0x00,0x00,0x7c,0x00,
  0x00,0x00,0x00,0x00,0x00,0x00,0x00,0x00,0x00,0x00,0x00,0x00,0x00,0x00,0x00,0x00,0x00,0x00,0x00,0x00,0x00,0x00,0x00,0x00,
  0x00,0x00,0x00,0x00,0x00,0x00,0x00,0x00,0x00,0x00,0x00,0x00,0x00,0x00,0x00,0x00,0x00,0x00,0x00,0x00,0x00,0x00,0x00,0x00,
  0x00,0x00,0x00,0x00,0x00,0x00,0x00,0x00,0x00,0x00,0x00,0x00,0x00,0x00,0x00,0x00,0x00,0x00,0x00,0x00,0x00,0x00,0x00,0x00,
  0x00,0x00,0x00,0x00,0x00,0x00,0x00,0x00,0x00,0x00,0x00,0x00,0x00,0x00,0x00,0x00,0x00,0x00,0x00,0x00,0x00,0x00,0x00,0x00,
  0x00,0x1f,0xe0,0x00,0x00,0xff,0xfc,0x00,0x01,0xff,0xff,0x00,0x03,0xff,0xff,0x80,0x07,0xff,0xff,0x80,0x0f,0xff,0xff,0xc0,
  0x0f,0xf8,0x7f,0xc0,0x1f,0xe0,0x1f,0xe0,0x07,0xe0,0x1f,0xe0,0x00,0x00,0x1f,0xe0,0x00,0x00,0x1f,0xe0,0x00,0x00,0x3f,0xe0,
  0x00,0x0f,0xff,0xe0,0x00,0xff,0xff,0xe0,0x07,0xff,0xff,0xe0,0x0f,0xff,0xff,0xe0,0x1f,0xff,0xdf,0xe0,0x1f,0xf8,0x1f,0xe0,
  0x3f,0xe0,0x1f,0xe0,0x3f,0xc0,0x1f,0xe0,0x3f,0xc0,0x1f,0xe0,0x3f,0xc0,0x1f,0xe0,0x3f,0xc0,0x3f,0xe0,0x3f,0xe0,0x7f,0xe0,
  0x1f,0xff,0xff,0xe0,0x1f,0xff,0xff,0xe0,0x0f,0xff,0xef,0xe0,0x07,0xff,0xcf,0xe0,0x03,0xff,0x0f,0xe0,0x00,0x00,0x00,0x00,
  0x1f,0xe0,0x00,0x00,0x00,0x1f,0xe0,0x00,0x00,0x00,0x1f,0xe0,0x00,0x00,0x00,0x1f,0xe0,0x00,0x00,0x00,0x1f,0xe0,0x00,0x00,
  0x00,0x1f,0xe0,0x00,0x00,0x00,0x1f,0xe0,0x00,0x00,0x00,0x1f,0xe0,0x00,0x00,0x00,0x1f,0xe0,0x00,0x00,0x00,0x1f,0xe0,0xfc,
  0x00,0x00,0x1f,0xe3,0xff,0x80,0x00,0x1f,0xe7,0xff,0xc0,0x00,0x1f,0xef,0xff,0xe0,0x00,0x1f,0xff,0xff,0xf0,0x00,0x1f,0xff,
  0xff,0xf8,0x00,0x1f,0xfe,0x1f,0xf8,0x00,0x1f,0xf8,0x07,0xfc,0x00,0x1f,0xf0,0x07,0xfc,0x00,0x1f,0xf0,0x03,0xfc,0x00,0x1f,
  0xe0,0x03,0xfc,0x00,0x1f,0xe0,0x01,0xfe,0x00,0x1f,0xe0,0x01,0xfe,0x00,0x1f,0xe0,0x01,0xfe,0x00,0x1f,0xe0,0x01,0xfe,0x00,
  0x1f,0xe0,0x01,0xfe,0x00,0x1f,0xe0,0x01,0xfe,0x00,0x1f,0xe0,0x01,0xfe,0x00,0x1f,0xe0,0x03,0xfc,0x00,0x1f,0xf0,0x03,0xfc,
  0x00,0x1f,0xf0,0x03,0xfc,0x00,0x1f,0xf8,0x07,0xfc,0x00,0x1f,0xfc,0x0f,0xf8,0x00,0x1f,0xff,0xff,0xf8,0x00,0x1f,0xff,0xff,
  0xf0,0x00,0x1f,0xef,0xff,0xf0,0x00,0x1f,0xef,0xff,0xe0,0x00,0x1f,0xe7,0xff,0x80,0x00,0x1f,0xe1,0xff,0x00,0x00,0x00,0x00,
  0x00,0x00,0x00,0x00,0x0f,0xf0,0x00,0x00,0x7f,0xfe,0x00,0x00,0xff,0xff,0x00,0x03,0xff,0xff,0x80,0x07,0xff,0xff,0xc0,0x07,
  0xff,0xff,0xe0,0x0f,0xfc,0x3f,0xe0,0x1f,0xf0,0x0f,0xf0,0x1f,0xe0,0x0f,0xf0,0x1f,0xe0,0x07,0xf0,0x3f,0xc0,0x06,0x00,0x3f,
  0xc0,0x00,0x00,0x3f,0xc0,0x00,0x00,0x3f,0xc0,0x00,0x00,0x3f,0xc0,0x00,0x00,0x3f,0xc0,0x00,0x00,0x3f,0xc0,0x00,0x00,0x3f,
  0xc0,0x00,0x00,0x3f,0xc0,0x00,0x00,0x1f,0xe0,0x07,0xe0,0x1f,0xe0,0x07,0xf0,0x1f,0xf0,0x0f,0xf0,0x0f,0xf8,0x1f,0xf0,0x0f,
  0xff,0xff,0xe0,0x07,0xff,0xff,0xe0,0x03,0xff,0xff,0xc0,0x01,0xff,0xff,0x80,0x00,0xff,0xfe,0x00,0x00,0x3f,0xf8,0x00,0x00,
  0x00,0x00,0x00,0x00,0x00,0x03,0xfc,0x00,0x00,0x00,0x03,0xfc,0x00,0x00,0x00,0x03,0xfc,0x00,0x00,0x00,0x03,0xfc,0x00,0x00,
  0x00,0x03,0xfc,0x00,0x00,0x00,0x03,0xfc,0x00,0x00,0x00,0x03,0xfc,0x00,0x00,0x00,0x03,0xfc,0x00,0x00,0x00,0x03,0xfc,0x00,
  0x00,0x3f,0x83,0xfc,0x00,0x00,0xff,0xe3,0xfc,0x00,0x01,0xff,0xf3,0xfc,0x00,0x03,0xff,0xfb,0xfc,0x00,0x07,0xff,0xff,0xfc,
  0x00,0x0f,0xff,0xff,0xfc,0x00,0x0f,0xfc,0x3f,0xfc,0x00,0x1f,0xf0,0x0f,0xfc,0x00,0x1f,0xe0,0x07,0xfc,0x00,0x1f,0xe0,0x07,
  0xfc,0x00,0x3f,0xc0,0x03,0xfc,0x00,0x3f,0xc0,0x03,0xfc,0x00,0x3f,0xc0,0x03,0xfc,0x00,0x3f,0xc0,0x03,0xfc,0x00,0x3f,0xc0,
  0x03,0xfc,0x00,0x3f,0xc0,0x03,0xfc,0x00,0x3f,0xc0,0x03,0xfc,0x00,0x3f,0xc0,0x03,0xfc,0x00,0x3f,0xc0,0x03,0xfc,0x00,0x3f,
  0xe0,0x07,0xfc,0x00,0x1f,0xe0,0x07,0xfc,0x00,0x1f,0xf0,0x0f,0xfc,0x00,0x1f,0xf8,0x1f,0xfc,0x00,0x0f,0xff,0xff,0xfc,0x00,
  0x07,0xff,0xff,0xfc,0x00,0x07,0xff,0xfb,0xfc,0x00,0x03,0xff,0xfb,0xfc,0x00,0x01,0xff,0xf3,0xfc,0x00,0x00,0x7f,0xc3,0xfc,
  0x00,0x00,0x00,0x00,0x00,0x00,0x00,0x0f,0xe0,0x00,0x00,0x7f,0xfc,0x00,0x00,0xff,0xff,0x00,0x03,0xff,0xff,0x80,0x07,0xff,
  0xff,0xc0,0x07,0xff,0xff,0xe0,0x0f,0xfc,0x3f,0xe0,0x1f,0xf0,0x0f,0xf0,0x1f,0xe0,0x07,0xf0,0x1f,0xc0,0x07,0xf0,0x3f,0xc0,
  0x07,0xf8,0x3f,0xc0,0x03,0xf8,0x3f,0xff,0xff,0xf8,0x3f,0xff,0xff,0xf8,0x3f,0xff,0xff,0xf8,0x3f,0xff,0xff,0xf8,0x3f,0xff,
  0xff,0xf8,0x3f,0xc0,0x00,0x00,0x3f,0xc0,0x00,0x00,0x1f,0xc0,0x00,0x00,0x1f,0xe0,0x00,0x00,0x1f,0xe0,0x07,0xf0,0x0f,0xf8,
  0x0f,0xf0,0x0f,0xff,0xff,0xf0,0x07,0xff,0xff,0xe0,0x03,0xff,0xff,0xc0,0x01,0xff,0xff,0x80,0x00,0xff,0xff,0x00,0x00,0x3f,
  0xfc,0x00,0x00,0x00,0x00,0x00,0x00,0x0f,0xf0,0x00,0x3f,0xf8,0x00,0xff,0xf8,0x00,0xff,0xf0,0x01,0xff,0xf0,0x01,0xff,0xf0,
  0x03,0xfe,0x00,0x03,0xfc,0x00,0x03,0xfc,0x00,0x03,0xfc,0x00,0x03,0xfc,0x00,0x7f,0xff,0xf0,0x7f,0xff,0xf0,0x7f,0xff,0xf0,
  0x7f,0xff,0xf0,0x7f,0xff,0xf0,0x7f,0xff,0xf0,0x03,0xfc,0x00,0x03,0xfc,0x00,0x03,0xfc,0x00,0x03,0xfc,0x00,0x03,0xfc,0x00,
  0x03,0xfc,0x00,0x03,0xfc,0x00,0x03,0xfc,0x00,0x03,0xfc,0x00,0x03,0xfc,0x00,0x03,0xfc,0x00,0x03,0xfc,0x00,0x03,0xfc,0x00,
  0x03,0xfc,0x00,0x03,0xfc,0x00,0x03,0xfc,0x00,0x03,0xfc,0x00,0x03,0xfc,0x00,0x03,0xfc,0x00,0x03,0xfc,0x00,0x03,0xfc,0x00,
  0x03,0xfc,0x00,0x03,0xfc,0x00,0x00,0x3f,0x83,0xfc,0x00,0x00,0xff,0xe3,0xfc,0x00,0x01,0xff,0xf3,0xfc,0x00,0x03,0xff,0xfb,
  0xfc,0x00,0x07,0xff,0xff,0xfc,0x00,0x0f,0xff,0xff,0xfc,0x00,0x0f,0xfc,0x3f,0xfc,0x00,0x1f,0xf0,0x0f,0xfc,0x00,0x1f,0xe0,
  0x0f,0xfc,0x00,0x1f,0xe0,0x07,0xfc,0x00,0x3f,0xc0,0x07,0xfc,0x00,0x3f,0xc0,0x03,0xfc,0x00,0x3f,0xc0,0x03,0xfc,0x00,0x3f,
  0xc0,0x03,0xfc,0x00,0x3f,0xc0,0x03,0xfc,0x00,0x3f,0xc0,0x03,0xfc,0x00,0x3f,0xc0,0x03,0xfc,0x00,0x3f,0xc0,0x03,0xfc,0x00,
  0x3f,0xc0,0x07,0xfc,0x00,0x3f,0xe0,0x07,0xfc,0x00,0x1f,0xe0,0x07,0xfc,0x00,0x1f,0xf0,0x0f,0xfc,0x00,0x1f,0xfc,0x3f,0xfc,
  0x00,0x0f,0xff,0xff,0xfc,0x00,0x07,0xff,0xfb,0xfc,0x00,0x07,0xff,0xfb,0xfc,0x00,0x03,0xff,0xf3,0xfc,0x00,0x00,0xff,0xe3,
  0xfc,0x00,0x00,0x3f,0x83,0xfc,0x00,0x00,0x00,0x03,0xfc,0x00,0x00,0x00,0x03,0xfc,0x00,0x00,0x00,0x07,0xf8,0x00,0x0f,0xe0,
  0x07,0xf8,0x00,0x1f,0xf0,0x1f,0xf8,0x00,0x0f,0xff,0xff,0xf0,0x00,0x0f,0xff,0xff,0xe0,0x00,0x07,0xff,0xff,0xe0,0x00,0x01,
  0xff,0xff,0x80,0x00,0x00,0xff,0xff,0x00,0x00,0x00,0x1f,0xf8,0x00,0x00,0x1f,0xe0,0x00,0x00,0x1f,0xe0,0x00,0x00,0x1f,0xe0,
  0x00,0x00,0x1f,0xe0,0x00,0x00,0x1f,0xe0,0x00,0x00,0x1f,0xe0,0x00,0x00,0x1f,0xe0,0x00,0x00,0x1f,0xe0,0x00,0x00,0x1f,0xe0,
  0x00,0x00,0x1f,0xe0,0xfe,0x00,0x1f,0xe3,0xff,0x80,0x1f,0xe7,0xff,0xc0,0x1f,0xef,0xff,0xe0,0x1f,0xff,0xff,0xf0,0x1f,0xff,
  0xff,0xf0,0x1f,0xfc,0x3f,0xf0,0x1f,0xf0,0x0f,0xf8,0x1f,0xf0,0x07,0xf8,0x1f,0xe0,0x07,0xf8,0x1f,0xe0,0x07,0xf8,0x1f,0xe0,
  0x07,0xf8,0x1f,0xe0,0x07,0xf8,0x1f,0xe0,0x07,0xf8,0x1f,0xe0,0x07,0xf8,0x1f,0xe0,0x07,0xf8,0x1f,0xe0,0x07,0xf8,0x1f,0xe0,
  0x07,0xf8,0x1f,0xe0,0x07,0xf8,0x1f,0xe0,0x07,0xf8,0x1f,0xe0,0x07,0xf8,0x1f,0xe0,0x07,0xf8,0x1f,0xe0,0x07,0xf8,0x1f,0xe0,
  0x07,0xf8,0x1f,0xe0,0x07,0xf8,0x1f,0xe0,0x07,0xf8,0x1f,0xe0,0x07,0xf8,0x1f,0xe0,0x07,0xf8,0x1f,0xe0,0x07,0xf8,0x07,0x80,
  0x0f,0xc0,0x1f,0xe0,0x1f,0xe0,0x1f,0xe0,0x1f,0xe0,0x0f,0xc0,0x07,0x80,0x00,0x00,0x00,0x00,0x00,0x00,0x1f,0xe0,0x1f,0xe0,
  0x1f,0xe0,0x1f,0xe0,0x1f,0xe0,0x1f,0xe0,0x1f,0xe0,0x1f,0xe0,0x1f,0xe0,0x1f,0xe0,0x1f,0xe0,0x1f,0xe0,0x1f,0xe0,0x1f,0xe0,
  0x1f,0xe0,0x1f,0xe0,0x1f,0xe0,0x1f,0xe0,0x1f,0xe0,0x1f,0xe0,0x1f,0xe0,0x1f,0xe0,0x1f,0xe0,0x1f,0xe0,0x1f,0xe0,0x1f,0xe0,
  0x1f,0xe0,0x1f,0xe0,0x1f,0xe0,0x03,0xc0,0x07,0xe0,0x0f,0xf0,0x0f,0xf0,0x0f,0xf0,0x0f,0xf0,0x07,0xe0,0x03,0xc0,0x00,0x00,
  0x00,0x00,0x00,0x00,0x0f,0xf0,0x0f,0xf0,0x0f,0xf0,0x0f,0xf0,0x0f,0xf0,0x0f,0xf0,0x0f,0xf0,0x0f,0xf0,0x0f,0xf0,0x0f,0xf0,
  0x0f,0xf0,0x0f,0xf0,0x0f,0xf0,0x0f,0xf0,0x0f,0xf0,0x0f,0xf0,0x0f,0xf0,0x0f,0xf0,0x0f,0xf0,0x0f,0xf0,0x0f,0xf0,0x0f,0xf0,
  0x0f,0xf0,0x0f,0xf0,0x0f,0xf0,0x0f,0xf0,0x0f,0xf0,0x0f,0xf0,0x0f,0xf0,0x0f,0xf0,0x0f,0xf0,0x0f,0xf0,0x0f,0xf0,0x1f,0xf0,
  0xff,0xe0,0xff,0xe0,0xff,0xc0,0xff,0xc0,0xff,0x00,0xfc,0x00,0x1f,0xe0,0x00,0x00,0x1f,0xe0,0x00,0x00,0x1f,0xe0,0x00,0x00,
  0x1f,0xe0,0x00,0x00,0x1f,0xe0,0x00,0x00,0x1f,0xe0,0x00,0x00,0x1f,0xe0,0x00,0x00,0x1f,0xe0,0x00,0x00,0x1f,0xe0,0x00,0x00,
  0x1f,0xe0,0x0f,0xf8,0x1f,0xe0,0x1f,0xf0,0x1f,0xe0,0x3f,0xe0,0x1f,0xe0,0x3f,0xc0,0x1f,0xe0,0x7f,0x80,0x1f,0xe0,0xff,0x80,
  0x1f,0xe1,0xff,0x00,0x1f,0xe3,0xfe,0x00,0x1f,0xe7,0xfc,0x00,0x1f,0xe7,0xf8,0x00,0x1f,0xef,0xf0,0x00,0x1f,0xff,0xf0,0x00,
  0x1f,0xff,0xe0,0x00,0x1f,0xff,0xe0,0x00,0x1f,0xff,0xf0,0x00,0x1f,0xff,0xf8,0x00,0x1f,0xff,0xf8,0x00,0x1f,0xff,0xfc,0x00,
  0x1f,0xf3,0xfe,0x00,0x1f,0xe3,0xfe,0x00,0x1f,0xe1,0xff,0x00,0x1f,0xe0,0xff,0x80,0x1f,0xe0,0xff,0x80,0x1f,0xe0,0x7f,0xc0,
  0x1f,0xe0,0x3f,0xe0,0x1f,0xe0,0x3f,0xe0,0x1f,0xe0,0x1f,0xf0,0x1f,0xe0,0x0f,0xf8,0x1f,0xe0,0x07,0xf8,0x1f,0xe0,0x1f,0xe0,
  0x1f,0xe0,0x1f,0xe0,0x1f,0xe0,0x1f,0xe0,0x1f,0xe0,0x1f,0xe0,0x1f,0xe0,0x1f,0xe0,0x1f,0xe0,0x1f,0xe0,0x1f,0xe0,0x1f,0xe0,
  0x1f,0xe0,0x1f,0xe0,0x1f,0xe0,0x1f,0xe0,0x1f,0xe0,0x1f,0xe0,0x1f,0xe0,0x1f,0xe0,0x1f,0xe0,0x1f,0xe0,0x1f,0xe0,0x1f,0xe0,
  0x1f,0xe0,0x1f,0xe0,0x1f,0xe0,0x1f,0xe0,0x1f,0xe0,0x1f,0xe0,0x1f,0xe0,0x1f,0xe0,0x1f,0xe0,0x1f,0xe0,0x1f,0xe0,0x1f,0xe0,
  0x1f,0xc0,0xf8,0x00,0xfc,0x00,0x1f,0xc3,0xfe,0x07,0xff,0x00,0x1f,0xcf,0xff,0x0f,0xff,0x80,0x1f,0xdf,0xff,0x1f,0xff,0xc0,
  0x1f,0xdf,0xff,0xbf,0xff,0xe0,0x1f,0xff,0xff,0xff,0xff,0xe0,0x1f,0xf8,0x7f,0xfc,0x3f,0xf0,0x1f,0xf0,0x3f,0xf0,0x1f,0xf0,
  0x1f,0xe0,0x1f,0xf0,0x0f,0xf0,0x1f,0xe0,0x1f,0xe0,0x0f,0xf0,0x1f,0xe0,0x1f,0xe0,0x0f,0xf0,0x1f,0xe0,0x1f,0xe0,0x0f,0xf0,
  0x1f,0xe0,0x1f,0xe0,0x0f,0xf0,0x1f,0xe0,0x1f,0xe0,0x0f,0xf0,0x1f,0xe0,0x1f,0xe0,0x0f,0xf0,0x1f,0xe0,0x1f,0xe0,0x0f,0xf0,
  0x1f,0xe0,0x1f,0xe0,0x0f,0xf0,0x1f,0xe0,0x1f,0xe0,0x0f,0xf0,0x1f,0xe0,0x1f,0xe0,0x0f,0xf0,0x1f,0xe0,0x1f,0xe0,0x0f,0xf0,
  0x1f,0xe0,0x1f,0xe0,0x0f,0xf0,0x1f,0xe0,0x1f,0xe0,0x0f,0xf0,0x1f,0xe0,0x1f,0xe0,0x0f,0xf0,0x1f,0xe0,0x1f,0xe0,0x0f,0xf0,
  0x1f,0xe0,0x1f,0xe0,0x0f,0xf0,0x1f,0xe0,0x1f,0xe0,0x0f,0xf0,0x1f,0xe0,0x1f,0xe0,0x0f,0xf0,0x1f,0xe0,0x1f,0xe0,0x0f,0xf0,
  0x1f,0xe0,0x1f,0xe0,0x0f,0xf0,0x1f,0xc0,0xfe,0x00,0x1f,0xc3,0xff,0x80,0x1f,0xc7,0xff,0xc0,0x1f,0xcf,0xff,0xe0,0x1f,0xdf,
  0xff,0xf0,0x1f,0xff,0xff,0xf0,0x1f,0xfc,0x3f,0xf0,0x1f,0xf0,0x0f,0xf8,0x1f,0xf0,0x07,0xf8,0x1f,0xe0,0x07,0xf8,0x1f,0xe0,
  0x07,0xf8,0x1f,0xe0,0x07,0xf8,0x1f,0xe0,0x07,0xf8,0x1f,0xe0,0x07,0xf8,0x1f,0xe0,0x07,0xf8,0x1f,0xe0,0x07,0xf8,0x1f,0xe0,
  0x07,0xf8,0x1f,0xe0,0x07,0xf8,0x1f,0xe0,0x07,0xf8,0x1f,0xe0,0x07,0xf8,0x1f,0xe0,0x07,0xf8,0x1f,0xe0,0x07,0xf8,0x1f,0xe0,
  0x07,0xf8,0x1f,0xe0,0x07,0xf8,0x1f,0xe0,0x07,0xf8,0x1f,0xe0,0x07,0xf8,0x1f,0xe0,0x07,0xf8,0x1f,0xe0,0x07,0xf8,0x1f,0xe0,
  0x07,0xf8,0x00,0x0f,0xf0,0x00,0x00,0x7f,0xfe,0x00,0x00,0xff,0xff,0x00,0x03,0xff,0xff,0x80,0x07,0xff,0xff,0xc0,0x07,0xff,
  0xff,0xe0,0x0f,0xfc,0x3f,0xf0,0x1f,0xf0,0x0f,0xf0,0x1f,0xe0,0x0f,0xf8,0x1f,0xe0,0x07,0xf8,0x3f,0xc0,0x07,0xf8,0x3f,0xc0,
  0x03,0xf8,0x3f,0xc0,0x03,0xfc,0x3f,0xc0,0x03,0xfc,0x3f,0xc0,0x03,0xfc,0x3f,0xc0,0x03,0xfc,0x3f,0xc0,0x03,0xfc,0x3f,0xc0,
  0x03,0xfc,0x3f,0xc0,0x07,0xf8,0x1f,0xe0,0x07,0xf8,0x1f,0xe0,0x07,0xf8,0x1f,0xf0,0x0f,0xf0,0x0f,0xf8,0x1f,0xf0,0x0f,0xff,
  0xff,0xe0,0x07,0xff,0xff,0xe0,0x03,0xff,0xff,0xc0,0x01,0xff,0xff,0x80,0x00,0xff,0xfe,0x00,0x00,0x3f,0xf8,0x00,0x00,0x00,
  0x00,0x00,0x1f,0xe0,0xfc,0x00,0x00,0x1f,0xe3,0xff,0x80,0x00,0x1f,0xe7,0xff,0xc0,0x00,0x1f,0xef,0xff,0xe0,0x00,0x1f,0xff,
  0xff,0xf0,0x00,0x1f,0xff,0xff,0xf8,0x00,0x1f,0xfe,0x1f,0xf8,0x00,0x1f,0xf8,0x07,0xfc,0x00,0x1f,0xf0,0x07,0xfc,0x00,0x1f,
  0xf0,0x03,0xfc,0x00,0x1f,0xe0,0x03,0xfc,0x00,0x1f,0xe0,0x01,0xfe,0x00,0x1f,0xe0,0x01,0xfe,0x00,0x1f,0xe0,0x01,0xfe,0x00,
  0x1f,0xe0,0x01,0xfe,0x00,0x1f,0xe0,0x01,0xfe,0x00,0x1f,0xe0,0x01,0xfe,0x00,0x1f,0xe0,0x01,0xfe,0x00,0x1f,0xe0,0x03,0xfc,
  0x00,0x1f,0xf0,0x03,0xfc,0x00,0x1f,0xf0,0x03,0xfc,0x00,0x1f,0xf8,0x07,0xfc,0x00,0x1f,0xfc,0x0f,0xf8,0x00,0x1f,0xff,0xff,
  0xf8,0x00,0x1f,0xff,0xff,0xf0,0x00,0x1f,0xff,0xff,0xe0,0x00,0x1f,0xef,0xff,0xe0,0x00,0x1f,0xe7,0xff,0x80,0x00,0x1f,0xe1,
  0xff,0x00,0x00,0x1f,0xe0,0x00,0x00,0x00,0x1f,0xe0,0x00,0x00,0x00,0x1f,0xe0,0x00,0x00,0x00,0x1f,0xe0,0x00,0x00,0x00,0x1f,
  0xe0,0x00,0x00,0x00,0x1f,0xe0,0x00,0x00,0x00,0x1f,0xe0,0x00,0x00,0x00,0x1f,0xe0,0x00,0x00,0x00,0x1f,0xe0,0x00,0x00,0x00,
  0x1f,0xe0,0x00,0x00,0x00,0x1f,0xe0,0x00,0x00,0x00,0x00,0x3f,0x83,0xfc,0x00,0x00,0xff,0xe3,0xfc,0x00,0x01,0xff,0xf3,0xfc,
  0x00,0x03,0xff,0xfb,0xfc,0x00,0x07,0xff,0xfb,0xfc,0x00,0x0f,0xff,0xff,0xfc,0x00,0x0f,0xfc,0x3f,0xfc,0x00,0x1f,0xf0,0x0f,
  0xfc,0x00,0x1f,0xe0,0x0f,0xfc,0x00,0x1f,0xe0,0x07,0xfc,0x00,0x3f,0xc0,0x07,0xfc,0x00,0x3f,0xc0,0x03,0xfc,0x00,0x3f,0xc0,
  0x03,0xfc,0x00,0x3f,0xc0,0x03,0xfc,0x00,0x3f,0xc0,0x03,0xfc,0x00,0x3f,0xc0,0x03,0xfc,0x00,0x3f,0xc0,0x03,0xfc,0x00,0x3f,
  0xc0,0x03,0xfc,0x00,0x3f,0xc0,0x07,0xfc,0x00,0x3f,0xe0,0x07,0xfc,0x00,0x1f,0xe0,0x07,0xfc,0x00,0x1f,0xf0,0x0f,0xfc,0x00,
  0x1f,0xf8,0x1f,0xfc,0x00,0x0f,0xff,0xff,0xfc,0x00,0x0f,0xff,0xff,0xfc,0x00,0x07,0xff,0xfb,0xfc,0x00,0x03,0xff,0xf3,0xfc,
  0x00,0x01,0xff,0xe3,0xfc,0x00,0x00,0x7f,0xc3,0xfc,0x00,0x00,0x00,0x03,0xfc,0x00,0x00,0x00,0x03,0xfc,0x00,0x00,0x00,0x03,
  0xfc,0x00,0x00,0x00,0x03,0xfc,0x00,0x00,0x00,0x03,0xfc,0x00,0x00,0x00,0x03,0xfc,0x00,0x00,0x00,0x03,0xfc,0x00,0x00,0x00,
  0x03,0xfc,0x00,0x00,0x00,0x03,0xfc,0x00,0x00,0x00,0x03,0xfc,0x00,0x00,0x00,0x03,0xfc,0x00,0x1f,0xc1,0xf0,0x1f,0xc7,0xf0,
  0x1f,0xcf,0xf0,0x1f,0xcf,0xf0,0x1f,0xdf,0xf0,0x1f,0xff,0xf0,0x1f,0xff,0xf0,0x1f,0xfc,0x00,0x1f,0xf8,0x00,0x1f,0xf0,0x00,
  0x1f,0xe0,0x00,0x1f,0xe0,0x00,0x1f,0xe0,0x00,0x1f,0xe0,0x00,0x1f,0xe0,0x00,0x1f,0xe0,0x00,0x1f,0xe0,0x00,0x1f,0xe0,0x00,
  0x1f,0xe0,0x00,0x1f,0xe0,0x00,0x1f,0xe0,0x00,0x1f,0xe0,0x00,0x1f,0xe0,0x00,0x1f,0xe0,0x00,0x1f,0xe0,0x00,0x1f,0xe0,0x00,
  0x1f,0xe0,0x00,0x1f,0xe0,0x00,0x1f,0xe0,0x00,0x00,0x1f,0xe0,0x00,0x00,0xff,0xfc,0x00,0x03,0xff,0xff,0x00,0x07,0xff,0xff,
  0x80,0x0f,0xff,0xff,0x80,0x0f,0xff,0xff,0xc0,0x1f,0xf8,0x3f,0xe0,0x1f,0xe0,0x1f,0xe0,0x1f,0xe0,0x0f,0x00,0x1f,0xe0,0x00,
  0x00,0x1f,0xe0,0x00,0x00,0x0f,0xf8,0x00,0x00,0x0f,0xff,0xc0,0x00,0x07,0xff,0xfc,0x00,0x03,0xff,0xff,0x00,0x00,0xff,0xff,
  0xc0,0x00,0x1f,0xff,0xe0,0x00,0x01,0xff,0xe0,0x00,0x00,0x1f,0xe0,0x00,0x00,0x0f,0xf0,0x0f,0xc0,0x0f,0xf0,0x3f,0xc0,0x0f,
  0xf0,0x1f,0xf0,0x1f,0xe0,0x1f,0xff,0xff,0xe0,0x0f,0xff,0xff,0xe0,0x0f,0xff,0xff,0xc0,0x03,0xff,0xff,0x80,0x01,0xff,0xfe,
  0x00,0x00,0x7f,0xf8,0x00,0x00,0x00,0x00,0x00,0x07,0xf0,0x00,0x07,0xf8,0x00,0x07,0xf8,0x00,0x07,0xf8,0x00,0x07,0xf8,0x00,
  0x07,0xf8,0x00,0x07,0xf8,0x00,0x7f,0xff,0xc0,0x7f,0xff,0xc0,0x7f,0xff,0xc0,0x7f,0xff,0xc0,0x7f,0xff,0xc0,0x7f,0xff,0xc0,
  0x07,0xf8,0x00,0x07,0xf8,0x00,0x07,0xf8,0x00,0x07,0xf8,0x00,0x07,0xf8,0x00,0x07,0xf8,0x00,0x07,0xf8,0x00,0x07,0xf8,0x00,
  0x07,0xf8,0x00,0x07,0xf8,0x00,0x07,0xf8,0x00,0x07,0xf8,0x00,0x07,0xf8,0x00,0x07,0xf8,0x00,0x07,0xf8,0x00,0x07,0xf8,0x00,
  0x07,0xf8,0x00,0x07,0xff,0xc0,0x07,0xff,0xc0,0x03,0xff,0xc0,0x01,0xff,0xc0,0x01,0xff,0xe0,0x00,0x7f,0xe0,0x00,0x00,0x00,
  0x1f,0xe0,0x07,0xf8,0x1f,0xe0,0x07,0xf8,0x1f,0xe0,0x07,0xf8,0x1f,0xe0,0x07,0xf8,0x1f,0xe0,0x07,0xf8,0x1f,0xe0,0x07,0xf8,
  0x1f,0xe0,0x07,0xf8,0x1f,0xe0,0x07,0xf8,0x1f,0xe0,0x07,0xf8,0x1f,0xe0,0x07,0xf8,0x1f,0xe0,0x07,0xf8,0x1f,0xe0,0x07,0xf8,
  0x1f,0xe0,0x07,0xf8,0x1f,0xe0,0x07,0xf8,0x1f,0xe0,0x07,0xf8,0x1f,0xe0,0x07,0xf8,0x1f,0xe0,0x07,0xf8,0x1f,0xe0,0x07,0xf8,
  0x1f,0xe0,0x07,0xf8,0x1f,0xe0,0x07,0xf8,0x1f,0xe0,0x07,0xf8,0x1f,0xf0,0x0f,0xf8,0x0f,0xf8,0x1f,0xf8,0x0f,0xff,0xff,0xf8,
  0x0f,0xff,0xff,0xf8,0x07,0xff,0xfb,0xf8,0x03,0xff,0xf3,0xf8,0x01,0xff,0xe3,0xf8,0x00,0xff,0x83,0xf8,0x00,0x00,0x00,0x00,
  0x7f,0x80,0x03,0xfc,0x7f,0x80,0x03,0xfc,0x3f,0xc0,0x03,0xf8,0x3f,0xc0,0x07,0xf8,0x3f,0xc0,0x07,0xf8,0x1f,0xe0,0x07,0xf0,
  0x1f,0xe0,0x0f,0xf0,0x1f,0xe0,0x0f,0xf0,0x0f,0xf0,0x0f,0xe0,0x0f,0xf0,0x1f,0xe0,0x07,0xf0,0x1f,0xe0,0x07,0xf8,0x1f,0xc0,
  0x07,0xf8,0x3f,0xc0,0x03,0xf8,0x3f,0xc0,0x03,0xf8,0x3f,0x80,0x03,0xfc,0x3f,0x80,0x01,0xfc,0x7f,0x00,0x01,0xfc,0x7f,0x00,
  0x01,0xfe,0x7f,0x00,0x00,0xfe,0x7e,0x00,0x00,0xfe,0xfe,0x00,0x00,0x7e,0xfe,0x00,0x00,0x7f,0xfc,0x00,0x00,0x7f,0xfc,0x00,
  0x00,0x3f,0xfc,0x00,0x00,0x3f,0xf8,0x00,0x00,0x3f,0xf8,0x00,0x00,0x1f,0xf0,0x00,0x00,0x1f,0xf0,0x00,0x7f,0x80,0x3f,0xc0,
  0x1f,0xe0,0x7f,0x80,0x3f,0xc0,0x1f,0xe0,0x3f,0x80,0x3f,0xc0,0x1f,0xe0,0x3f,0xc0,0x3f,0xc0,0x1f,0xc0,0x3f,0xc0,0x3f,0xe0,
  0x3f,0xc0,0x3f,0xc0,0x7f,0xe0,0x3f,0xc0,0x1f,0xc0,0x7f,0xe0,0x3f,0xc0,0x1f,0xe0,0x7f,0xe0,0x3f,0x80,0x1f,0xe0,0x7f,0xf0,
  0x7f,0x80,0x0f,0xe0,0xff,0xf0,0x7f,0x80,0x0f,0xe0,0xff,0xf0,0x7f,0x00,0x0f,0xe0,0xfd,0xf0,0x7f,0x00,0x0f,0xf0,0xf9,0xf8,
  0xff,0x00,0x07,0xf1,0xf9,0xf8,0xfe,0x00,0x07,0xf1,0xf9,0xf8,0xfe,0x00,0x07,0xf1,0xf8,0xf8,0xfe,0x00,0x03,0xf9,0xf0,0xf8,
  0xfe,0x00,0x03,0xfb,0xf0,0xfd,0xfc,0x00,0x03,0xfb,0xf0,0xfd,0xfc,0x00,0x03,0xfb,0xf0,0x7d,0xfc,0x00,0x01,0xfb,0xe0,0x7d,
  0xf8,0x00,0x01,0xff,0xe0,0x7f,0xf8,0x00,0x01,0xff,0xe0,0x7f,0xf8,0x00,0x00,0xff,0xc0,0x3f,0xf8,0x00,0x00,0xff,0xc0,0x3f,
  0xf0,0x00,0x00,0xff,0xc0,0x3f,0xf0,0x00,0x00,0xff,0xc0,0x1f,0xf0,0x00,0x00,0x7f,0x80,0x1f,0xe0,0x00,0x00,0x7f,0x80,0x1f,
  0xe0,0x00,0x3f,0xc0,0x0f,0xf0,0x1f,0xe0,0x0f,0xf0,0x1f,0xe0,0x1f,0xe0,0x0f,0xf0,0x1f,0xe0,0x0f,0xf0,0x3f,0xc0,0x07,0xf8,
  0x7f,0x80,0x03,0xf8,0x7f,0x80,0x03,0xfc,0xff,0x00,0x01,0xfc,0xfe,0x00,0x01,0xff,0xfe,0x00,0x00,0xff,0xfc,0x00,0x00,0x7f,
  0xfc,0x00,0x00,0x7f,0xf8,0x00,0x00,0x3f,0xf0,0x00,0x00,0x3f,0xf0,0x00,0x00,0x7f,0xf8,0x00,0x00,0x7f,0xf8,0x00,0x00,0xff,
  0xfc,0x00,0x00,0xff,0xfe,0x00,0x01,0xfc,0xfe,0x00,0x03,0xfc,0xff,0x00,0x03,0xf8,0x7f,0x00,0x07,0xf8,0x7f,0x80,0x0f,0xf0,
  0x3f,0xc0,0x0f,0xf0,0x3f,0xc0,0x1f,0xe0,0x1f,0xe0,0x1f,0xe0,0x1f,0xf0,0x3f,0xc0,0x0f,0xf0,0x7f,0x80,0x07,0xf8,0x7f,0x80,
  0x03,0xfc,0x7f,0x80,0x03,0xfc,0x3f,0xc0,0x03,0xfc,0x3f,0xc0,0x07,0xf8,0x3f,0xc0,0x07,0xf8,0x1f,0xe0,0x07,0xf0,0x1f,0xe0,
  0x0f,0xf0,0x0f,0xe0,0x0f,0xf0,0x0f,0xf0,0x0f,0xe0,0x0f,0xf0,0x1f,0xe0,0x07,0xf0,0x1f,0xe0,0x07,0xf8,0x1f,0xc0,0x07,0xf8,
  0x3f,0xc0,0x03,0xf8,0x3f,0x80,0x03,0xf8,0x3f,0x80,0x03,0xfc,0x7f,0x80,0x01,0xfc,0x7f,0x00,0x01,0xfc,0x7f,0x00,0x00,0xfe,
  0x7f,0x00,0x00,0xfe,0xfe,0x00,0x00,0xfe,0xfe,0x00,0x00,0x7e,0xfc,0x00,0x00,0x7f,0xfc,0x00,0x00,0x7f,0xfc,0x00,0x00,0x3f,
  0xf8,0x00,0x00,0x3f,0xf8,0x00,0x00,0x1f,0xf8,0x00,0x00,0x1f,0xf0,0x00,0x00,0x1f,0xf0,0x00,0x00,0x1f,0xf0,0x00,0x00,0x1f,
  0xe0,0x00,0x00,0x1f,0xe0,0x00,0x00,0x1f,0xc0,0x00,0x00,0x7f,0xc0,0x00,0x0f,0xff,0x80,0x00,0x0f,0xff,0x80,0x00,0x0f,0xff,
  0x00,0x00,0x0f,0xfe,0x00,0x00,0x1f,0xfc,0x00,0x00,0x0f,0xf0,0x00,0x00,0x1f,0xff,0xff,0xc0,0x1f,0xff,0xff,0xc0,0x1f,0xff,
  0xff,0xc0,0x1f,0xff,0xff,0xc0,0x1f,0xff,0xff,0xc0,0x1f,0xff,0xff,0xc0,0x00,0x00,0xff,0x80,0x00,0x00,0xff,0x00,0x00,0x01,
  0xfe,0x00,0x00,0x03,0xfe,0x00,0x00,0x07,0xfc,0x00,0x00,0x07,0xf8,0x00,0x00,0x0f,0xf0,0x00,0x00,0x1f,0xf0,0x00,0x00,0x3f,
  0xe0,0x00,0x00,0x3f,0xc0,0x00,0x00,0x7f,0x80,0x00,0x00,0xff,0x80,0x00,0x01,0xff,0x00,0x00,0x01,0xfe,0x00,0x00,0x03,0xfc,
  0x00,0x00,0x07,0xfc,0x00,0x00,0x07,0xf8,0x00,0x00,0x0f,0xff,0xff,0xe0,0x1f,0xff,0xff,0xe0,0x1f,0xff,0xff,0xe0,0x1f,0xff,
  0xff,0xe0,0x1f,0xff,0xff,0xe0,0x1f,0xff,0xff,0xe0,0x00,0x00,0x7c,0x00,0x03,0xfe,0x00,0x07,0xfe,0x00,0x0f,0xfe,0x00,0x1f,
  0xfe,0x00,0x1f,0xfe,0x00,0x3f,0xe0,0x00,0x3f,0xc0,0x00,0x3f,0x80,0x00,0x3f,0x80,0x00,0x3f,0x80,0x00,0x3f,0x80,0x00,0x3f,
  0x80,0x00,0x3f,0x80,0x00,0x3f,0x80,0x00,0x3f,0x80,0x00,0x3f,0x80,0x00,0x3f,0x80,0x00,0x7f,0x80,0x00,0x7f,0x80,0x00,0xff,
  0x00,0x0f,0xff,0x00,0x0f,0xfe,0x00,0x0f,0xf8,0x00,0x0f,0xe0,0x00,0x0f,0xf8,0x00,0x0f,0xfe,0x00,0x0f,0xff,0x00,0x00,0xff,
  0x00,0x00,0x7f,0x80,0x00,0x3f,0x80,0x00,0x3f,0x80,0x00,0x3f,0x80,0x00,0x3f,0x80,0x00,0x3f,0x80,0x00,0x3f,0x80,0x00,0x3f,
  0x80,0x00,0x3f,0x80,0x00,0x3f,0x80,0x00,0x3f,0x80,0x00,0x3f,0xc0,0x00,0x3f,0xe0,0x00,0x1f,0xfe,0x00,0x1f,0xfe,0x00,0x0f,
  0xfe,0x00,0x07,0xfe,0x00,0x03,0xfe,0x00,0x00,0x7c,0x03,0xfc,0x00,0x03,0xfc,0x00,0x03,0xfc,0x00,0x03,0xfc,0x00,0x03,0xfc,
  0x00,0x03,0xfc,0x00,0x03,0xfc,0x00,0x03,0xfc,0x00,0x03,0xfc,0x00,0x03,0xfc,0x00,0x03,0xfc,0x00,0x03,0xfc,0x00,0x03,0xfc,
  0x00,0x03,0xfc,0x00,0x03,0xfc,0x00,0x03,0xfc,0x00,0x03,0xfc,0x00,0x03,0xfc,0x00,0x03,0xfc,0x00,0x03,0xfc,0x00,0x03,0xfc,
  0x00,0x03,0xfc,0x00,0x03,0xfc,0x00,0x03,0xfc,0x00,0x03,0xfc,0x00,0x03,0xfc,0x00,0x03,0xfc,0x00,0x03,0xfc,0x00,0x03,0xfc,
  0x00,0x03,0xfc,0x00,0x03,0xfc,0x00,0x03,0xfc,0x00,0x03,0xfc,0x00,0x03,0xfc,0x00,0x03,0xfc,0x00,0x03,0xfc,0x00,0x03,0xfc,
  0x00,0x03,0xfc,0x00,0x03,0xfc,0x00,0x03,0xfc,0x00,0x03,0xfc,0x00,0x03,0xfc,0x00,0x03,0xfc,0x00,0x03,0xfc,0x00,0x03,0xfc,
  0x00,0x03,0xfc,0x00,0x03,0xfc,0x00,0x03,0xfc,0x00,0x03,0xfc,0x00,0x03,0xfc,0x00,0x03,0xfc,0x00,0x03,0xfc,0x00,0x03,0xfc,
  0x00,0x03,0xfc,0x00,0x03,0xfc,0x00,0x03,0xfc,0x00,0x03,0xfc,0x00,0x03,0xfc,0x00,0x03,0xfc,0x00,0x03,0xfc,0x00,0x03,0xfc,
  0x00,0x03,0xfc,0x00,0x03,0xfc,0x00,0x1f,0x00,0x00,0x3f,0xe0,0x00,0x3f,0xf0,0x00,0x3f,0xf8,0x00,0x3f,0xfc,0x00,0x3f,0xfc,
  0x00,0x03,0xfe,0x00,0x01,0xfe,0x00,0x00,0xfe,0x00,0x00,0xfe,0x00,0x00,0xfe,0x00,0x00,0xfe,0x00,0x00,0xfe,0x00,0x00,0xfe,
  0x00,0x00,0xfe,0x00,0x00,0xfe,0x00,0x00,0xfe,0x00,0x00,0xfe,0x00,0x00,0xff,0x00,0x00,0xff,0x00,0x00,0x7f,0xc0,0x00,0x7f,
  0xf8,0x00,0x3f,0xf8,0x00,0x0f,0xf8,0x00,0x03,0xf8,0x00,0x0f,0xf8,0x00,0x3f,0xf8,0x00,0x7f,0xf8,0x00,0x7f,0xc0,0x00,0xff,
  0x00,0x00,0xff,0x00,0x00,0xfe,0x00,0x00,0xfe,0x00,0x00,0xfe,0x00,0x00,0xfe,0x00,0x00,0xfe,0x00,0x00,0xfe,0x00,0x00,0xfe,
  0x00,0x00,0xfe,0x00,0x00,0xfe,0x00,0x01,0xfe,0x00,0x03,0xfe,0x00,0x3f,0xfc,0x00,0x3f,0xfc,0x00,0x3f,0xf8,0x00,0x3f,0xf0,
  0x00,0x3f,0xe0,0x00,0x1f,0x00,0x00,0x00,0x00,0x00,0x00,0x00,0x00,0x7e,0x00,0x00,0x00,0x01,0xff,0x80,0x7e,0x00,0x03,0xff,
  0xc0,0x7e,0x00,0x07,0xff,0xe0,0xfe,0x00,0x07,0xff,0xf1,0xfe,0x00,0x07,0xff,0xff,0xfc,0x00,0x0f,0xe1,0xff,0xfc,0x00,0x0f,
  0xe0,0xff,0xf8,0x00,0x0f,0xc0,0x7f,0xf8,0x00,0x0f,0xc0,0x3f,0xf0,0x00,0x00,0x00,0x0f,0xc0,0x00,0x00,0x00,0x00,0x00,0x00,
  0x00,0x00,0x00,0x00,0x00,0x00,0x00,0x00,0x00,0x00,0x00,0x00,0x00,0x00,0x00,0x00,0x00,0x00,0x00,0x00,0x00,0x00,0x00,0x00,
  0x00,0x00,0x00,0x00,0x00,0x00,0x00,0x00,0x00,0x00,0x00,0x00,0x00,0x00,0x00,0x00,0x00,0x00,0x00,0x00,0x00,0x00,0x7e,0x00,
  0x01,0xff,0x80,0x03,0xff,0xc0,0x07,0xff,0xe0,0x0f,0xff,0xf0,0x0f,0xc3,0xf0,0x1f,0x81,0xf8,0x1f,0x00,0xf8,0x1f,0x00,0xf8,
  0x1f,0x00,0xf8,0x1f,0x00,0xf8,0x1f,0x81,0xf8,0x0f,0xc3,0xf0,0x0f,0xff,0xf0,0x07,0xff,0xe0,0x03,0xff,0xc0,0x01,0xff,0x80,
  0x00,0x7e,0x00,0x00,0x00,0x00,0x00,0x00,0x00,0x00,0x00,0x00,0x00,0x00,0x00,0x00,0x00,0x00,0x00,0x00,0x00,0x00,0x00,0x00,
  0x00,0x00,0x00,0x00,0x00,0x00,0x00,0x00,0x00,0x00,0x00,0x00,0x00,0x00,0x00,0x00,0x00,0x00,0x00,0x00,0x00,0x00,0x00,0x00,
  0x00,0x00,0x00,0x00,0x00,0x00,0x00,0x00,0x00,0x00,0x00,0x00,0x00,0x00,0x00,0x03,0xe0,0x00,0x07,0xf0,0x00,0x0f,0xf8,0x00,
  0x0f,0xf8,0x00,0x0f,0xf8,0x00,0x0f,0xf8,0x00,0x0f,0xf8,0x00,0x07,0xf0,0x00,0x03,0xe0,0x00,0x00,0x00,0x00,0x00,0x00,0x00,
  0x00,0x00,0x00,0x00,0x00,0x00,0x00,0x00,0x00,0x00,0x00,0x00,0x00,0x00,0x00,0x00,0x00,0x00,0x00,0x00,0x00,0x00,0x00,0x00,
  0x00,0x00,0x00,0x00,0x00,0x00,0x00,0x00,0x00,0x00,0x00,0x00,0x00,0x00,0x00,0x00,0x00,0x00,0xc0,0x00,0x70,0x00,0x01,0xe0,
  0x00,0xf0,0x00,0x03,0xf0,0x01,0xf8,0x00,0x07,0xf8,0x03,0xfc,0x00,0x07,0xfc,0x07,0xfe,0x00,0x03,0xfe,0x0f,0xfc,0x00,0x01,
  0xff,0x1f,0xf8,0x00,0x00,0xff,0xbf,0xf0,0x00,0x00,0x7f,0xff,0xe0,0x00,0x00,0x3f,0xff,0xc0,0x00,0x00,0x1f,0xff,0x80,0x00,
  0x00,0x0f,0xff,0x00,0x00,0x00,0x07,0xfe,0x00,0x00,0x00,0x0f,0xfe,0x00,0x00,0x00,0x1f,0xff,0x00,0x00,0x00,0x3f,0xff,0x80,
  0x00,0x00,0x7f,0xff,0xc0,0x00,0x00,0xff,0xff,0xe0,0x00,0x01,0xff,0x9f,0xf0,0x00,0x03,0xff,0x0f,0xf8,0x00,0x07,0xfe,0x07,
  0xfc,0x00,0x07,0xfc,0x03,0xfe,0x00,0x07,0xf8,0x01,0xfc,0x00,0x03,0xf0,0x00,0xf8,0x00,0x01,0xe0,0x00,0x70,0x00,0x00,0xc0,
  0x00,0x20,0x00,0x00,0x00,0x00,0x00,0x00,0x00,0x00,0x00,0x00,0x00,0x00,0x00,0xfe,0x00,0x00,0x00,0xfc,0x00,0x00,0x01,0xfc,
  0x00,0x00,0x01,0xf8,0x00,0x00,0x03,0xf0,0x00,0x00,0x03,0xf0,0x00,0x00,0x03,0xe0,0x00,0x00,0x07,0xe0,0x00,0x00,0x00,0x00,
  0x00,0x00,0x00,0x00,0x00,0x00,0x00,0x00,0x00,0x00,0x0f,0xe0,0x00,0x00,0x7f,0xfc,0x00,0x00,0xff,0xff,0x00,0x03,0xff,0xff,
  0x80,0x07,0xff,0xff,0xc0,0x07,0xff,0xff,0xe0,0x0f,0xfc,0x3f,0xe0,0x1f,0xf0,0x0f,0xf0,0x1f,0xe0,0x07,0xf0,0x1f,0xc0,0x07,
  0xf0,0x3f,0xc0,0x07,0xf8,0x3f,0xc0,0x03,0xf8,0x3f,0xff,0xff,0xf8,0x3f,0xff,0xff,0xf8,0x3f,0xff,0xff,0xf8,0x3f,0xff,0xff,
  0xf8,0x3f,0xff,0xff,0xf8,0x3f,0xc0,0x00,0x00,0x3f,0xc0,0x00,0x00,0x1f,0xc0,0x00,0x00,0x1f,0xe0,0x00,0x00,0x1f,0xe0,0x07,
  0xf0,0x0f,0xf8,0x0f,0xf0,0x0f,0xff,0xff,0xf0,0x07,0xff,0xff,0xe0,0x03,0xff,0xff,0xc0,0x01,0xff,0xff,0x80,0x00,0xff,0xff,
  0x00,0x00,0x3f,0xfc,0x00,0x00,0x00,0x00,0x00,0x00,0x00,0x00,0x00,0xff,0xff,0xff,0xc0,0xff,0xff,0xff,0xc0,0xff,0xff,0xff,
  0xc0,0xff,0xff,0xff,0xc0,0xff,0xff,0xff,0xc0,0xff,0xff,0xff,0xc0,0x00,0x00,0x00,0x00,0x00,0x00,0x00,0x00,0x00,0x00,0x00,
  0x00,0x00,0x00,0x00,0x00,0x00,0x00,0x00,0x00,0x00,0x00,0x00,0x00,0x00,0x00,0x00,0x00,0x00,0x00,0x00,0x00,0x00,0x00,0x00,
  0x00,0x00,0x00,0x00,0x00,0x00,0x00,0x00,0x00,0x00,0x00,0x00,0x00,0x00,0x00,0x00,0x00,0x00,0x00,0x00,0x00,0x00,0x00,0x00,
  0xff,0xff,0xff,0xff,0xff,0xff,0xf0,0xff,0xff,0xff,0xff,0xff,0xff,0xf0,0xff,0xff,0xff,0xff,0xff,0xff,0xf0,0xff,0xff,0xff,
  0xff,0xff,0xff,0xf0,0xff,0xff,0xff,0xff,0xff,0xff,0xf0,0xff,0xff,0xff,0xff,0xff,0xff,0xf0,0x00,0x00,0x00,0x00,0x00,0x00,
  0x00,0x00,0x00,0x00,0x00,0x00,0x00,0x00,0x00,0x00,0x00,0x00,0x00,0x00,0x00,0x00,0x00,0x00,0x00,0x00,0x00,0x00,0x00,0x00,
  0x00,0x00,0x00,0x00,0x00,0x00,0x00,0x00,0x00,0x00,0x00,0x00,0x00,0x00,0x00,0x00,0x00,0x00,0x00,0x00,0x00,0x00,0x00,0x00,
  0x00,0x00,0x00,0x00,0x00,0x00,0x00,0x00,0x00,0x00,0x00,0x00,0x00,0x00,0x00,0x00,0x00,0x00,0x00,0x00,0x00,0x00,0x00,0x00,
  0x00,0x00,0x00,0x00,0x00,0x00,0x00,0x00,0x00,0x00,0x00,0x00,0x00,0x00,0x7c,0x00,0xfc,0x00,0xfc,0x00,0xfc,0x00,0xf8,0x01,
  0xf8,0x01,0xf8,0x01,0xf8,0x03,0xf8,0x03,0xf8,0x03,0xf8,0x07,0xf0,0x07,0xf0,0x07,0xf0,0x07,0xf0,0x0f,0xf0,0x00,0x00,0x00,
  0x00,0x00,0x00,0x00,0x00,0x00,0x00,0x00,0x00,0x00,0x00,0x00,0x00,0x00,0x00,0x00,0x00,0x00,0x00,0x00,0x00,0x00,0x00,0x00,
  0x00,0x00,0x00,0x00,0x00,0x00,0x00,0x00,0x00,0x00,0x00,0x00,0x00,0x00,0x00,0x00,0x00,0x03,0xfc,0x03,0xfc,0x03,0xf8,0x03,
  0xf8,0x03,0xf8,0x03,0xf0,0x03,0xf0,0x07,0xf0,0x07,0xf0,0x07,0xe0,0x07,0xe0,0x07,0xe0,0x07,0xc0,0x07,0xc0,0x0f,0xc0,0x0f,
  0xc0,0x00,0x00,0x00,0x00,0x00,0x00,0x00,0x00,0x00,0x00,0x00,0x00,0x00,0x00,0x00,0x00,0x00,0x00,0x00,0x00,0x00,0x00,0x00,
  0x00,0x00,0x00,0x00,0x00,0x00,0x00,0x00,0x00,0x00,0x00,0x00,0x00,0x00,0x00,0x00,0x00,0x00,0x00,0x00,0x00,0x00,0x7c,0x07,
  0xc0,0x00,0xfc,0x0f,0xc0,0x00,0xfc,0x0f,0xc0,0x00,0xfc,0x0f,0x80,0x00,0xf8,0x1f,0x80,0x01,0xf8,0x1f,0x80,0x01,0xf8,0x1f,
  0x80,0x01,0xf8,0x1f,0x80,0x03,0xf8,0x3f,0x80,0x03,0xf8,0x3f,0x80,0x03,0xf8,0x3f,0x80,0x07,0xf0,0x7f,0x00,0x07,0xf0,0x7f,
  0x00,0x07,0xf0,0x7f,0x00,0x07,0xf0,0x7f,0x00,0x0f,0xf0,0xff,0x00,0x00,0x00,0x00,0x00,0x00,0x00,0x00,0x00,0x00,0x00,0x00,
  0x00,0x00,0x00,0x00,0x00,0x00,0x00,0x00,0x00,0x00,0x00,0x00,0x00,0x00,0x00,0x00,0x00,0x00,0x00,0x00,0x00,0x00,0x00,0x00,
  0x00,0x00,0x00,0x00,0x00,0x00,0x00,0x00,0x00,0x00,0x00,0x00,0x00,0x00,0x00,0x00,0x00,0x00,0x00,0x00,0x00,0x00,0x00,0x00,
  0x00,0x00,0x00,0x00,0x00,0x00,0x00,0x00,0x00,0x00,0x00,0x00,0x00,0x00,0x00,0x00,0x00,0x00,0x00,0x00,0x00,0x00,0x00,0x00,
  0x00,0x00,0x00,0x00,0x00,0x03,0xfc,0x3f,0x80,0x03,0xfc,0x3f,0x80,0x03,0xf8,0x3f,0x80,0x03,0xf8,0x7f,0x80,0x03,0xf8,0x7f,
  0x00,0x03,0xf0,0x7f,0x00,0x03,0xf0,0x7f,0x00,0x07,0xf0,0x7e,0x00,0x07,0xf0,0x7e,0x00,0x07,0xe0,0x7e,0x00,0x07,0xe0,0xfc,
  0x00,0x07,0xe0,0xfc,0x00,0x07,0xc0,0xfc,0x00,0x07,0xc0,0xfc,0x00,0x0f,0xc0,0xf8,0x00,0x0f,0xc0,0xf8,0x00,0x00,0x00,0x00,
  0x00,0x00,0x00,0x00,0x00,0x00,0x00,0x00,0x00,0x00,0x00,0x00,0x00,0x00,0x00,0x00,0x00,0x00,0x00,0x00,0x00,0x00,0x00,0x00,
  0x00,0x00,0x00,0x00,0x00,0x00,0x00,0x00,0x00,0x00,0x00,0x00,0x00,0x00,0x00,0x00,0x00,0x00,0x00,0x00,0x00,0x00,0x00,0x00,
  0x00,0x00,0x00,0x00,0x00,0x00,0x00,0x00,0x00,0x00,0x00,0x00,0x00,0x00,0x00,0x00,0x00,0x00,0x00,0x00,0x00,0x00,0x00,0x00,
  0x00,0x00,0x00,0x00,0x00,0x00,0x00,0x00,0x00,0x00,0x00,0x00,0x00,0x00,0x7e,0x00,0x00,0x01,0xff,0x80,0x00,0x03,0xff,0xc0,
  0x00,0x07,0xff,0xe0,0x00,0x07,0xff,0xe0,0x00,0x0f,0xff,0xf0,0x00,0x0f,0xff,0xf0,0x00,0x0f,0xff,0xf0,0x00,0x0f,0xff,0xf0,
  0x00,0x0f,0xff,0xf0,0x00,0x0f,0xff,0xf0,0x00,0x07,0xff,0xe0,0x00,0x07,0xff,0xe0,0x00,0x03,0xff,0xc0,0x00,0x01,0xff,0x80,
  0x00,0x00,0x7e,0x00,0x00,0x00,0x00,0x00,0x00,0x00,0x00,0x00,0x00,0x00,0x00,0x00,0x00,0x00,0x00,0x00,0x00,0x00,0x00,0x00,
  0x00,0x00,0x00,0x00,0x00,0x00,0x00,0x00,0x00,0x00,0x00,0x00,0x00,0x00,0x00,0x00,0x03,0xe0,0x01,0xf0,0x00,0xf8,0x00,0x07,
  0xf0,0x03,0xf8,0x01,0xfc,0x00,0x0f,0xf8,0x07,0xfc,0x03,0xfe,0x00,0x0f,0xf8,0x07,0xfc,0x03,0xfe,0x00,0x0f,0xf8,0x07,0xfc,
  0x03,0xfe,0x00,0x0f,0xf8,0x07,0xfc,0x03,0xfe,0x00,0x07,0xf0,0x03,0xf8,0x01,0xfc,0x00,0x03,0xe0,0x01,0xf0,0x00,0xf8,0x00,
  0x00,0x00,0x00,0x00,0x00,0x00,0x00,0x00,0x00,0x00,0x00,0x00,0x07,0xff,0xff,0xfe,0x00,0x07,0xff,0xff,0xfe,0x00,0x07,0xff,
  0xff,0xfe,0x00,0x07,0xff,0xff,0xfe,0x00,0x07,0xff,0xff,0xfe,0x00,0x07,0xff,0xff,0xfe,0x00,0x00,0x00,0x00,0x00,0x00,0x00,
  0x00,0x00,0x00,0x00,0x00,0x00,0x00,0x00,0x00,0x00,0x00,0x00,0x00,0x00,0x00,0x00,0x00,0x00,0x00,0x00,0x00,0x00,0x00,0x00,
  0x00,0x00,0x00,0x00,0x00,0x00,0x00,0x00,0x00,0x00,0x00,0x00,0x00,0x00,0x00,0x00,0x00,0x00,0x00,0x00,0x00,0x00,0x00,0x00,
  0x00,0x00,0x00,0x00,0x00,0x00
};

static const Glyph FL_UI_XL_glyphs[] = {
  {0x0020,0,12,0,12,0,0},
  {0x0021,0,18,39,18,0,-38},
  {0x0022,117,29,38,29,0,-38},
  {0x0023,269,34,38,34,0,-38},
  {0x0024,459,34,48,34,0,-43},
  {0x0025,699,53,40,53,0,-39},
  {0x0026,979,35,40,35,0,-39},
  {0x0027,1179,18,38,18,0,-38},
  {0x0028,1293,20,48,20,0,-41},
  {0x0029,1437,20,48,20,0,-41},
  {0x002a,1581,29,38,29,0,-38},
  {0x002b,1733,35,29,35,0,-29},
  {0x002c,1878,17,16,17,0,-6},
  {0x002d,1926,24,20,24,0,-20},
  {0x002e,1986,17,10,17,0,-9},
  {0x002f,2016,20,46,20,0,-40},
  {0x0030,2154,35,40,35,0,-39},
  {0x0031,2354,22,38,22,0,-38},
  {0x0032,2468,33,39,33,0,-39},
  {0x0033,2663,34,40,34,0,-39},
  {0x0034,2863,35,38,35,0,-38},
  {0x0035,3053,32,39,32,0,-38},
  {0x0036,3209,34,40,34,0,-39},
  {0x0037,3409,30,38,30,0,-38},
  {0x0038,3561,34,40,34,0,-39},
  {0x0039,3761,34,40,34,0,-39},
  {0x003a,3961,17,28,17,0,-27},
  {0x003b,4045,18,38,18,0,-28},
  {0x003c,4159,35,31,35,0,-31},
  {0x003d,4314,35,25,35,0,-25},
  {0x003e,4439,35,31,35,0,-31},
  {0x003f,4594,29,40,29,0,-39},
  {0x0040,4754,53,49,53,0,-38},
  {0x0041,5097,39,38,39,0,-38},
  {0x0042,5287,34,38,34,0,-38},
  {0x0043,5477,38,40,38,0,-39},
  {0x0044,5677,38,38,38,0,-38},
  {0x0045,5867,32,38,32,0,-38},
  {0x0046,6019,31,38,31,0,-38},
  {0x0047,6171,39,40,39,0,-39},
  {0x0048,6371,39,38,39,0,-38},
  {0x0049,6561,15,38,15,0,-38},
  {0x004a,6637,30,39,30,0,-38},
  {0x004b,6793,37,38,37,0,-38},
  {0x004c,6983,29,38,29,0,-38},
  {0x004d,7135,48,38,48,0,-38},
  {0x004e,7363,40,38,40,0,-38},
  {0x004f,7553,40,40,40,0,-39},
  {0x0050,7753,34,38,34,0,-38},
  {0x0051,7943,40,42,40,0,-39},
  {0x0052,8153,34,38,34,0,-38},
  {0x0053,8343,34,40,34,0,-39},
  {0x0054,8543,35,38,35,0,-38},
  {0x0055,8733,38,39,38,0,-38},
  {0x0056,8928,39,38,39,0,-38},
  {0x0057,9118,54,38,54,0,-38},
  {0x0058,9384,38,38,38,0,-38},
  {0x0059,9574,38,38,38,0,-38},
  {0x005a,9764,35,38,35,0,-38},
  {0x005b,9954,20,48,20,0,-41},
  {0x005c,10098,20,46,20,0,-40},
  {0x005d,10236,20,48,20,0,-41},
  {0x005e,10380,25,38,25,0,-38},
  {0x005f,10532,25,7,25,0,-1},
  {0x0060,10560,19,40,19,0,-40},
  {0x0061,10680,30,30,30,0,-29},
  {0x0062,10800,33,39,33,0,-38},
  {0x0063,10995,31,30,31,0,-29},
  {0x0064,11115,33,39,33,0,-38},
  {0x0065,11310,31,30,31,0,-29},
  {0x0066,11430,22,40,21,0,-40},
  {0x0067,11550,33,40,33,0,-29},
  {0x0068,11750,32,38,32,0,-38},
  {0x0069,11902,14,40,14,0,-40},
  {0x006a,11982,15,51,14,-1,-40},
  {0x006b,12084,30,38,30,0,-38},
  {0x006c,12236,14,38,14,0,-38},
  {0x006d,12312,47,29,47,0,-29},
  {0x006e,12486,32,29,32,0,-29},
  {0x006f,12602,32,30,32,0,-29},
  {0x0070,12722,33,40,33,0,-29},
  {0x0071,12922,33,40,33,0,-29},
  {0x0072,13122,21,29,21,0,-29},
  {0x0073,13209,29,30,29,0,-29},
  {0x0074,13329,19,37,19,0,-36},
  {0x0075,13440,32,30,32,0,-29},
  {0x0076,13560,31,29,31,0,-29},
  {0x0077,13676,44,29,44,0,-29},
  {0x0078,13850,30,29,30,0,-29},
  {0x0079,13966,31,40,31,0,-29},
  {0x007a,14126,30,29,30,0,-29},
  {0x007b,14242,24,48,24,0,-41},
  {0x007c,14386,19,63,19,0,-51},
  {0x007d,14575,24,48,24,0,-41},
  {0x007e,14719,35,22,35,0,-22},
  {0x00b0,14829,24,38,24,0,-38},
  {0x00b7,14943,17,23,17,0,-23},
  {0x00d7,15012,35,29,35,0,-29},
  {0x00e9,15157,31,41,31,0,-40},
  {0x2013,15321,26,20,26,0,-20},
  {0x2014,15401,52,20,52,0,-20},
  {0x2018,15541,16,38,16,0,-38},
  {0x2019,15617,16,38,16,0,-38},
  {0x201c,15693,28,38,28,0,-38},
  {0x201d,15845,28,38,28,0,-38},
  {0x2022,15997,25,23,25,0,-23},
  {0x2026,16089,52,10,52,0,-9},
  {0x2212,16159,35,19,35,0,-19}
};
const Font FL_UI_XL = {FL_UI_XL_bits, FL_UI_XL_glyphs, 108, 51, 13, 64};

static const uint8_t FL_TITLE_bits[] = {
  0x0f,0xc0,0x0f,0xc0,0x0f,0xc0,0x0f,0xc0,0x0f,0xc0,0x0f,0xc0,0x0f,0xc0,0x0f,0xc0,0x0f,0xc0,0x0f,0xc0,0x0f,0xc0,0x0f,0xc0,
  0x0f,0xc0,0x0f,0xc0,0x0f,0xc0,0x0f,0xc0,0x0f,0xc0,0x0f,0xc0,0x0f,0xc0,0x0f,0xc0,0x0f,0xc0,0x00,0x00,0x00,0x00,0x07,0x00,
  0x0f,0x80,0x1f,0xc0,0x1f,0xc0,0x1f,0xc0,0x0f,0x80,0x07,0x00,0x0f,0x87,0xc0,0x0f,0x87,0xc0,0x0f,0x87,0xc0,0x0f,0x87,0xc0,
  0x0f,0x87,0xc0,0x0f,0x87,0xc0,0x0f,0x87,0xc0,0x0f,0x87,0xc0,0x0f,0x87,0xc0,0x0f,0x87,0xc0,0x0f,0x87,0xc0,0x0f,0x87,0xc0,
  0x0f,0x87,0xc0,0x00,0x00,0x00,0x00,0x00,0x00,0x00,0x00,0x00,0x00,0x00,0x00,0x00,0x00,0x00,0x00,0x00,0x00,0x00,0x00,0x00,
  0x00,0x00,0x00,0x00,0x00,0x00,0x00,0x00,0x00,0x00,0x00,0x00,0x00,0x00,0x00,0x00,0x00,0x00,0x00,0x00,0x00,0x00,0x00,0x00,
  0x00,0x00,0x00,0x00,0x00,0x00,0x00,0xf8,0x1f,0x00,0x00,0xf8,0x1f,0x00,0x00,0xf8,0x1e,0x00,0x00,0xf0,0x1e,0x00,0x00,0xf0,
  0x3e,0x00,0x01,0xf0,0x3e,0x00,0x01,0xf0,0x3e,0x00,0x1f,0xff,0xff,0xe0,0x1f,0xff,0xff,0xe0,0x1f,0xff,0xff,0xc0,0x3f,0xff,
  0xff,0xc0,0x3f,0xff,0xff,0xc0,0x03,0xe0,0x7c,0x00,0x03,0xe0,0x7c,0x00,0x03,0xe0,0x78,0x00,0x03,0xc0,0x78,0x00,0x03,0xc0,
  0xf8,0x00,0x03,0xc0,0xf8,0x00,0x7f,0xff,0xff,0x80,0x7f,0xff,0xff,0x80,0x7f,0xff,0xff,0x80,0x7f,0xff,0xff,0x00,0x7f,0xff,
  0xff,0x00,0x07,0x81,0xf0,0x00,0x0f,0x81,0xf0,0x00,0x0f,0x81,0xf0,0x00,0x0f,0x81,0xe0,0x00,0x0f,0x81,0xe0,0x00,0x0f,0x03,
  0xe0,0x00,0x0f,0x03,0xe0,0x00,0x00,0x06,0x00,0x00,0x00,0x06,0x00,0x00,0x00,0x06,0x00,0x00,0x00,0x06,0x00,0x00,0x00,0x3f,
  0xe0,0x00,0x00,0xff,0xf8,0x00,0x03,0xff,0xfe,0x00,0x07,0xff,0xff,0x00,0x0f,0xff,0xff,0x80,0x0f,0xe6,0x7f,0x80,0x1f,0xc6,
  0x1f,0xc0,0x1f,0x86,0x1f,0xc0,0x1f,0x86,0x0f,0xc0,0x1f,0xc6,0x00,0x00,0x1f,0xc6,0x00,0x00,0x0f,0xf6,0x00,0x00,0x0f,0xff,
  0x00,0x00,0x07,0xff,0xe0,0x00,0x03,0xff,0xfc,0x00,0x00,0xff,0xfe,0x00,0x00,0x3f,0xff,0x00,0x00,0x07,0xff,0x80,0x00,0x06,
  0x7f,0xc0,0x00,0x06,0x1f,0xc0,0x00,0x06,0x0f,0xc0,0x3f,0x06,0x0f,0xc0,0x3f,0x86,0x0f,0xc0,0x3f,0xc6,0x1f,0xc0,0x1f,0xe6,
  0x7f,0xc0,0x1f,0xff,0xff,0x80,0x0f,0xff,0xff,0x00,0x07,0xff,0xfe,0x00,0x01,0xff,0xfc,0x00,0x00,0x7f,0xe0,0x00,0x00,0x06,
  0x00,0x00,0x00,0x06,0x00,0x00,0x00,0x06,0x00,0x00,0x00,0x06,0x00,0x00,0x00,0xf8,0x00,0x07,0xc0,0x00,0x03,0xfe,0x00,0x07,
  0x80,0x00,0x07,0xff,0x00,0x0f,0x00,0x00,0x07,0xff,0x00,0x1f,0x00,0x00,0x0f,0x8f,0x80,0x1e,0x00,0x00,0x0f,0x07,0x80,0x3c,
  0x00,0x00,0x0f,0x07,0x80,0x7c,0x00,0x00,0x0f,0x07,0x80,0xf8,0x00,0x00,0x0f,0x07,0x80,0xf0,0x00,0x00,0x0f,0x8f,0x81,0xf0,
  0x00,0x00,0x07,0xff,0x03,0xe0,0x00,0x00,0x07,0xff,0x03,0xc0,0x00,0x00,0x03,0xfe,0x07,0x80,0x00,0x00,0x00,0xf8,0x0f,0x80,
  0x00,0x00,0x00,0x00,0x0f,0x00,0x00,0x00,0x00,0x00,0x1e,0x03,0xe0,0x00,0x00,0x00,0x3e,0x0f,0xf8,0x00,0x00,0x00,0x7c,0x1f,
  0xfc,0x00,0x00,0x00,0x78,0x1f,0xfc,0x00,0x00,0x00,0xf0,0x3e,0x3e,0x00,0x00,0x01,0xf0,0x3c,0x1e,0x00,0x00,0x01,0xe0,0x3c,
  0x1e,0x00,0x00,0x03,0xc0,0x3c,0x1e,0x00,0x00,0x07,0xc0,0x3c,0x1e,0x00,0x00,0x0f,0x80,0x3c,0x1e,0x00,0x00,0x0f,0x00,0x3e,
  0x3e,0x00,0x00,0x1e,0x00,0x1f,0xfc,0x00,0x00,0x3e,0x00,0x1f,0xfc,0x00,0x00,0x3c,0x00,0x0f,0xf8,0x00,0x00,0x78,0x00,0x03,
  0xe0,0x00,0x00,0x3f,0x00,0x00,0x00,0xff,0xc0,0x00,0x01,0xff,0xe0,0x00,0x03,0xff,0xf0,0x00,0x03,0xff,0xf8,0x00,0x07,0xe1,
  0xf8,0x00,0x07,0xc0,0xf8,0x00,0x07,0xc0,0xf8,0x00,0x07,0xc0,0xf8,0x00,0x07,0xe1,0xf0,0x00,0x03,0xe7,0xf0,0x00,0x03,0xff,
  0xe0,0x00,0x01,0xff,0xc0,0x00,0x00,0xff,0x00,0x00,0x01,0xfe,0x00,0x00,0x03,0xff,0x07,0xc0,0x0f,0xff,0x87,0xc0,0x1f,0xff,
  0xc7,0xc0,0x1f,0xcf,0xe7,0xc0,0x3f,0x87,0xff,0xc0,0x3f,0x03,0xff,0x80,0x3f,0x01,0xff,0x80,0x3f,0x00,0xff,0x00,0x3f,0x80,
  0xff,0x00,0x1f,0xc0,0xff,0x00,0x1f,0xff,0xff,0x00,0x0f,0xff,0xff,0x80,0x07,0xff,0xff,0xc0,0x03,0xff,0xe7,0xe0,0x00,0x7f,
  0x07,0xe0,0x0f,0x80,0x0f,0x80,0x0f,0x80,0x0f,0x80,0x0f,0x80,0x0f,0x80,0x0f,0x80,0x0f,0x80,0x0f,0x80,0x0f,0x80,0x0f,0x80,
  0x0f,0x80,0x0f,0x80,0x00,0x00,0x00,0x00,0x00,0x00,0x00,0x00,0x00,0x00,0x00,0x00,0x00,0x00,0x00,0x00,0x00,0x00,0x00,0x00,
  0x00,0x00,0x00,0x00,0x00,0x00,0x00,0x00,0x00,0x00,0x00,0x00,0x00,0x00,0x00,0xfc,0x01,0xf8,0x01,0xf8,0x03,0xf8,0x03,0xf0,
  0x03,0xf0,0x07,0xe0,0x07,0xe0,0x07,0xe0,0x0f,0xe0,0x0f,0xc0,0x0f,0xc0,0x0f,0xc0,0x0f,0xc0,0x1f,0xc0,0x1f,0xc0,0x1f,0x80,
  0x1f,0x80,0x1f,0x80,0x1f,0x80,0x1f,0x80,0x1f,0x80,0x1f,0x80,0x1f,0x80,0x1f,0xc0,0x0f,0xc0,0x0f,0xc0,0x0f,0xc0,0x0f,0xc0,
  0x0f,0xe0,0x07,0xe0,0x07,0xe0,0x03,0xf0,0x03,0xf0,0x03,0xf8,0x01,0xf8,0x01,0xf8,0x00,0xfc,0x7e,0x00,0x3f,0x00,0x3f,0x00,
  0x1f,0x80,0x1f,0x80,0x1f,0xc0,0x0f,0xc0,0x0f,0xc0,0x0f,0xe0,0x07,0xe0,0x07,0xe0,0x07,0xe0,0x07,0xe0,0x07,0xf0,0x03,0xf0,
  0x03,0xf0,0x03,0xf0,0x03,0xf0,0x03,0xf0,0x03,0xf0,0x03,0xf0,0x03,0xf0,0x03,0xf0,0x03,0xf0,0x03,0xf0,0x07,0xf0,0x07,0xf0,
  0x07,0xe0,0x07,0xe0,0x0f,0xe0,0x0f,0xc0,0x0f,0xc0,0x1f,0xc0,0x1f,0x80,0x1f,0x80,0x3f,0x00,0x3f,0x00,0x7e,0x00,0x00,0x3c,
  0x00,0x00,0x3c,0x00,0x00,0x3c,0x00,0x06,0x3c,0x60,0x0f,0x3c,0xf0,0x0f,0xff,0xf0,0x0f,0xff,0xf0,0x03,0xff,0xc0,0x00,0xff,
  0x00,0x01,0xff,0x80,0x0f,0xff,0xe0,0x0f,0xff,0xf0,0x0f,0x3c,0xf0,0x06,0x3c,0x60,0x00,0x3c,0x00,0x00,0x3c,0x00,0x00,0x3c,
  0x00,0x00,0x00,0x00,0x00,0x00,0x00,0x00,0x00,0x00,0x00,0x00,0x00,0x00,0x00,0x00,0x00,0x00,0x00,0x00,0x00,0x00,0x00,0x00,
  0x00,0x00,0x00,0x00,0x00,0x00,0x00,0x00,0x00,0x00,0x00,0x00,0x00,0x00,0x00,0x00,0x00,0x0f,0x80,0x00,0x00,0x0f,0x80,0x00,
  0x00,0x0f,0x80,0x00,0x00,0x0f,0x80,0x00,0x00,0x0f,0x80,0x00,0x00,0x0f,0x80,0x00,0x00,0x0f,0x80,0x00,0x00,0x0f,0x80,0x00,
  0x0f,0xff,0xff,0x80,0x0f,0xff,0xff,0x80,0x0f,0xff,0xff,0x80,0x0f,0xff,0xff,0x80,0x0f,0xff,0xff,0x80,0x00,0x0f,0x80,0x00,
  0x00,0x0f,0x80,0x00,0x00,0x0f,0x80,0x00,0x00,0x0f,0x80,0x00,0x00,0x0f,0x80,0x00,0x00,0x0f,0x80,0x00,0x00,0x0f,0x80,0x00,
  0x00,0x0f,0x80,0x00,0x00,0x00,0x00,0x00,0x00,0x00,0x00,0x00,0x0f,0xc0,0x0f,0xc0,0x0f,0xc0,0x0f,0x80,0x0f,0x80,0x1f,0x80,
  0x1f,0x80,0x1f,0x00,0x1f,0x00,0x1f,0x00,0x1e,0x00,0x1e,0x00,0x1e,0x00,0x1f,0xff,0x80,0x1f,0xff,0x80,0x1f,0xff,0x80,0x1f,
  0xff,0x80,0x1f,0xff,0x80,0x00,0x00,0x00,0x00,0x00,0x00,0x00,0x00,0x00,0x00,0x00,0x00,0x00,0x00,0x00,0x00,0x00,0x00,0x00,
  0x00,0x00,0x00,0x00,0x00,0x00,0x00,0x00,0x00,0x00,0x00,0x07,0x00,0x0f,0x80,0x1f,0xc0,0x1f,0xc0,0x1f,0xc0,0x0f,0x80,0x07,
  0x00,0x00,0x3f,0x00,0x3e,0x00,0x3e,0x00,0x7e,0x00,0x7e,0x00,0x7c,0x00,0x7c,0x00,0xfc,0x00,0xf8,0x00,0xf8,0x00,0xf8,0x01,
  0xf8,0x01,0xf0,0x01,0xf0,0x03,0xf0,0x03,0xf0,0x03,0xe0,0x03,0xe0,0x07,0xe0,0x07,0xc0,0x07,0xc0,0x07,0xc0,0x0f,0xc0,0x0f,
  0x80,0x0f,0x80,0x1f,0x80,0x1f,0x80,0x1f,0x00,0x1f,0x00,0x3f,0x00,0x3e,0x00,0x3e,0x00,0x3e,0x00,0x7e,0x00,0x7c,0x00,0x7c,
  0x00,0x00,0x3f,0xc0,0x00,0x00,0xff,0xf0,0x00,0x01,0xff,0xfc,0x00,0x03,0xff,0xfe,0x00,0x07,0xff,0xfe,0x00,0x0f,0xf0,0x7f,
  0x00,0x0f,0xc0,0x3f,0x80,0x1f,0xc0,0x3f,0x80,0x1f,0x80,0x1f,0x80,0x1f,0x80,0x1f,0xc0,0x3f,0x80,0x0f,0xc0,0x3f,0x80,0x0f,
  0xc0,0x3f,0x00,0x0f,0xc0,0x3f,0x00,0x0f,0xc0,0x3f,0x00,0x0f,0xc0,0x3f,0x00,0x0f,0xc0,0x3f,0x00,0x0f,0xc0,0x3f,0x00,0x0f,
  0xc0,0x3f,0x80,0x0f,0xc0,0x3f,0x80,0x0f,0xc0,0x1f,0x80,0x1f,0xc0,0x1f,0x80,0x1f,0x80,0x1f,0xc0,0x3f,0x80,0x0f,0xc0,0x3f,
  0x80,0x0f,0xf0,0x7f,0x00,0x07,0xff,0xfe,0x00,0x03,0xff,0xfe,0x00,0x01,0xff,0xfc,0x00,0x00,0xff,0xf0,0x00,0x00,0x3f,0xc0,
  0x00,0x00,0xfe,0x00,0x03,0xfe,0x00,0x07,0xfe,0x00,0x0f,0xfe,0x00,0x3f,0xfe,0x00,0x3f,0xfe,0x00,0x3e,0x7e,0x00,0x3c,0x7e,
  0x00,0x30,0x7e,0x00,0x20,0x7e,0x00,0x00,0x7e,0x00,0x00,0x7e,0x00,0x00,0x7e,0x00,0x00,0x7e,0x00,0x00,0x7e,0x00,0x00,0x7e,
  0x00,0x00,0x7e,0x00,0x00,0x7e,0x00,0x00,0x7e,0x00,0x00,0x7e,0x00,0x00,0x7e,0x00,0x00,0x7e,0x00,0x00,0x7e,0x00,0x00,0x7e,
  0x00,0x00,0x7e,0x00,0x00,0x7e,0x00,0x00,0x7e,0x00,0x00,0x7e,0x00,0x00,0x7e,0x00,0x00,0x7e,0x00,0x00,0x7f,0x00,0x00,0x01,
  0xff,0xe0,0x00,0x07,0xff,0xf0,0x00,0x0f,0xff,0xf8,0x00,0x1f,0xff,0xfc,0x00,0x1f,0xc1,0xfe,0x00,0x3f,0x80,0xfe,0x00,0x3f,
  0x80,0x7e,0x00,0x3f,0x00,0x7e,0x00,0x1f,0x00,0x7e,0x00,0x00,0x00,0x7e,0x00,0x00,0x00,0xfe,0x00,0x00,0x00,0xfc,0x00,0x00,
  0x01,0xfc,0x00,0x00,0x03,0xf8,0x00,0x00,0x07,0xf8,0x00,0x00,0x0f,0xf0,0x00,0x00,0x1f,0xe0,0x00,0x00,0x3f,0xc0,0x00,0x00,
  0x7f,0x80,0x00,0x00,0xff,0x00,0x00,0x01,0xfe,0x00,0x00,0x03,0xfc,0x00,0x00,0x07,0xf8,0x00,0x00,0x1f,0xf0,0x00,0x00,0x3f,
  0xff,0xff,0x00,0x3f,0xff,0xff,0x00,0x3f,0xff,0xff,0x00,0x3f,0xff,0xff,0x00,0x3f,0xff,0xff,0x00,0x00,0x3f,0x80,0x00,0x01,
  0xff,0xf0,0x00,0x03,0xff,0xf8,0x00,0x07,0xff,0xfc,0x00,0x0f,0xff,0xfe,0x00,0x1f,0xe0,0xff,0x00,0x1f,0xc0,0x7f,0x00,0x1f,
  0x80,0x3f,0x00,0x00,0x00,0x3f,0x00,0x00,0x00,0x3f,0x00,0x00,0x00,0x7e,0x00,0x00,0x01,0xfe,0x00,0x00,0x3f,0xfc,0x00,0x00,
  0x3f,0xf0,0x00,0x00,0x3f,0xe0,0x00,0x00,0x3f,0xfc,0x00,0x00,0x1f,0xfe,0x00,0x00,0x00,0xff,0x00,0x00,0x00,0x3f,0x00,0x00,
  0x00,0x3f,0x80,0x00,0x00,0x1f,0x80,0x3f,0x00,0x1f,0x80,0x3f,0x00,0x3f,0x80,0x3f,0x80,0x3f,0x80,0x1f,0xc0,0x7f,0x00,0x1f,
  0xff,0xff,0x00,0x0f,0xff,0xfe,0x00,0x07,0xff,0xfc,0x00,0x01,0xff,0xf0,0x00,0x00,0x7f,0xc0,0x00,0x00,0x01,0xfe,0x00,0x00,
  0x03,0xfe,0x00,0x00,0x07,0xfe,0x00,0x00,0x07,0xfe,0x00,0x00,0x0f,0xfe,0x00,0x00,0x1f,0xfe,0x00,0x00,0x1f,0xfe,0x00,0x00,
  0x3f,0x7e,0x00,0x00,0x7e,0x7e,0x00,0x00,0x7e,0x7e,0x00,0x00,0xfc,0x7e,0x00,0x00,0xfc,0x7e,0x00,0x01,0xf8,0x7e,0x00,0x03,
  0xf0,0x7e,0x00,0x03,0xf0,0x7e,0x00,0x07,0xe0,0x7e,0x00,0x0f,0xe0,0x7e,0x00,0x0f,0xc0,0x7e,0x00,0x1f,0x80,0x7e,0x00,0x3f,
  0x80,0x7e,0x00,0x3f,0xff,0xff,0xc0,0x3f,0xff,0xff,0xc0,0x3f,0xff,0xff,0xc0,0x3f,0xff,0xff,0xc0,0x3f,0xff,0xff,0xc0,0x00,
  0x00,0x7e,0x00,0x00,0x00,0x7e,0x00,0x00,0x00,0x7e,0x00,0x00,0x00,0x7e,0x00,0x00,0x00,0x7e,0x00,0x0f,0xff,0xfe,0x00,0x0f,
  0xff,0xfe,0x00,0x0f,0xff,0xfe,0x00,0x0f,0xff,0xfe,0x00,0x0f,0xff,0xfc,0x00,0x0f,0x80,0x00,0x00,0x1f,0x80,0x00,0x00,0x1f,
  0x80,0x00,0x00,0x1f,0x80,0x00,0x00,0x1f,0x87,0x80,0x00,0x1f,0xbf,0xf0,0x00,0x1f,0xff,0xf8,0x00,0x1f,0xff,0xfc,0x00,0x1f,
  0xff,0xfe,0x00,0x1f,0xc1,0xfe,0x00,0x07,0x80,0xff,0x00,0x00,0x00,0x7f,0x00,0x00,0x00,0x3f,0x00,0x00,0x00,0x3f,0x00,0x00,
  0x00,0x3f,0x00,0x00,0x00,0x3f,0x00,0x3f,0x00,0x3f,0x00,0x3f,0x80,0x7f,0x00,0x3f,0x80,0x7e,0x00,0x1f,0xc1,0xfe,0x00,0x1f,
  0xff,0xfc,0x00,0x0f,0xff,0xfc,0x00,0x07,0xff,0xf0,0x00,0x01,0xff,0xe0,0x00,0x00,0x7f,0x80,0x00,0x00,0x1f,0xc0,0x00,0x00,
  0xff,0xf0,0x00,0x01,0xff,0xfc,0x00,0x03,0xff,0xfe,0x00,0x07,0xff,0xff,0x00,0x0f,0xf0,0x7f,0x00,0x0f,0xc0,0x3f,0x80,0x1f,
  0xc0,0x1f,0x80,0x1f,0x80,0x00,0x00,0x1f,0x83,0xc0,0x00,0x1f,0x9f,0xf8,0x00,0x3f,0x3f,0xfc,0x00,0x3f,0x7f,0xfe,0x00,0x3f,
  0xff,0xff,0x00,0x3f,0xf0,0xff,0x00,0x3f,0xe0,0x7f,0x80,0x3f,0xc0,0x3f,0x80,0x3f,0x80,0x1f,0x80,0x3f,0x80,0x1f,0x80,0x3f,
  0x80,0x1f,0x80,0x3f,0x80,0x1f,0x80,0x1f,0x80,0x1f,0x80,0x1f,0xc0,0x3f,0x80,0x1f,0xc0,0x3f,0x00,0x0f,0xf0,0xff,0x00,0x07,
  0xff,0xfe,0x00,0x07,0xff,0xfe,0x00,0x01,0xff,0xfc,0x00,0x00,0xff,0xf0,0x00,0x00,0x1f,0xc0,0x00,0x3f,0xff,0xfe,0x3f,0xff,
  0xfe,0x3f,0xff,0xfe,0x3f,0xff,0xfe,0x3f,0xff,0xfe,0x00,0x00,0xfe,0x00,0x00,0xfc,0x00,0x01,0xfc,0x00,0x01,0xf8,0x00,0x03,
  0xf8,0x00,0x03,0xf0,0x00,0x07,0xf0,0x00,0x07,0xe0,0x00,0x0f,0xe0,0x00,0x0f,0xc0,0x00,0x1f,0xc0,0x00,0x1f,0x80,0x00,0x3f,
  0x80,0x00,0x3f,0x00,0x00,0x7f,0x00,0x00,0x7e,0x00,0x00,0xfe,0x00,0x00,0xfc,0x00,0x01,0xfc,0x00,0x01,0xf8,0x00,0x03,0xf8,
  0x00,0x03,0xf0,0x00,0x07,0xf0,0x00,0x07,0xe0,0x00,0x0f,0xe0,0x00,0x00,0x3f,0x80,0x00,0x01,0xff,0xf0,0x00,0x03,0xff,0xfc,
  0x00,0x07,0xff,0xfe,0x00,0x0f,0xff,0xfe,0x00,0x1f,0xe0,0xff,0x00,0x1f,0xc0,0x7f,0x00,0x1f,0x80,0x3f,0x00,0x1f,0x80,0x3f,
  0x00,0x1f,0x80,0x3f,0x00,0x0f,0xc0,0x7f,0x00,0x0f,0xe0,0xfe,0x00,0x07,0xff,0xfc,0x00,0x01,0xff,0xf8,0x00,0x01,0xff,0xf0,
  0x00,0x07,0xff,0xfc,0x00,0x0f,0xff,0xfe,0x00,0x1f,0xe0,0x7f,0x00,0x1f,0x80,0x3f,0x80,0x3f,0x80,0x1f,0x80,0x3f,0x00,0x1f,
  0x80,0x3f,0x00,0x1f,0x80,0x3f,0x80,0x1f,0x80,0x3f,0x80,0x3f,0x80,0x1f,0xe0,0x7f,0x80,0x1f,0xff,0xff,0x00,0x0f,0xff,0xfe,
  0x00,0x07,0xff,0xfc,0x00,0x01,0xff,0xf0,0x00,0x00,0x7f,0xc0,0x00,0x00,0x3f,0x80,0x00,0x01,0xff,0xe0,0x00,0x03,0xff,0xf8,
  0x00,0x0f,0xff,0xfc,0x00,0x0f,0xff,0xfe,0x00,0x1f,0xe0,0xfe,0x00,0x1f,0x80,0x7f,0x00,0x3f,0x80,0x3f,0x00,0x3f,0x00,0x3f,
  0x80,0x3f,0x00,0x3f,0x80,0x3f,0x00,0x3f,0x80,0x3f,0x80,0x3f,0x80,0x3f,0x80,0x7f,0x80,0x1f,0xe0,0xff,0x80,0x1f,0xff,0xff,
  0x80,0x0f,0xff,0xdf,0x80,0x07,0xff,0x9f,0x80,0x03,0xff,0x1f,0x80,0x00,0xfc,0x1f,0x80,0x00,0x00,0x3f,0x80,0x00,0x00,0x3f,
  0x00,0x1f,0x80,0x3f,0x00,0x1f,0x80,0x7f,0x00,0x1f,0xc0,0x7e,0x00,0x1f,0xe0,0xfe,0x00,0x0f,0xff,0xfc,0x00,0x07,0xff,0xf8,
  0x00,0x03,0xff,0xf0,0x00,0x01,0xff,0xe0,0x00,0x00,0x7f,0x80,0x00,0x07,0x00,0x0f,0x80,0x1f,0xc0,0x1f,0xc0,0x1f,0xc0,0x0f,
  0x80,0x07,0x00,0x00,0x00,0x00,0x00,0x00,0x00,0x00,0x00,0x00,0x00,0x00,0x00,0x00,0x00,0x00,0x00,0x07,0x00,0x0f,0x80,0x1f,
  0xc0,0x1f,0xc0,0x1f,0xc0,0x0f,0x80,0x07,0x00,0x03,0x80,0x07,0xc0,0x0f,0xe0,0x0f,0xe0,0x0f,0xe0,0x07,0xc0,0x03,0x80,0x00,
  0x00,0x00,0x00,0x00,0x00,0x00,0x00,0x00,0x00,0x00,0x00,0x00,0x00,0x00,0x00,0x00,0x00,0x00,0x00,0x0f,0xc0,0x0f,0xc0,0x0f,
  0xc0,0x0f,0x80,0x0f,0x80,0x0f,0x80,0x0f,0x80,0x1f,0x00,0x1f,0x00,0x1f,0x00,0x1e,0x00,0x1e,0x00,0x1e,0x00,0x00,0x00,0x01,
  0x00,0x00,0x00,0x07,0x00,0x00,0x00,0x1f,0x00,0x00,0x00,0xff,0x00,0x00,0x03,0xff,0x00,0x00,0x0f,0xff,0x00,0x00,0x3f,0xfe,
  0x00,0x01,0xff,0xf0,0x00,0x07,0xff,0xc0,0x00,0x1f,0xfe,0x00,0x00,0x1f,0xf8,0x00,0x00,0x1f,0xc0,0x00,0x00,0x1f,0xe0,0x00,
  0x00,0x1f,0xf8,0x00,0x00,0x1f,0xff,0x00,0x00,0x07,0xff,0xc0,0x00,0x00,0xff,0xf8,0x00,0x00,0x3f,0xfe,0x00,0x00,0x0f,0xff,
  0x00,0x00,0x01,0xff,0x00,0x00,0x00,0x7f,0x00,0x00,0x00,0x1f,0x00,0x00,0x00,0x07,0x00,0x00,0x00,0x00,0x00,0x0f,0xff,0xff,
  0x00,0x0f,0xff,0xff,0x00,0x0f,0xff,0xff,0x00,0x0f,0xff,0xff,0x00,0x0f,0xff,0xff,0x00,0x00,0x00,0x00,0x00,0x00,0x00,0x00,
  0x00,0x00,0x00,0x00,0x00,0x00,0x00,0x00,0x00,0x00,0x00,0x00,0x00,0x0f,0xff,0xff,0x00,0x0f,0xff,0xff,0x00,0x0f,0xff,0xff,
  0x00,0x0f,0xff,0xff,0x00,0x0f,0xff,0xff,0x00,0x00,0x00,0x00,0x00,0x00,0x00,0x00,0x00,0x00,0x00,0x00,0x00,0x00,0x00,0x00,
  0x00,0x00,0x00,0x00,0x00,0x08,0x00,0x00,0x00,0x0e,0x00,0x00,0x00,0x0f,0x80,0x00,0x00,0x0f,0xf0,0x00,0x00,0x0f,0xfc,0x00,
  0x00,0x0f,0xff,0x00,0x00,0x07,0xff,0xc0,0x00,0x00,0xff,0xf8,0x00,0x00,0x3f,0xfe,0x00,0x00,0x07,0xff,0x80,0x00,0x01,0xff,
  0x80,0x00,0x00,0x3f,0x80,0x00,0x00,0x7f,0x80,0x00,0x01,0xff,0x80,0x00,0x0f,0xff,0x80,0x00,0x3f,0xfe,0x00,0x01,0xff,0xf0,
  0x00,0x07,0xff,0xc0,0x00,0x0f,0xff,0x00,0x00,0x0f,0xf8,0x00,0x00,0x0f,0xe0,0x00,0x00,0x0f,0x80,0x00,0x00,0x0e,0x00,0x00,
  0x00,0x00,0x00,0x00,0x00,0x00,0xff,0x00,0x03,0xff,0xc0,0x07,0xff,0xf0,0x0f,0xff,0xf8,0x1f,0xff,0xf8,0x3f,0xc3,0xfc,0x3f,
  0x81,0xfc,0x3f,0x00,0xfc,0x00,0x00,0xfc,0x00,0x01,0xfc,0x00,0x01,0xfc,0x00,0x07,0xf8,0x00,0x0f,0xf0,0x00,0x1f,0xe0,0x00,
  0x3f,0xc0,0x00,0x7f,0x00,0x00,0x7e,0x00,0x00,0xfc,0x00,0x00,0xfc,0x00,0x00,0xfc,0x00,0x00,0x00,0x00,0x00,0x00,0x00,0x00,
  0x00,0x00,0x00,0x38,0x00,0x00,0x7c,0x00,0x00,0xfe,0x00,0x00,0xfe,0x00,0x00,0xfe,0x00,0x00,0x7c,0x00,0x00,0x38,0x00,0x00,
  0x00,0x7f,0xe0,0x00,0x00,0x00,0x07,0xff,0xfc,0x00,0x00,0x00,0x1f,0xff,0xff,0x00,0x00,0x00,0x7f,0xff,0xff,0xc0,0x00,0x00,
  0xff,0xff,0xff,0xe0,0x00,0x01,0xff,0x80,0x1f,0xf0,0x00,0x03,0xfc,0x00,0x03,0xf8,0x00,0x07,0xf0,0x00,0x01,0xfc,0x00,0x07,
  0xe0,0x3e,0x00,0x7e,0x00,0x0f,0xc0,0xff,0xbc,0x7e,0x00,0x0f,0x83,0xff,0xfc,0x3f,0x00,0x1f,0x87,0xff,0xfc,0x1f,0x00,0x1f,
  0x07,0xff,0xfc,0x1f,0x00,0x1f,0x0f,0xe0,0xfc,0x1f,0x80,0x3f,0x0f,0x80,0x7c,0x0f,0x80,0x3e,0x1f,0x80,0x7c,0x0f,0x80,0x3e,
  0x1f,0x00,0x3c,0x0f,0x80,0x3e,0x1f,0x00,0x3c,0x0f,0x80,0x3e,0x1f,0x00,0x3c,0x0f,0x80,0x3e,0x1f,0x00,0x3c,0x0f,0x80,0x3e,
  0x1f,0x00,0x3c,0x0f,0x80,0x3e,0x1f,0x80,0x7c,0x0f,0x80,0x3e,0x0f,0x80,0x7c,0x1f,0x00,0x3f,0x0f,0xc0,0xfc,0x1f,0x00,0x1f,
  0x0f,0xff,0xfe,0x3f,0x00,0x1f,0x07,0xff,0xff,0xfe,0x00,0x1f,0x83,0xff,0xdf,0xfc,0x00,0x1f,0x81,0xff,0x8f,0xf8,0x00,0x0f,
  0xc0,0x7e,0x07,0xe0,0x00,0x0f,0xe0,0x00,0x00,0x00,0x00,0x07,0xf0,0x00,0x00,0x00,0x00,0x03,0xfc,0x00,0x00,0x00,0x00,0x01,
  0xff,0x00,0x0c,0x00,0x00,0x00,0xff,0xff,0xfe,0x00,0x00,0x00,0x7f,0xff,0xfe,0x00,0x00,0x00,0x1f,0xff,0xff,0x00,0x00,0x00,
  0x07,0xff,0xfc,0x00,0x00,0x00,0x00,0xff,0xe0,0x00,0x00,0x00,0x1f,0xf0,0x00,0x00,0x1f,0xf0,0x00,0x00,0x1f,0xf8,0x00,0x00,
  0x3f,0xf8,0x00,0x00,0x3f,0xf8,0x00,0x00,0x3f,0xfc,0x00,0x00,0x7e,0xfc,0x00,0x00,0x7e,0xfc,0x00,0x00,0xfe,0xfe,0x00,0x00,
  0xfc,0x7e,0x00,0x00,0xfc,0x7e,0x00,0x01,0xfc,0x7f,0x00,0x01,0xfc,0x3f,0x00,0x01,0xf8,0x3f,0x00,0x03,0xf8,0x3f,0x80,0x03,
  0xf8,0x3f,0x80,0x03,0xf0,0x1f,0xc0,0x07,0xf0,0x1f,0xc0,0x07,0xff,0xff,0xc0,0x07,0xff,0xff,0xe0,0x0f,0xff,0xff,0xe0,0x0f,
  0xff,0xff,0xe0,0x0f,0xff,0xff,0xf0,0x1f,0xc0,0x07,0xf0,0x1f,0xc0,0x03,0xf0,0x1f,0x80,0x03,0xf8,0x3f,0x80,0x03,0xf8,0x3f,
  0x80,0x01,0xf8,0x3f,0x00,0x01,0xfc,0x7f,0x00,0x01,0xfc,0x1f,0xff,0xe0,0x00,0x1f,0xff,0xfc,0x00,0x1f,0xff,0xfe,0x00,0x1f,
  0xff,0xff,0x00,0x1f,0xff,0xff,0x80,0x1f,0x80,0x7f,0x80,0x1f,0x80,0x3f,0x80,0x1f,0x80,0x1f,0x80,0x1f,0x80,0x1f,0x80,0x1f,
  0x80,0x1f,0x80,0x1f,0x80,0x3f,0x80,0x1f,0x80,0x7f,0x00,0x1f,0xff,0xfe,0x00,0x1f,0xff,0xf8,0x00,0x1f,0xff,0xf8,0x00,0x1f,
  0xff,0xfe,0x00,0x1f,0xff,0xff,0x00,0x1f,0x80,0x7f,0x80,0x1f,0x80,0x1f,0xc0,0x1f,0x80,0x0f,0xc0,0x1f,0x80,0x0f,0xc0,0x1f,
  0x80,0x0f,0xc0,0x1f,0x80,0x0f,0xc0,0x1f,0x80,0x1f,0xc0,0x1f,0x80,0x3f,0xc0,0x1f,0xff,0xff,0x80,0x1f,0xff,0xff,0x80,0x1f,
  0xff,0xff,0x00,0x1f,0xff,0xfc,0x00,0x1f,0xff,0xf0,0x00,0x00,0x0f,0xf0,0x00,0x00,0x7f,0xfe,0x00,0x00,0xff,0xff,0x00,0x01,
  0xff,0xff,0xc0,0x03,0xff,0xff,0xe0,0x07,0xff,0xff,0xe0,0x0f,0xf8,0x1f,0xf0,0x0f,0xe0,0x07,0xf0,0x1f,0xc0,0x03,0xf8,0x1f,
  0xc0,0x03,0xf8,0x1f,0x80,0x01,0xf8,0x3f,0x80,0x00,0x00,0x3f,0x80,0x00,0x00,0x3f,0x00,0x00,0x00,0x3f,0x00,0x00,0x00,0x3f,
  0x00,0x00,0x00,0x3f,0x00,0x00,0x00,0x3f,0x00,0x00,0x00,0x3f,0x80,0x00,0x00,0x3f,0x80,0x01,0xf8,0x1f,0xc0,0x03,0xf8,0x1f,
  0xc0,0x03,0xf8,0x0f,0xe0,0x07,0xf0,0x0f,0xf8,0x1f,0xf0,0x07,0xff,0xff,0xe0,0x03,0xff,0xff,0xc0,0x01,0xff,0xff,0xc0,0x00,
  0xff,0xff,0x00,0x00,0x7f,0xfe,0x00,0x00,0x0f,0xf0,0x00,0x1f,0xff,0xc0,0x00,0x1f,0xff,0xf8,0x00,0x1f,0xff,0xfe,0x00,0x1f,
  0xff,0xff,0x00,0x1f,0xff,0xff,0x80,0x1f,0x80,0x3f,0xc0,0x1f,0x80,0x0f,0xe0,0x1f,0x80,0x07,0xe0,0x1f,0x80,0x07,0xf0,0x1f,
  0x80,0x03,0xf0,0x1f,0x80,0x03,0xf0,0x1f,0x80,0x03,0xf8,0x1f,0x80,0x01,0xf8,0x1f,0x80,0x01,0xf8,0x1f,0x80,0x01,0xf8,0x1f,
  0x80,0x01,0xf8,0x1f,0x80,0x01,0xf8,0x1f,0x80,0x01,0xf8,0x1f,0x80,0x03,0xf8,0x1f,0x80,0x03,0xf0,0x1f,0x80,0x03,0xf0,0x1f,
  0x80,0x07,0xf0,0x1f,0x80,0x07,0xe0,0x1f,0x80,0x0f,0xe0,0x1f,0x80,0x3f,0xc0,0x1f,0xff,0xff,0x80,0x1f,0xff,0xff,0x00,0x1f,
  0xff,0xfe,0x00,0x1f,0xff,0xf8,0x00,0x1f,0xff,0xc0,0x00,0x1f,0xff,0xff,0x00,0x1f,0xff,0xff,0x00,0x1f,0xff,0xff,0x00,0x1f,
  0xff,0xff,0x00,0x1f,0xff,0xfe,0x00,0x1f,0x80,0x00,0x00,0x1f,0x80,0x00,0x00,0x1f,0x80,0x00,0x00,0x1f,0x80,0x00,0x00,0x1f,
  0x80,0x00,0x00,0x1f,0x80,0x00,0x00,0x1f,0x80,0x00,0x00,0x1f,0xff,0xfc,0x00,0x1f,0xff,0xfe,0x00,0x1f,0xff,0xfe,0x00,0x1f,
  0xff,0xfe,0x00,0x1f,0xff,0xfe,0x00,0x1f,0x80,0x00,0x00,0x1f,0x80,0x00,0x00,0x1f,0x80,0x00,0x00,0x1f,0x80,0x00,0x00,0x1f,
  0x80,0x00,0x00,0x1f,0x80,0x00,0x00,0x1f,0x80,0x00,0x00,0x1f,0x80,0x00,0x00,0x1f,0xff,0xfe,0x00,0x1f,0xff,0xff,0x00,0x1f,
  0xff,0xff,0x00,0x1f,0xff,0xff,0x00,0x1f,0xff,0xff,0x00,0x1f,0xff,0xfe,0x00,0x1f,0xff,0xfe,0x00,0x1f,0xff,0xfe,0x00,0x1f,
  0xff,0xfe,0x00,0x1f,0xff,0xfe,0x00,0x1f,0x80,0x00,0x00,0x1f,0x80,0x00,0x00,0x1f,0x80,0x00,0x00,0x1f,0x80,0x00,0x00,0x1f,
  0x80,0x00,0x00,0x1f,0x80,0x00,0x00,0x1f,0x80,0x00,0x00,0x1f,0x80,0x00,0x00,0x1f,0xff,0xfc,0x00,0x1f,0xff,0xfc,0x00,0x1f,
  0xff,0xfc,0x00,0x1f,0xff,0xfc,0x00,0x1f,0xff,0xfc,0x00,0x1f,0x80,0x00,0x00,0x1f,0x80,0x00,0x00,0x1f,0x80,0x00,0x00,0x1f,
  0x80,0x00,0x00,0x1f,0x80,0x00,0x00,0x1f,0x80,0x00,0x00,0x1f,0x80,0x00,0x00,0x1f,0x80,0x00,0x00,0x1f,0x80,0x00,0x00,0x1f,
  0x80,0x00,0x00,0x1f,0x80,0x00,0x00,0x1f,0x80,0x00,0x00,0x00,0x0f,0xf0,0x00,0x00,0x3f,0xfe,0x00,0x00,0xff,0xff,0x80,0x01,
  0xff,0xff,0xc0,0x03,0xff,0xff,0xe0,0x07,0xff,0xff,0xf0,0x0f,0xf8,0x1f,0xf8,0x0f,0xf0,0x07,0xf8,0x1f,0xc0,0x03,0xf8,0x1f,
  0xc0,0x01,0xf8,0x1f,0x80,0x00,0x00,0x3f,0x80,0x00,0x00,0x3f,0x00,0x00,0x00,0x3f,0x00,0x7f,0xfc,0x3f,0x00,0x7f,0xfc,0x3f,
  0x00,0x7f,0xfc,0x3f,0x00,0x7f,0xfc,0x3f,0x00,0x7f,0xfc,0x3f,0x80,0x00,0xfc,0x1f,0x80,0x00,0xfc,0x1f,0xc0,0x01,0xfc,0x1f,
  0xc0,0x01,0xf8,0x0f,0xf0,0x03,0xf8,0x0f,0xf8,0x0f,0xf8,0x07,0xff,0xff,0xf0,0x03,0xff,0xff,0xe0,0x01,0xff,0xff,0xc0,0x00,
  0xff,0xff,0x80,0x00,0x3f,0xfe,0x00,0x00,0x0f,0xf8,0x00,0x1f,0x80,0x01,0xf8,0x1f,0x80,0x01,0xf8,0x1f,0x80,0x01,0xf8,0x1f,
  0x80,0x01,0xf8,0x1f,0x80,0x01,0xf8,0x1f,0x80,0x01,0xf8,0x1f,0x80,0x01,0xf8,0x1f,0x80,0x01,0xf8,0x1f,0x80,0x01,0xf8,0x1f,
  0x80,0x01,0xf8,0x1f,0x80,0x01,0xf8,0x1f,0x80,0x01,0xf8,0x1f,0xff,0xff,0xf8,0x1f,0xff,0xff,0xf8,0x1f,0xff,0xff,0xf8,0x1f,
  0xff,0xff,0xf8,0x1f,0xff,0xff,0xf8,0x1f,0x80,0x01,0xf8,0x1f,0x80,0x01,0xf8,0x1f,0x80,0x01,0xf8,0x1f,0x80,0x01,0xf8,0x1f,
  0x80,0x01,0xf8,0x1f,0x80,0x01,0xf8,0x1f,0x80,0x01,0xf8,0x1f,0x80,0x01,0xf8,0x1f,0x80,0x01,0xf8,0x1f,0x80,0x01,0xf8,0x1f,
  0x80,0x01,0xf8,0x1f,0x80,0x01,0xf8,0x1f,0x80,0x01,0xf8,0x1f,0x80,0x1f,0x80,0x1f,0x80,0x1f,0x80,0x1f,0x80,0x1f,0x80,0x1f,
  0x80,0x1f,0x80,0x1f,0x80,0x1f,0x80,0x1f,0x80,0x1f,0x80,0x1f,0x80,0x1f,0x80,0x1f,0x80,0x1f,0x80,0x1f,0x80,0x1f,0x80,0x1f,
  0x80,0x1f,0x80,0x1f,0x80,0x1f,0x80,0x1f,0x80,0x1f,0x80,0x1f,0x80,0x1f,0x80,0x1f,0x80,0x1f,0x80,0x1f,0x80,0x1f,0x80,0x00,
  0x01,0xf8,0x00,0x00,0x01,0xf8,0x00,0x00,0x01,0xf8,0x00,0x00,0x01,0xf8,0x00,0x00,0x01,0xf8,0x00,0x00,0x01,0xf8,0x00,0x00,
  0x01,0xf8,0x00,0x00,0x01,0xf8,0x00,0x00,0x01,0xf8,0x00,0x00,0x01,0xf8,0x00,0x00,0x01,0xf8,0x00,0x00,0x01,0xf8,0x00,0x00,
  0x01,0xf8,0x00,0x00,0x01,0xf8,0x00,0x00,0x01,0xf8,0x00,0x00,0x01,0xf8,0x00,0x00,0x01,0xf8,0x00,0x00,0x01,0xf8,0x00,0x00,
  0x01,0xf8,0x00,0x7e,0x01,0xf8,0x00,0x7e,0x01,0xf8,0x00,0x7e,0x01,0xf8,0x00,0x7e,0x01,0xf8,0x00,0x7f,0x03,0xf8,0x00,0x3f,
  0x87,0xf8,0x00,0x3f,0xff,0xf0,0x00,0x1f,0xff,0xe0,0x00,0x0f,0xff,0xe0,0x00,0x07,0xff,0x80,0x00,0x01,0xfe,0x00,0x00,0x1f,
  0x80,0x07,0xf8,0x1f,0x80,0x0f,0xf0,0x1f,0x80,0x1f,0xe0,0x1f,0x80,0x3f,0xc0,0x1f,0x80,0x3f,0x80,0x1f,0x80,0x7f,0x00,0x1f,
  0x80,0xfe,0x00,0x1f,0x81,0xfc,0x00,0x1f,0x83,0xfc,0x00,0x1f,0x87,0xf8,0x00,0x1f,0x8f,0xf0,0x00,0x1f,0x8f,0xe0,0x00,0x1f,
  0x9f,0xc0,0x00,0x1f,0xbf,0xc0,0x00,0x1f,0xff,0xe0,0x00,0x1f,0xff,0xe0,0x00,0x1f,0xff,0xf0,0x00,0x1f,0xfb,0xf8,0x00,0x1f,
  0xf3,0xf8,0x00,0x1f,0xe1,0xfc,0x00,0x1f,0xc0,0xfe,0x00,0x1f,0x80,0xff,0x00,0x1f,0x80,0x7f,0x00,0x1f,0x80,0x3f,0x80,0x1f,
  0x80,0x3f,0xc0,0x1f,0x80,0x1f,0xc0,0x1f,0x80,0x0f,0xe0,0x1f,0x80,0x0f,0xf0,0x1f,0x80,0x07,0xf0,0x1f,0x80,0x03,0xf8,0x1f,
  0x80,0x00,0x1f,0x80,0x00,0x1f,0x80,0x00,0x1f,0x80,0x00,0x1f,0x80,0x00,0x1f,0x80,0x00,0x1f,0x80,0x00,0x1f,0x80,0x00,0x1f,
  0x80,0x00,0x1f,0x80,0x00,0x1f,0x80,0x00,0x1f,0x80,0x00,0x1f,0x80,0x00,0x1f,0x80,0x00,0x1f,0x80,0x00,0x1f,0x80,0x00,0x1f,
  0x80,0x00,0x1f,0x80,0x00,0x1f,0x80,0x00,0x1f,0x80,0x00,0x1f,0x80,0x00,0x1f,0x80,0x00,0x1f,0x80,0x00,0x1f,0x80,0x00,0x1f,
  0x80,0x00,0x1f,0xff,0xfc,0x1f,0xff,0xfe,0x1f,0xff,0xfe,0x1f,0xff,0xfe,0x1f,0xff,0xfe,0x1f,0xf8,0x00,0x1f,0xf8,0x1f,0xf8,
  0x00,0x1f,0xf8,0x1f,0xfc,0x00,0x3f,0xf8,0x1f,0xfc,0x00,0x3f,0xf8,0x1f,0xfc,0x00,0x3f,0xf8,0x1f,0xfe,0x00,0x7f,0xf8,0x1f,
  0xfe,0x00,0x7f,0xf8,0x1f,0xbf,0x00,0x7d,0xf8,0x1f,0xbf,0x00,0xfd,0xf8,0x1f,0xbf,0x00,0xfd,0xf8,0x1f,0x9f,0x80,0xf9,0xf8,
  0x1f,0x9f,0x81,0xf9,0xf8,0x1f,0x9f,0x81,0xf9,0xf8,0x1f,0x8f,0xc3,0xf1,0xf8,0x1f,0x8f,0xc3,0xf1,0xf8,0x1f,0x8f,0xc3,0xf1,
  0xf8,0x1f,0x87,0xe3,0xf1,0xf8,0x1f,0x87,0xe7,0xe1,0xf8,0x1f,0x87,0xe7,0xe1,0xf8,0x1f,0x83,0xe7,0xc1,0xf8,0x1f,0x83,0xf7,
  0xc1,0xf8,0x1f,0x83,0xff,0xc1,0xf8,0x1f,0x81,0xff,0x81,0xf8,0x1f,0x81,0xff,0x81,0xf8,0x1f,0x81,0xff,0x81,0xf8,0x1f,0x80,
  0xff,0x01,0xf8,0x1f,0x80,0xff,0x01,0xf8,0x1f,0x80,0xff,0x01,0xf8,0x1f,0x80,0x7e,0x01,0xf8,0x1f,0x80,0x7e,0x01,0xf8,0x1f,
  0xc0,0x01,0xf8,0x1f,0xe0,0x01,0xf8,0x1f,0xf0,0x01,0xf8,0x1f,0xf0,0x01,0xf8,0x1f,0xf8,0x01,0xf8,0x1f,0xf8,0x01,0xf8,0x1f,
  0xfc,0x01,0xf8,0x1f,0xfe,0x01,0xf8,0x1f,0xfe,0x01,0xf8,0x1f,0xbf,0x01,0xf8,0x1f,0x9f,0x01,0xf8,0x1f,0x9f,0x81,0xf8,0x1f,
  0x8f,0xc1,0xf8,0x1f,0x8f,0xc1,0xf8,0x1f,0x87,0xe1,0xf8,0x1f,0x87,0xf1,0xf8,0x1f,0x83,0xf1,0xf8,0x1f,0x81,0xf9,0xf8,0x1f,
  0x81,0xf9,0xf8,0x1f,0x80,0xfd,0xf8,0x1f,0x80,0xfd,0xf8,0x1f,0x80,0x7f,0xf8,0x1f,0x80,0x3f,0xf8,0x1f,0x80,0x3f,0xf8,0x1f,
  0x80,0x1f,0xf8,0x1f,0x80,0x1f,0xf8,0x1f,0x80,0x0f,0xf8,0x1f,0x80,0x07,0xf8,0x1f,0x80,0x07,0xf8,0x1f,0x80,0x03,0xf8,0x00,
  0x0f,0xf0,0x00,0x00,0x7f,0xfe,0x00,0x00,0xff,0xff,0x00,0x01,0xff,0xff,0xc0,0x03,0xff,0xff,0xe0,0x07,0xff,0xff,0xe0,0x0f,
  0xf8,0x1f,0xf0,0x0f,0xe0,0x07,0xf8,0x1f,0xc0,0x03,0xf8,0x1f,0xc0,0x01,0xf8,0x1f,0x80,0x01,0xfc,0x3f,0x80,0x01,0xfc,0x3f,
  0x00,0x00,0xfc,0x3f,0x00,0x00,0xfc,0x3f,0x00,0x00,0xfc,0x3f,0x00,0x00,0xfc,0x3f,0x00,0x00,0xfc,0x3f,0x00,0x00,0xfc,0x3f,
  0x80,0x01,0xfc,0x1f,0x80,0x01,0xfc,0x1f,0xc0,0x01,0xf8,0x1f,0xc0,0x03,0xf8,0x0f,0xe0,0x07,0xf8,0x0f,0xf8,0x1f,0xf0,0x07,
  0xff,0xff,0xe0,0x03,0xff,0xff,0xe0,0x01,0xff,0xff,0xc0,0x00,0xff,0xff,0x00,0x00,0x7f,0xfe,0x00,0x00,0x0f,0xf0,0x00,0x1f,
  0xff,0xe0,0x00,0x1f,0xff,0xf8,0x00,0x1f,0xff,0xfe,0x00,0x1f,0xff,0xff,0x00,0x1f,0xff,0xff,0x00,0x1f,0x80,0x7f,0x80,0x1f,
  0x80,0x1f,0x80,0x1f,0x80,0x1f,0xc0,0x1f,0x80,0x0f,0xc0,0x1f,0x80,0x0f,0xc0,0x1f,0x80,0x0f,0xc0,0x1f,0x80,0x0f,0xc0,0x1f,
  0x80,0x1f,0xc0,0x1f,0x80,0x3f,0x80,0x1f,0x80,0x7f,0x80,0x1f,0xff,0xff,0x00,0x1f,0xff,0xff,0x00,0x1f,0xff,0xfe,0x00,0x1f,
  0xff,0xf8,0x00,0x1f,0xff,0xe0,0x00,0x1f,0x80,0x00,0x00,0x1f,0x80,0x00,0x00,0x1f,0x80,0x00,0x00,0x1f,0x80,0x00,0x00,0x1f,
  0x80,0x00,0x00,0x1f,0x80,0x00,0x00,0x1f,0x80,0x00,0x00,0x1f,0x80,0x00,0x00,0x1f,0x80,0x00,0x00,0x1f,0x80,0x00,0x00,0x00,
  0x0f,0xf0,0x00,0x00,0x00,0x7f,0xfe,0x00,0x00,0x00,0xff,0xff,0x80,0x00,0x01,0xff,0xff,0xc0,0x00,0x03,0xff,0xff,0xe0,0x00,
  0x07,0xff,0xff,0xf0,0x00,0x0f,0xf8,0x1f,0xf0,0x00,0x0f,0xe0,0x07,0xf8,0x00,0x1f,0xc0,0x03,0xf8,0x00,0x1f,0xc0,0x01,0xf8,
  0x00,0x1f,0x80,0x01,0xfc,0x00,0x3f,0x80,0x01,0xfc,0x00,0x3f,0x00,0x00,0xfc,0x00,0x3f,0x00,0x00,0xfc,0x00,0x3f,0x00,0x00,
  0xfc,0x00,0x3f,0x00,0x00,0xfc,0x00,0x3f,0x00,0x00,0xfc,0x00,0x3f,0x00,0x00,0xfc,0x00,0x3f,0x80,0x01,0xfc,0x00,0x1f,0x81,
  0xf1,0xfc,0x00,0x1f,0xc1,0xf9,0xf8,0x00,0x1f,0xc0,0xff,0xf8,0x00,0x0f,0xe0,0x7f,0xf8,0x00,0x0f,0xf8,0x3f,0xf0,0x00,0x07,
  0xff,0xff,0xe0,0x00,0x03,0xff,0xff,0xc0,0x00,0x01,0xff,0xff,0xc0,0x00,0x00,0xff,0xff,0xc0,0x00,0x00,0x7f,0xff,0xe0,0x00,
  0x00,0x0f,0xf3,0xf0,0x00,0x00,0x00,0x01,0xf8,0x00,0x00,0x00,0x00,0xfc,0x00,0x1f,0xff,0xe0,0x00,0x1f,0xff,0xfc,0x00,0x1f,
  0xff,0xfe,0x00,0x1f,0xff,0xff,0x00,0x1f,0xff,0xff,0x80,0x1f,0x80,0x7f,0x80,0x1f,0x80,0x1f,0xc0,0x1f,0x80,0x1f,0xc0,0x1f,
  0x80,0x0f,0xc0,0x1f,0x80,0x0f,0xc0,0x1f,0x80,0x0f,0xc0,0x1f,0x80,0x1f,0xc0,0x1f,0x80,0x1f,0xc0,0x1f,0x80,0x3f,0x80,0x1f,
  0xff,0xff,0x80,0x1f,0xff,0xff,0x00,0x1f,0xff,0xfe,0x00,0x1f,0xff,0xfc,0x00,0x1f,0xff,0xf8,0x00,0x1f,0x81,0xfc,0x00,0x1f,
  0x81,0xfc,0x00,0x1f,0x80,0xfe,0x00,0x1f,0x80,0xfe,0x00,0x1f,0x80,0x7f,0x00,0x1f,0x80,0x7f,0x00,0x1f,0x80,0x3f,0x80,0x1f,
  0x80,0x3f,0x80,0x1f,0x80,0x1f,0xc0,0x1f,0x80,0x0f,0xc0,0x1f,0x80,0x0f,0xe0,0x00,0x3f,0xe0,0x00,0x00,0xff,0xf8,0x00,0x03,
  0xff,0xfe,0x00,0x07,0xff,0xff,0x00,0x0f,0xff,0xff,0x80,0x0f,0xe0,0x3f,0x80,0x1f,0xc0,0x1f,0xc0,0x1f,0x80,0x0f,0xc0,0x1f,
  0x80,0x0f,0x80,0x1f,0xc0,0x00,0x00,0x1f,0xe0,0x00,0x00,0x1f,0xf8,0x00,0x00,0x0f,0xff,0x80,0x00,0x07,0xff,0xf0,0x00,0x03,
  0xff,0xfc,0x00,0x01,0xff,0xff,0x00,0x00,0x3f,0xff,0x80,0x00,0x03,0xff,0x80,0x00,0x00,0x7f,0xc0,0x00,0x00,0x1f,0xc0,0x00,
  0x00,0x0f,0xc0,0x3f,0x00,0x0f,0xc0,0x3f,0x80,0x0f,0xc0,0x3f,0x80,0x1f,0xc0,0x1f,0xe0,0x3f,0xc0,0x1f,0xff,0xff,0x80,0x0f,
  0xff,0xff,0x00,0x07,0xff,0xfe,0x00,0x01,0xff,0xfc,0x00,0x00,0x3f,0xe0,0x00,0x3f,0xff,0xff,0xe0,0x3f,0xff,0xff,0xe0,0x3f,
  0xff,0xff,0xe0,0x3f,0xff,0xff,0xe0,0x3f,0xff,0xff,0xe0,0x00,0x0f,0xc0,0x00,0x00,0x0f,0xc0,0x00,0x00,0x0f,0xc0,0x00,0x00,
  0x0f,0xc0,0x00,0x00,0x0f,0xc0,0x00,0x00,0x0f,0xc0,0x00,0x00,0x0f,0xc0,0x00,0x00,0x0f,0xc0,0x00,0x00,0x0f,0xc0,0x00,0x00,
  0x0f,0xc0,0x00,0x00,0x0f,0xc0,0x00,0x00,0x0f,0xc0,0x00,0x00,0x0f,0xc0,0x00,0x00,0x0f,0xc0,0x00,0x00,0x0f,0xc0,0x00,0x00,
  0x0f,0xc0,0x00,0x00,0x0f,0xc0,0x00,0x00,0x0f,0xc0,0x00,0x00,0x0f,0xc0,0x00,0x00,0x0f,0xc0,0x00,0x00,0x0f,0xc0,0x00,0x00,
  0x0f,0xc0,0x00,0x00,0x0f,0xc0,0x00,0x00,0x0f,0xc0,0x00,0x00,0x0f,0xc0,0x00,0x1f,0x80,0x03,0xf0,0x1f,0x80,0x03,0xf0,0x1f,
  0x80,0x03,0xf0,0x1f,0x80,0x03,0xf0,0x1f,0x80,0x03,0xf0,0x1f,0x80,0x03,0xf0,0x1f,0x80,0x03,0xf0,0x1f,0x80,0x03,0xf0,0x1f,
  0x80,0x03,0xf0,0x1f,0x80,0x03,0xf0,0x1f,0x80,0x03,0xf0,0x1f,0x80,0x03,0xf0,0x1f,0x80,0x03,0xf0,0x1f,0x80,0x03,0xf0,0x1f,
  0x80,0x03,0xf0,0x1f,0x80,0x03,0xf0,0x1f,0x80,0x03,0xf0,0x1f,0x80,0x03,0xf0,0x1f,0x80,0x03,0xf0,0x1f,0x80,0x03,0xf0,0x1f,
  0x80,0x03,0xf0,0x1f,0xc0,0x07,0xf0,0x1f,0xc0,0x07,0xf0,0x0f,0xe0,0x0f,0xe0,0x0f,0xf8,0x3f,0xe0,0x07,0xff,0xff,0xc0,0x03,
  0xff,0xff,0x80,0x01,0xff,0xff,0x00,0x00,0x7f,0xfc,0x00,0x00,0x1f,0xf0,0x00,0x7f,0x00,0x01,0xfc,0x3f,0x00,0x01,0xfc,0x3f,
  0x80,0x01,0xf8,0x3f,0x80,0x03,0xf8,0x1f,0x80,0x03,0xf8,0x1f,0xc0,0x03,0xf0,0x1f,0xc0,0x07,0xf0,0x0f,0xc0,0x07,0xf0,0x0f,
  0xe0,0x07,0xe0,0x0f,0xe0,0x0f,0xe0,0x07,0xe0,0x0f,0xe0,0x07,0xf0,0x0f,0xc0,0x07,0xf0,0x1f,0xc0,0x03,0xf8,0x1f,0xc0,0x03,
  0xf8,0x1f,0x80,0x01,0xf8,0x3f,0x80,0x01,0xf8,0x3f,0x80,0x01,0xfc,0x3f,0x00,0x00,0xfc,0x3f,0x00,0x00,0xfc,0x7f,0x00,0x00,
  0xfe,0x7e,0x00,0x00,0x7e,0x7e,0x00,0x00,0x7e,0xfe,0x00,0x00,0x7e,0xfc,0x00,0x00,0x3f,0xfc,0x00,0x00,0x3f,0xf8,0x00,0x00,
  0x3f,0xf8,0x00,0x00,0x1f,0xf8,0x00,0x00,0x1f,0xf0,0x00,0x00,0x0f,0xf0,0x00,0x7f,0x00,0x3f,0x80,0x0f,0xc0,0x7f,0x00,0x3f,
  0x80,0x1f,0xc0,0x3f,0x00,0x3f,0xc0,0x1f,0xc0,0x3f,0x80,0x3f,0xc0,0x1f,0xc0,0x3f,0x80,0x7f,0xc0,0x1f,0x80,0x3f,0x80,0x7f,
  0xc0,0x3f,0x80,0x1f,0x80,0x7f,0xe0,0x3f,0x80,0x1f,0xc0,0x7f,0xe0,0x3f,0x80,0x1f,0xc0,0xff,0xe0,0x3f,0x00,0x0f,0xc0,0xfb,
  0xe0,0x7f,0x00,0x0f,0xc0,0xfb,0xf0,0x7f,0x00,0x0f,0xe0,0xfb,0xf0,0x7e,0x00,0x0f,0xe1,0xf9,0xf0,0x7e,0x00,0x07,0xe1,0xf9,
  0xf0,0xfe,0x00,0x07,0xe1,0xf1,0xf8,0xfe,0x00,0x07,0xf1,0xf1,0xf8,0xfc,0x00,0x03,0xf3,0xf0,0xf8,0xfc,0x00,0x03,0xf3,0xf0,
  0xf8,0xfc,0x00,0x03,0xf3,0xe0,0xfd,0xf8,0x00,0x03,0xf3,0xe0,0xfd,0xf8,0x00,0x01,0xf3,0xe0,0x7d,0xf8,0x00,0x01,0xff,0xe0,
  0x7d,0xf8,0x00,0x01,0xff,0xc0,0x7f,0xf0,0x00,0x01,0xff,0xc0,0x7f,0xf0,0x00,0x00,0xff,0xc0,0x3f,0xf0,0x00,0x00,0xff,0xc0,
  0x3f,0xf0,0x00,0x00,0xff,0x80,0x3f,0xe0,0x00,0x00,0x7f,0x80,0x1f,0xe0,0x00,0x00,0x7f,0x80,0x1f,0xe0,0x00,0x00,0x7f,0x00,
  0x1f,0xc0,0x00,0x3f,0xc0,0x03,0xf8,0x1f,0xc0,0x07,0xf0,0x0f,0xe0,0x0f,0xe0,0x0f,0xf0,0x0f,0xe0,0x07,0xf0,0x1f,0xc0,0x03,
  0xf8,0x3f,0x80,0x03,0xfc,0x3f,0x80,0x01,0xfc,0x7f,0x00,0x00,0xfe,0x7e,0x00,0x00,0xfe,0xfe,0x00,0x00,0x7f,0xfc,0x00,0x00,
  0x3f,0xf8,0x00,0x00,0x1f,0xf8,0x00,0x00,0x1f,0xf0,0x00,0x00,0x0f,0xe0,0x00,0x00,0x1f,0xf0,0x00,0x00,0x1f,0xf8,0x00,0x00,
  0x3f,0xf8,0x00,0x00,0x7f,0xfc,0x00,0x00,0x7e,0xfe,0x00,0x00,0xfe,0xfe,0x00,0x01,0xfc,0x7f,0x00,0x03,0xf8,0x3f,0x80,0x03,
  0xf8,0x3f,0x80,0x07,0xf0,0x1f,0xc0,0x0f,0xe0,0x0f,0xe0,0x0f,0xe0,0x0f,0xf0,0x1f,0xc0,0x07,0xf0,0x3f,0x80,0x03,0xf8,0x7f,
  0x80,0x03,0xfc,0x7f,0x00,0x03,0xf8,0x3f,0x80,0x07,0xf0,0x3f,0x80,0x07,0xf0,0x1f,0xc0,0x0f,0xe0,0x1f,0xc0,0x0f,0xe0,0x0f,
  0xe0,0x1f,0xc0,0x07,0xf0,0x1f,0xc0,0x07,0xf0,0x3f,0x80,0x03,0xf8,0x3f,0x00,0x03,0xf8,0x7f,0x00,0x01,0xfc,0x7e,0x00,0x00,
  0xfc,0xfe,0x00,0x00,0xfe,0xfc,0x00,0x00,0x7f,0xf8,0x00,0x00,0x7f,0xf8,0x00,0x00,0x3f,0xf0,0x00,0x00,0x1f,0xf0,0x00,0x00,
  0x1f,0xe0,0x00,0x00,0x0f,0xc0,0x00,0x00,0x0f,0xc0,0x00,0x00,0x0f,0xc0,0x00,0x00,0x0f,0xc0,0x00,0x00,0x0f,0xc0,0x00,0x00,
  0x0f,0xc0,0x00,0x00,0x0f,0xc0,0x00,0x00,0x0f,0xc0,0x00,0x00,0x0f,0xc0,0x00,0x00,0x0f,0xc0,0x00,0x00,0x0f,0xc0,0x00,0x00,
  0x0f,0xc0,0x00,0x3f,0xff,0xff,0x80,0x3f,0xff,0xff,0x80,0x3f,0xff,0xff,0x80,0x3f,0xff,0xff,0x80,0x3f,0xff,0xff,0x00,0x00,
  0x00,0x7f,0x00,0x00,0x00,0xfe,0x00,0x00,0x01,0xfc,0x00,0x00,0x01,0xfc,0x00,0x00,0x03,0xf8,0x00,0x00,0x07,0xf0,0x00,0x00,
  0x07,0xe0,0x00,0x00,0x0f,0xe0,0x00,0x00,0x1f,0xc0,0x00,0x00,0x3f,0x80,0x00,0x00,0x3f,0x80,0x00,0x00,0x7f,0x00,0x00,0x00,
  0xfe,0x00,0x00,0x00,0xfc,0x00,0x00,0x01,0xfc,0x00,0x00,0x03,0xf8,0x00,0x00,0x03,0xf0,0x00,0x00,0x07,0xf0,0x00,0x00,0x0f,
  0xe0,0x00,0x00,0x1f,0xc0,0x00,0x00,0x1f,0xff,0xff,0x80,0x3f,0xff,0xff,0x80,0x3f,0xff,0xff,0x80,0x3f,0xff,0xff,0x80,0x3f,
  0xff,0xff,0x80,0x0f,0xfc,0x0f,0xfc,0x0f,0xfc,0x0f,0xfc,0x0f,0xfc,0x0f,0xc0,0x0f,0xc0,0x0f,0xc0,0x0f,0xc0,0x0f,0xc0,0x0f,
  0xc0,0x0f,0xc0,0x0f,0xc0,0x0f,0xc0,0x0f,0xc0,0x0f,0xc0,0x0f,0xc0,0x0f,0xc0,0x0f,0xc0,0x0f,0xc0,0x0f,0xc0,0x0f,0xc0,0x0f,
  0xc0,0x0f,0xc0,0x0f,0xc0,0x0f,0xc0,0x0f,0xc0,0x0f,0xc0,0x0f,0xc0,0x0f,0xc0,0x0f,0xc0,0x0f,0xc0,0x0f,0xc0,0x0f,0xfc,0x0f,
  0xfc,0x0f,0xfc,0x0f,0xfc,0x0f,0xfc,0x7c,0x00,0x7c,0x00,0x7e,0x00,0x3e,0x00,0x3e,0x00,0x3e,0x00,0x3f,0x00,0x1f,0x00,0x1f,
  0x00,0x1f,0x80,0x1f,0x80,0x0f,0x80,0x0f,0x80,0x0f,0xc0,0x07,0xc0,0x07,0xc0,0x07,0xc0,0x07,0xe0,0x03,0xe0,0x03,0xe0,0x03,
  0xf0,0x03,0xf0,0x01,0xf0,0x01,0xf0,0x01,0xf8,0x00,0xf8,0x00,0xf8,0x00,0xf8,0x00,0xfc,0x00,0x7c,0x00,0x7c,0x00,0x7e,0x00,
  0x7e,0x00,0x3e,0x00,0x3e,0x00,0x3f,0x3f,0xf0,0x3f,0xf0,0x3f,0xf0,0x3f,0xf0,0x3f,0xf0,0x03,0xf0,0x03,0xf0,0x03,0xf0,0x03,
  0xf0,0x03,0xf0,0x03,0xf0,0x03,0xf0,0x03,0xf0,0x03,0xf0,0x03,0xf0,0x03,0xf0,0x03,0xf0,0x03,0xf0,0x03,0xf0,0x03,0xf0,0x03,
  0xf0,0x03,0xf0,0x03,0xf0,0x03,0xf0,0x03,0xf0,0x03,0xf0,0x03,0xf0,0x03,0xf0,0x03,0xf0,0x03,0xf0,0x03,0xf0,0x03,0xf0,0x03,
  0xf0,0x3f,0xf0,0x3f,0xf0,0x3f,0xf0,0x3f,0xf0,0x3f,0xf0,0x01,0xf8,0x00,0x01,0xf8,0x00,0x01,0xfc,0x00,0x03,0xfc,0x00,0x03,
  0xfe,0x00,0x07,0x9e,0x00,0x07,0x9f,0x00,0x0f,0x8f,0x00,0x0f,0x0f,0x80,0x1f,0x07,0x80,0x1e,0x07,0xc0,0x3e,0x03,0xc0,0x3c,
  0x03,0xe0,0x00,0x00,0x00,0x00,0x00,0x00,0x00,0x00,0x00,0x00,0x00,0x00,0x00,0x00,0x00,0x00,0x00,0x00,0x00,0x00,0x00,0x00,
  0x00,0x00,0x00,0x00,0x00,0x00,0x00,0x00,0x00,0x00,0x00,0x00,0x00,0x00,0x00,0x00,0x00,0x00,0x00,0x00,0x00,0x00,0x00,0x00,
  0x00,0x00,0x00,0x00,0x00,0xff,0xff,0xf0,0xff,0xff,0xf0,0xff,0xff,0xf0,0xff,0xff,0xf0,0xff,0xff,0xf0,0x0f,0x80,0x0f,0xc0,
  0x07,0xc0,0x03,0xe0,0x03,0xe0,0x01,0xf0,0x00,0x00,0x00,0x00,0x00,0x00,0x00,0x00,0x00,0x00,0x00,0x00,0x00,0x00,0x00,0x00,
  0x00,0x00,0x00,0x00,0x00,0x00,0x00,0x00,0x00,0x00,0x00,0x00,0x00,0x00,0x00,0x00,0x00,0x00,0x00,0x00,0x00,0x00,0x00,0x00,
  0x00,0x00,0x00,0x00,0x00,0x00,0x00,0x00,0x00,0x00,0x00,0x00,0x00,0xfe,0x00,0x03,0xff,0xc0,0x0f,0xff,0xe0,0x1f,0xff,0xf0,
  0x1f,0xff,0xf8,0x3f,0x83,0xf8,0x1f,0x01,0xf8,0x00,0x01,0xf8,0x00,0x01,0xf8,0x00,0x0f,0xf8,0x03,0xff,0xf8,0x0f,0xff,0xf8,
  0x3f,0xfd,0xf8,0x3f,0x81,0xf8,0x7f,0x01,0xf8,0x7e,0x01,0xf8,0x7e,0x03,0xf8,0x7f,0x07,0xf8,0x7f,0xff,0xf8,0x3f,0xff,0xf8,
  0x3f,0xfd,0xf8,0x1f,0xf9,0xf8,0x07,0xe1,0xf8,0x1f,0x80,0x00,0x00,0x1f,0x80,0x00,0x00,0x1f,0x80,0x00,0x00,0x1f,0x80,0x00,
  0x00,0x1f,0x80,0x00,0x00,0x1f,0x80,0x00,0x00,0x1f,0x80,0x00,0x00,0x1f,0x87,0xe0,0x00,0x1f,0x9f,0xf8,0x00,0x1f,0xbf,0xfc,
  0x00,0x1f,0xff,0xfe,0x00,0x1f,0xff,0xff,0x00,0x1f,0xf0,0xff,0x00,0x1f,0xe0,0x3f,0x80,0x1f,0xc0,0x3f,0x80,0x1f,0xc0,0x1f,
  0x80,0x1f,0x80,0x1f,0x80,0x1f,0x80,0x1f,0x80,0x1f,0x80,0x1f,0x80,0x1f,0x80,0x1f,0x80,0x1f,0x80,0x1f,0x80,0x1f,0xc0,0x1f,
  0x80,0x1f,0xc0,0x3f,0x80,0x1f,0xe0,0x3f,0x80,0x1f,0xf0,0x7f,0x00,0x1f,0xff,0xff,0x00,0x1f,0xff,0xfe,0x00,0x1f,0xbf,0xfc,
  0x00,0x1f,0x9f,0xf8,0x00,0x1f,0x87,0xe0,0x00,0x00,0x3f,0x80,0x00,0x01,0xff,0xe0,0x00,0x03,0xff,0xf8,0x00,0x07,0xff,0xfc,
  0x00,0x0f,0xff,0xfc,0x00,0x1f,0xe0,0xfe,0x00,0x1f,0xc0,0x7e,0x00,0x1f,0x80,0x7e,0x00,0x3f,0x80,0x00,0x00,0x3f,0x00,0x00,
  0x00,0x3f,0x00,0x00,0x00,0x3f,0x00,0x00,0x00,0x3f,0x00,0x00,0x00,0x3f,0x00,0x00,0x00,0x3f,0x80,0x00,0x00,0x1f,0x80,0x7e,
  0x00,0x1f,0xc0,0x7e,0x00,0x1f,0xe0,0xfe,0x00,0x0f,0xff,0xfc,0x00,0x07,0xff,0xfc,0x00,0x03,0xff,0xf8,0x00,0x01,0xff,0xe0,
  0x00,0x00,0x3f,0x80,0x00,0x00,0x00,0x3f,0x00,0x00,0x00,0x3f,0x00,0x00,0x00,0x3f,0x00,0x00,0x00,0x3f,0x00,0x00,0x00,0x3f,
  0x00,0x00,0x00,0x3f,0x00,0x00,0x00,0x3f,0x00,0x00,0xfc,0x3f,0x00,0x03,0xff,0x3f,0x00,0x07,0xff,0xbf,0x00,0x0f,0xff,0xff,
  0x00,0x0f,0xff,0xff,0x00,0x1f,0xe0,0xff,0x00,0x1f,0xc0,0x7f,0x00,0x3f,0x80,0x7f,0x00,0x3f,0x80,0x3f,0x00,0x3f,0x00,0x3f,
  0x00,0x3f,0x00,0x3f,0x00,0x3f,0x00,0x3f,0x00,0x3f,0x00,0x3f,0x00,0x3f,0x00,0x3f,0x00,0x3f,0x80,0x3f,0x00,0x3f,0x80,0x7f,
  0x00,0x1f,0xc0,0x7f,0x00,0x1f,0xe1,0xff,0x00,0x0f,0xff,0xff,0x00,0x0f,0xff,0xff,0x00,0x07,0xff,0xbf,0x00,0x03,0xff,0x3f,
  0x00,0x00,0xfc,0x3f,0x00,0x00,0x3f,0x80,0x00,0x01,0xff,0xe0,0x00,0x03,0xff,0xf0,0x00,0x07,0xff,0xf8,0x00,0x0f,0xff,0xfc,
  0x00,0x1f,0xc0,0xfe,0x00,0x1f,0x80,0x7e,0x00,0x1f,0x80,0x3e,0x00,0x3f,0x00,0x3f,0x00,0x3f,0xff,0xff,0x00,0x3f,0xff,0xff,
  0x00,0x3f,0xff,0xff,0x00,0x3f,0xff,0xff,0x00,0x3f,0x00,0x00,0x00,0x3f,0x00,0x00,0x00,0x1f,0x80,0x00,0x00,0x1f,0x80,0x3e,
  0x00,0x1f,0xe0,0xfe,0x00,0x0f,0xff,0xfe,0x00,0x07,0xff,0xfc,0x00,0x03,0xff,0xf8,0x00,0x01,0xff,0xf0,0x00,0x00,0x3f,0x80,
  0x00,0x00,0x3e,0x00,0x00,0xff,0x80,0x01,0xff,0x80,0x03,0xff,0x00,0x03,0xff,0x00,0x07,0xf0,0x00,0x07,0xe0,0x00,0x07,0xe0,
  0x00,0x07,0xe0,0x00,0x7f,0xff,0x00,0x7f,0xff,0x00,0x7f,0xff,0x00,0x7f,0xff,0x00,0x7f,0xff,0x00,0x07,0xe0,0x00,0x07,0xe0,
  0x00,0x07,0xe0,0x00,0x07,0xe0,0x00,0x07,0xe0,0x00,0x07,0xe0,0x00,0x07,0xe0,0x00,0x07,0xe0,0x00,0x07,0xe0,0x00,0x07,0xe0,
  0x00,0x07,0xe0,0x00,0x07,0xe0,0x00,0x07,0xe0,0x00,0x07,0xe0,0x00,0x07,0xe0,0x00,0x07,0xe0,0x00,0x07,0xe0,0x00,0x07,0xe0,
  0x00,0x00,0xfc,0x3f,0x00,0x03,0xff,0x3f,0x00,0x07,0xff,0xbf,0x00,0x0f,0xff,0xff,0x00,0x0f,0xff,0xff,0x00,0x1f,0xe1,0xff,
  0x00,0x1f,0xc0,0x7f,0x00,0x3f,0x80,0x7f,0x00,0x3f,0x80,0x3f,0x00,0x3f,0x00,0x3f,0x00,0x3f,0x00,0x3f,0x00,0x3f,0x00,0x3f,
  0x00,0x3f,0x00,0x3f,0x00,0x3f,0x00,0x3f,0x00,0x3f,0x80,0x3f,0x00,0x3f,0x80,0x7f,0x00,0x1f,0xc0,0x7f,0x00,0x1f,0xe0,0xff,
  0x00,0x1f,0xff,0xff,0x00,0x0f,0xff,0xbf,0x00,0x07,0xff,0xbf,0x00,0x03,0xff,0x3f,0x00,0x00,0xfc,0x3f,0x00,0x00,0x00,0x3f,
  0x00,0x00,0x00,0x7f,0x00,0x1f,0x80,0xff,0x00,0x1f,0xff,0xfe,0x00,0x0f,0xff,0xfc,0x00,0x07,0xff,0xf8,0x00,0x03,0xff,0xf0,
  0x00,0x00,0x7f,0x80,0x00,0x1f,0x80,0x00,0x00,0x1f,0x80,0x00,0x00,0x1f,0x80,0x00,0x00,0x1f,0x80,0x00,0x00,0x1f,0x80,0x00,
  0x00,0x1f,0x80,0x00,0x00,0x1f,0x80,0x00,0x00,0x1f,0x87,0xe0,0x00,0x1f,0x9f,0xf8,0x00,0x1f,0xbf,0xfc,0x00,0x1f,0xbf,0xfe,
  0x00,0x1f,0xff,0xfe,0x00,0x1f,0xe0,0xff,0x00,0x1f,0xc0,0x7f,0x00,0x1f,0xc0,0x7f,0x00,0x1f,0x80,0x3f,0x00,0x1f,0x80,0x3f,
  0x00,0x1f,0x80,0x3f,0x00,0x1f,0x80,0x3f,0x00,0x1f,0x80,0x3f,0x00,0x1f,0x80,0x3f,0x00,0x1f,0x80,0x3f,0x00,0x1f,0x80,0x3f,
  0x00,0x1f,0x80,0x3f,0x00,0x1f,0x80,0x3f,0x00,0x1f,0x80,0x3f,0x00,0x1f,0x80,0x3f,0x00,0x1f,0x80,0x3f,0x00,0x1f,0x80,0x3f,
  0x00,0x1f,0x80,0x3f,0x00,0x1e,0x00,0x3f,0x00,0x3f,0x00,0x3f,0x00,0x3f,0x00,0x1e,0x00,0x00,0x00,0x00,0x00,0x00,0x00,0x3f,
  0x00,0x3f,0x00,0x3f,0x00,0x3f,0x00,0x3f,0x00,0x3f,0x00,0x3f,0x00,0x3f,0x00,0x3f,0x00,0x3f,0x00,0x3f,0x00,0x3f,0x00,0x3f,
  0x00,0x3f,0x00,0x3f,0x00,0x3f,0x00,0x3f,0x00,0x3f,0x00,0x3f,0x00,0x3f,0x00,0x3f,0x00,0x3f,0x00,0x3f,0x00,0x07,0x80,0x0f,
  0xc0,0x0f,0xc0,0x0f,0xc0,0x0f,0xc0,0x07,0x80,0x00,0x00,0x00,0x00,0x00,0x00,0x0f,0xc0,0x0f,0xc0,0x0f,0xc0,0x0f,0xc0,0x0f,
  0xc0,0x0f,0xc0,0x0f,0xc0,0x0f,0xc0,0x0f,0xc0,0x0f,0xc0,0x0f,0xc0,0x0f,0xc0,0x0f,0xc0,0x0f,0xc0,0x0f,0xc0,0x0f,0xc0,0x0f,
  0xc0,0x0f,0xc0,0x0f,0xc0,0x0f,0xc0,0x0f,0xc0,0x0f,0xc0,0x0f,0xc0,0x0f,0xc0,0x0f,0xc0,0x1f,0xc0,0x7f,0xc0,0xff,0x80,0xff,
  0x80,0xff,0x00,0xf8,0x00,0x1f,0x80,0x00,0x00,0x1f,0x80,0x00,0x00,0x1f,0x80,0x00,0x00,0x1f,0x80,0x00,0x00,0x1f,0x80,0x00,
  0x00,0x1f,0x80,0x00,0x00,0x1f,0x80,0x00,0x00,0x1f,0x80,0x7f,0x00,0x1f,0x80,0xfe,0x00,0x1f,0x81,0xfc,0x00,0x1f,0x83,0xf8,
  0x00,0x1f,0x87,0xf0,0x00,0x1f,0x8f,0xe0,0x00,0x1f,0x8f,0xe0,0x00,0x1f,0x9f,0xc0,0x00,0x1f,0xbf,0x80,0x00,0x1f,0xff,0x00,
  0x00,0x1f,0xff,0x00,0x00,0x1f,0xff,0x80,0x00,0x1f,0xff,0x80,0x00,0x1f,0xff,0xc0,0x00,0x1f,0xcf,0xe0,0x00,0x1f,0x8f,0xe0,
  0x00,0x1f,0x87,0xf0,0x00,0x1f,0x83,0xf8,0x00,0x1f,0x83,0xfc,0x00,0x1f,0x81,0xfc,0x00,0x1f,0x80,0xfe,0x00,0x1f,0x80,0xff,
  0x00,0x1f,0x80,0x7f,0x00,0x1f,0x80,0x1f,0x80,0x1f,0x80,0x1f,0x80,0x1f,0x80,0x1f,0x80,0x1f,0x80,0x1f,0x80,0x1f,0x80,0x1f,
  0x80,0x1f,0x80,0x1f,0x80,0x1f,0x80,0x1f,0x80,0x1f,0x80,0x1f,0x80,0x1f,0x80,0x1f,0x80,0x1f,0x80,0x1f,0x80,0x1f,0x80,0x1f,
  0x80,0x1f,0x80,0x1f,0x80,0x1f,0x80,0x1f,0x80,0x1f,0x80,0x1f,0x80,0x1f,0x80,0x1f,0x80,0x1f,0x87,0xc0,0x3f,0x00,0x1f,0x9f,
  0xf0,0xff,0x80,0x1f,0xbf,0xf9,0xff,0xc0,0x1f,0xff,0xfb,0xff,0xe0,0x1f,0xff,0xff,0xff,0xe0,0x1f,0xe1,0xff,0x0f,0xf0,0x1f,
  0xc0,0xff,0x07,0xf0,0x1f,0x80,0x7e,0x03,0xf0,0x1f,0x80,0x7e,0x03,0xf0,0x1f,0x80,0x7e,0x03,0xf0,0x1f,0x80,0x7e,0x03,0xf0,
  0x1f,0x80,0x7e,0x03,0xf0,0x1f,0x80,0x7e,0x03,0xf0,0x1f,0x80,0x7e,0x03,0xf0,0x1f,0x80,0x7e,0x03,0xf0,0x1f,0x80,0x7e,0x03,
  0xf0,0x1f,0x80,0x7e,0x03,0xf0,0x1f,0x80,0x7e,0x03,0xf0,0x1f,0x80,0x7e,0x03,0xf0,0x1f,0x80,0x7e,0x03,0xf0,0x1f,0x80,0x7e,
  0x03,0xf0,0x1f,0x80,0x7e,0x03,0xf0,0x1f,0x80,0x7e,0x03,0xf0,0x1f,0x87,0xe0,0x00,0x1f,0x9f,0xf8,0x00,0x1f,0xbf,0xfc,0x00,
  0x1f,0xbf,0xfe,0x00,0x1f,0xff,0xfe,0x00,0x1f,0xe0,0xff,0x00,0x1f,0xc0,0x7f,0x00,0x1f,0xc0,0x7f,0x00,0x1f,0x80,0x3f,0x00,
  0x1f,0x80,0x3f,0x00,0x1f,0x80,0x3f,0x00,0x1f,0x80,0x3f,0x00,0x1f,0x80,0x3f,0x00,0x1f,0x80,0x3f,0x00,0x1f,0x80,0x3f,0x00,
  0x1f,0x80,0x3f,0x00,0x1f,0x80,0x3f,0x00,0x1f,0x80,0x3f,0x00,0x1f,0x80,0x3f,0x00,0x1f,0x80,0x3f,0x00,0x1f,0x80,0x3f,0x00,
  0x1f,0x80,0x3f,0x00,0x1f,0x80,0x3f,0x00,0x00,0x3f,0x80,0x00,0x01,0xff,0xe0,0x00,0x03,0xff,0xf0,0x00,0x07,0xff,0xfc,0x00,
  0x0f,0xff,0xfc,0x00,0x1f,0xe1,0xfe,0x00,0x1f,0xc0,0x7e,0x00,0x1f,0x80,0x7f,0x00,0x3f,0x80,0x3f,0x00,0x3f,0x00,0x3f,0x00,
  0x3f,0x00,0x3f,0x00,0x3f,0x00,0x3f,0x00,0x3f,0x00,0x3f,0x00,0x3f,0x00,0x3f,0x00,0x3f,0x80,0x3f,0x00,0x1f,0x80,0x7f,0x00,
  0x1f,0xc0,0x7e,0x00,0x1f,0xe1,0xfe,0x00,0x0f,0xff,0xfc,0x00,0x07,0xff,0xfc,0x00,0x03,0xff,0xf8,0x00,0x01,0xff,0xe0,0x00,
  0x00,0x7f,0x80,0x00,0x1f,0x87,0xe0,0x00,0x1f,0x9f,0xf8,0x00,0x1f,0x9f,0xfc,0x00,0x1f,0xbf,0xfe,0x00,0x1f,0xff,0xff,0x00,
  0x1f,0xf0,0xff,0x00,0x1f,0xe0,0x3f,0x80,0x1f,0xc0,0x3f,0x80,0x1f,0xc0,0x1f,0x80,0x1f,0x80,0x1f,0x80,0x1f,0x80,0x1f,0x80,
  0x1f,0x80,0x1f,0x80,0x1f,0x80,0x1f,0x80,0x1f,0x80,0x1f,0x80,0x1f,0xc0,0x1f,0x80,0x1f,0xc0,0x3f,0x80,0x1f,0xe0,0x3f,0x80,
  0x1f,0xf0,0x7f,0x00,0x1f,0xff,0xff,0x00,0x1f,0xff,0xfe,0x00,0x1f,0xbf,0xfc,0x00,0x1f,0x9f,0xf8,0x00,0x1f,0x87,0xe0,0x00,
  0x1f,0x80,0x00,0x00,0x1f,0x80,0x00,0x00,0x1f,0x80,0x00,0x00,0x1f,0x80,0x00,0x00,0x1f,0x80,0x00,0x00,0x1f,0x80,0x00,0x00,
  0x1f,0x80,0x00,0x00,0x1f,0x80,0x00,0x00,0x00,0xfc,0x3f,0x00,0x03,0xff,0x3f,0x00,0x07,0xff,0xbf,0x00,0x0f,0xff,0xff,0x00,
  0x0f,0xff,0xff,0x00,0x1f,0xe0,0xff,0x00,0x1f,0xc0,0x7f,0x00,0x3f,0x80,0x7f,0x00,0x3f,0x80,0x3f,0x00,0x3f,0x00,0x3f,0x00,
  0x3f,0x00,0x3f,0x00,0x3f,0x00,0x3f,0x00,0x3f,0x00,0x3f,0x00,0x3f,0x00,0x3f,0x00,0x3f,0x80,0x3f,0x00,0x3f,0x80,0x7f,0x00,
  0x1f,0xc0,0x7f,0x00,0x1f,0xe1,0xff,0x00,0x0f,0xff,0xff,0x00,0x0f,0xff,0xff,0x00,0x07,0xff,0xbf,0x00,0x03,0xff,0x3f,0x00,
  0x00,0xfc,0x3f,0x00,0x00,0x00,0x3f,0x00,0x00,0x00,0x3f,0x00,0x00,0x00,0x3f,0x00,0x00,0x00,0x3f,0x00,0x00,0x00,0x3f,0x00,
  0x00,0x00,0x3f,0x00,0x00,0x00,0x3f,0x00,0x00,0x00,0x3f,0x00,0x1f,0x8f,0x80,0x1f,0x9f,0x80,0x1f,0xbf,0x80,0x1f,0xff,0x80,
  0x1f,0xff,0x00,0x1f,0xe0,0x00,0x1f,0xc0,0x00,0x1f,0xc0,0x00,0x1f,0x80,0x00,0x1f,0x80,0x00,0x1f,0x80,0x00,0x1f,0x80,0x00,
  0x1f,0x80,0x00,0x1f,0x80,0x00,0x1f,0x80,0x00,0x1f,0x80,0x00,0x1f,0x80,0x00,0x1f,0x80,0x00,0x1f,0x80,0x00,0x1f,0x80,0x00,
  0x1f,0x80,0x00,0x1f,0x80,0x00,0x1f,0x80,0x00,0x00,0xfe,0x00,0x07,0xff,0xc0,0x0f,0xff,0xe0,0x1f,0xff,0xf0,0x3f,0xff,0xf8,
  0x3f,0x81,0xf8,0x3f,0x00,0xf0,0x3f,0x00,0x00,0x3f,0x80,0x00,0x1f,0xf8,0x00,0x1f,0xff,0x80,0x07,0xff,0xe0,0x01,0xff,0xf8,
  0x00,0x0f,0xf8,0x00,0x01,0xfc,0x02,0x00,0xfc,0x3f,0x00,0xfc,0x3f,0x81,0xfc,0x3f,0xff,0xf8,0x1f,0xff,0xf8,0x0f,0xff,0xf0,
  0x07,0xff,0xc0,0x00,0xff,0x00,0x0f,0xc0,0x0f,0xc0,0x0f,0xc0,0x0f,0xc0,0x0f,0xc0,0x0f,0xc0,0x7f,0xfe,0x7f,0xfe,0x7f,0xfe,
  0x7f,0xfe,0x7f,0xfe,0x0f,0xc0,0x0f,0xc0,0x0f,0xc0,0x0f,0xc0,0x0f,0xc0,0x0f,0xc0,0x0f,0xc0,0x0f,0xc0,0x0f,0xc0,0x0f,0xc0,
  0x0f,0xc0,0x0f,0xc0,0x0f,0xe0,0x0f,0xfe,0x07,0xfe,0x07,0xfe,0x03,0xfe,0x00,0xfe,0x1f,0x80,0x3f,0x00,0x1f,0x80,0x3f,0x00,
  0x1f,0x80,0x3f,0x00,0x1f,0x80,0x3f,0x00,0x1f,0x80,0x3f,0x00,0x1f,0x80,0x3f,0x00,0x1f,0x80,0x3f,0x00,0x1f,0x80,0x3f,0x00,
  0x1f,0x80,0x3f,0x00,0x1f,0x80,0x3f,0x00,0x1f,0x80,0x3f,0x00,0x1f,0x80,0x3f,0x00,0x1f,0x80,0x3f,0x00,0x1f,0x80,0x3f,0x00,
  0x1f,0x80,0x3f,0x00,0x1f,0xc0,0x7f,0x00,0x1f,0xc0,0x7f,0x00,0x1f,0xe0,0xff,0x00,0x0f,0xff,0xff,0x00,0x0f,0xff,0xbf,0x00,
  0x07,0xff,0xbf,0x00,0x03,0xff,0x3f,0x00,0x00,0xfc,0x3f,0x00,0x7e,0x00,0x3f,0x00,0x7f,0x00,0x3f,0x00,0x3f,0x00,0x7f,0x00,
  0x3f,0x00,0x7e,0x00,0x3f,0x80,0x7e,0x00,0x1f,0x80,0xfe,0x00,0x1f,0x80,0xfc,0x00,0x1f,0xc0,0xfc,0x00,0x0f,0xc1,0xf8,0x00,
  0x0f,0xc1,0xf8,0x00,0x0f,0xe1,0xf8,0x00,0x07,0xe3,0xf0,0x00,0x07,0xe3,0xf0,0x00,0x03,0xe3,0xf0,0x00,0x03,0xf3,0xe0,0x00,
  0x03,0xf7,0xe0,0x00,0x01,0xf7,0xc0,0x00,0x01,0xff,0xc0,0x00,0x01,0xff,0xc0,0x00,0x00,0xff,0x80,0x00,0x00,0xff,0x80,0x00,
  0x00,0x7f,0x80,0x00,0x00,0x7f,0x00,0x00,0x7e,0x01,0xf8,0x0f,0xe0,0x7e,0x01,0xf8,0x0f,0xe0,0x7f,0x03,0xf8,0x0f,0xc0,0x3f,
  0x03,0xfc,0x0f,0xc0,0x3f,0x03,0xfc,0x1f,0xc0,0x3f,0x03,0xfc,0x1f,0x80,0x1f,0x87,0xfc,0x1f,0x80,0x1f,0x87,0xfe,0x1f,0x80,
  0x1f,0x87,0xfe,0x1f,0x80,0x1f,0x87,0xbe,0x3f,0x00,0x0f,0xcf,0x9e,0x3f,0x00,0x0f,0xcf,0x9e,0x3f,0x00,0x0f,0xcf,0x9f,0x3e,
  0x00,0x07,0xcf,0x1f,0x7e,0x00,0x07,0xcf,0x0f,0x7e,0x00,0x07,0xff,0x0f,0x7c,0x00,0x07,0xff,0x0f,0xfc,0x00,0x03,0xfe,0x0f,
  0xfc,0x00,0x03,0xfe,0x07,0xfc,0x00,0x03,0xfe,0x07,0xf8,0x00,0x01,0xfc,0x07,0xf8,0x00,0x01,0xfc,0x03,0xf8,0x00,0x01,0xfc,
  0x03,0xf0,0x00,0x3f,0x00,0xfe,0x3f,0x80,0xfc,0x1f,0x81,0xfc,0x1f,0xc1,0xf8,0x0f,0xc3,0xf0,0x07,0xe3,0xf0,0x07,0xe7,0xe0,
  0x03,0xff,0xc0,0x01,0xff,0xc0,0x01,0xff,0x80,0x00,0xff,0x80,0x00,0xff,0x00,0x01,0xff,0x80,0x01,0xff,0x80,0x03,0xff,0xc0,
  0x03,0xf7,0xe0,0x07,0xe7,0xe0,0x0f,0xe3,0xf0,0x0f,0xc3,0xf8,0x1f,0x81,0xf8,0x3f,0x81,0xfc,0x3f,0x00,0xfe,0x7f,0x00,0x7e,
  0x7e,0x00,0x3f,0x00,0x7f,0x00,0x3f,0x00,0x3f,0x00,0x7f,0x00,0x3f,0x00,0x7e,0x00,0x3f,0x80,0x7e,0x00,0x1f,0x80,0xfc,0x00,
  0x1f,0x80,0xfc,0x00,0x0f,0xc0,0xfc,0x00,0x0f,0xc1,0xf8,0x00,0x0f,0xc1,0xf8,0x00,0x07,0xe1,0xf8,0x00,0x07,0xe3,0xf0,0x00,
  0x07,0xe3,0xf0,0x00,0x03,0xf3,0xe0,0x00,0x03,0xf7,0xe0,0x00,0x01,0xf7,0xe0,0x00,0x01,0xff,0xc0,0x00,0x01,0xff,0xc0,0x00,
  0x00,0xff,0x80,0x00,0x00,0xff,0x80,0x00,0x00,0xff,0x80,0x00,0x00,0x7f,0x00,0x00,0x00,0x7f,0x00,0x00,0x00,0x7f,0x00,0x00,
  0x00,0x7e,0x00,0x00,0x00,0xfe,0x00,0x00,0x0f,0xfc,0x00,0x00,0x1f,0xfc,0x00,0x00,0x1f,0xf8,0x00,0x00,0x1f,0xf0,0x00,0x00,
  0x1f,0xc0,0x00,0x00,0x1f,0xff,0xf8,0x1f,0xff,0xf8,0x1f,0xff,0xf8,0x1f,0xff,0xf8,0x1f,0xff,0xf8,0x00,0x07,0xf0,0x00,0x0f,
  0xe0,0x00,0x0f,0xc0,0x00,0x1f,0xc0,0x00,0x3f,0x80,0x00,0x7f,0x00,0x00,0xfe,0x00,0x00,0xfe,0x00,0x01,0xfc,0x00,0x03,0xf8,
  0x00,0x07,0xf8,0x00,0x0f,0xf0,0x00,0x0f,0xe0,0x00,0x1f,0xff,0xf8,0x3f,0xff,0xf8,0x3f,0xff,0xf8,0x3f,0xff,0xf8,0x3f,0xff,
  0xf8,0x00,0x07,0x80,0x00,0x3f,0x80,0x00,0x7f,0x80,0x00,0xff,0x80,0x00,0xff,0x80,0x01,0xfe,0x00,0x01,0xfc,0x00,0x01,0xf8,
  0x00,0x01,0xf8,0x00,0x01,0xf8,0x00,0x01,0xf8,0x00,0x01,0xf8,0x00,0x01,0xf8,0x00,0x01,0xf8,0x00,0x03,0xf8,0x00,0x07,0xf8,
  0x00,0x3f,0xf0,0x00,0x3f,0xe0,0x00,0x3f,0x80,0x00,0x3f,0x80,0x00,0x3f,0xe0,0x00,0x3f,0xf0,0x00,0x07,0xf8,0x00,0x03,0xf8,
  0x00,0x01,0xf8,0x00,0x01,0xf8,0x00,0x01,0xf8,0x00,0x01,0xf8,0x00,0x01,0xf8,0x00,0x01,0xf8,0x00,0x01,0xf8,0x00,0x01,0xfc,
  0x00,0x01,0xfc,0x00,0x00,0xff,0x80,0x00,0xff,0x80,0x00,0x7f,0x80,0x00,0x3f,0x80,0x00,0x0f,0x80,0x07,0xe0,0x07,0xe0,0x07,
  0xe0,0x07,0xe0,0x07,0xe0,0x07,0xe0,0x07,0xe0,0x07,0xe0,0x07,0xe0,0x07,0xe0,0x07,0xe0,0x07,0xe0,0x07,0xe0,0x07,0xe0,0x07,
  0xe0,0x07,0xe0,0x07,0xe0,0x07,0xe0,0x07,0xe0,0x07,0xe0,0x07,0xe0,0x07,0xe0,0x07,0xe0,0x07,0xe0,0x07,0xe0,0x07,0xe0,0x07,
  0xe0,0x07,0xe0,0x07,0xe0,0x07,0xe0,0x07,0xe0,0x07,0xe0,0x07,0xe0,0x07,0xe0,0x07,0xe0,0x07,0xe0,0x07,0xe0,0x07,0xe0,0x07,
  0xe0,0x07,0xe0,0x07,0xe0,0x07,0xe0,0x07,0xe0,0x07,0xe0,0x07,0xe0,0x07,0xe0,0x07,0xe0,0x07,0xe0,0x07,0xe0,0x07,0xe0,0x1e,
  0x00,0x00,0x3f,0xc0,0x00,0x3f,0xe0,0x00,0x3f,0xf0,0x00,0x3f,0xf8,0x00,0x07,0xf8,0x00,0x03,0xf8,0x00,0x01,0xf8,0x00,0x01,
  0xf8,0x00,0x01,0xf8,0x00,0x01,0xf8,0x00,0x01,0xf8,0x00,0x01,0xf8,0x00,0x01,0xf8,0x00,0x01,0xfc,0x00,0x01,0xfe,0x00,0x00,
  0xff,0x80,0x00,0x7f,0x80,0x00,0x1f,0x80,0x00,0x1f,0x80,0x00,0x7f,0x80,0x00,0xff,0x80,0x01,0xfe,0x00,0x01,0xfc,0x00,0x01,
  0xf8,0x00,0x01,0xf8,0x00,0x01,0xf8,0x00,0x01,0xf8,0x00,0x01,0xf8,0x00,0x01,0xf8,0x00,0x01,0xf8,0x00,0x03,0xf8,0x00,0x03,
  0xf8,0x00,0x1f,0xf8,0x00,0x3f,0xf0,0x00,0x3f,0xe0,0x00,0x3f,0xc0,0x00,0x1f,0x00,0x00,0x01,0xf0,0x00,0x00,0x07,0xf8,0x0f,
  0x80,0x0f,0xfe,0x0f,0x80,0x0f,0xff,0x1f,0x80,0x0f,0xff,0xff,0x00,0x1f,0x8f,0xff,0x00,0x1f,0x07,0xfe,0x00,0x1f,0x01,0xfe,
  0x00,0x00,0x00,0xf8,0x00,0x00,0x00,0x00,0x00,0x00,0x00,0x00,0x00,0x00,0x00,0x00,0x00,0x00,0x00,0x00,0x00,0x00,0x00,0x00,
  0x00,0x00,0x00,0x00,0x00,0x00,0x00,0x00,0x00,0x00,0x00,0x00,0x00,0x01,0xf0,0x00,0x07,0xfc,0x00,0x0f,0xfe,0x00,0x1f,0xff,
  0x00,0x1f,0x1f,0x00,0x3e,0x0f,0x80,0x3c,0x07,0x80,0x3c,0x07,0x80,0x3e,0x0f,0x80,0x3f,0x1f,0x00,0x1f,0xff,0x00,0x0f,0xfe,
  0x00,0x07,0xfc,0x00,0x01,0xf0,0x00,0x00,0x00,0x00,0x00,0x00,0x00,0x00,0x00,0x00,0x00,0x00,0x00,0x00,0x00,0x00,0x00,0x00,
  0x00,0x00,0x00,0x00,0x00,0x00,0x00,0x00,0x00,0x00,0x00,0x00,0x00,0x00,0x00,0x00,0x00,0x00,0x00,0x00,0x00,0x00,0x00,0x00,
  0x00,0x00,0x00,0x00,0x00,0x00,0x00,0x07,0x00,0x0f,0x80,0x1f,0xc0,0x1f,0xc0,0x1f,0xc0,0x0f,0x80,0x07,0x00,0x00,0x00,0x00,
  0x00,0x00,0x00,0x00,0x00,0x00,0x00,0x00,0x00,0x00,0x00,0x00,0x00,0x00,0x00,0x00,0x00,0x00,0x00,0x00,0x00,0x00,0x00,0x03,
  0x80,0x0e,0x00,0x07,0xc0,0x1f,0x00,0x0f,0xe0,0x3f,0x80,0x0f,0xf0,0x7f,0x80,0x07,0xf8,0xff,0x00,0x03,0xfd,0xfe,0x00,0x01,
  0xff,0xfc,0x00,0x00,0xff,0xf8,0x00,0x00,0x7f,0xf0,0x00,0x00,0x3f,0xe0,0x00,0x00,0x3f,0xe0,0x00,0x00,0x7f,0xf0,0x00,0x00,
  0xff,0xf8,0x00,0x01,0xff,0xfc,0x00,0x03,0xfd,0xfe,0x00,0x07,0xf0,0xff,0x00,0x0f,0xe0,0x7f,0x80,0x0f,0xc0,0x3f,0x00,0x07,
  0x80,0x1e,0x00,0x03,0x00,0x0c,0x00,0x00,0x00,0x00,0x00,0x00,0x00,0x00,0x00,0x00,0x07,0xe0,0x00,0x00,0x07,0xc0,0x00,0x00,
  0x0f,0xc0,0x00,0x00,0x0f,0x80,0x00,0x00,0x0f,0x00,0x00,0x00,0x1f,0x00,0x00,0x00,0x00,0x00,0x00,0x00,0x00,0x00,0x00,0x00,
  0x00,0x00,0x00,0x00,0x3f,0x80,0x00,0x01,0xff,0xe0,0x00,0x03,0xff,0xf0,0x00,0x07,0xff,0xf8,0x00,0x0f,0xff,0xfc,0x00,0x1f,
  0xc0,0xfe,0x00,0x1f,0x80,0x7e,0x00,0x1f,0x80,0x3e,0x00,0x3f,0x00,0x3f,0x00,0x3f,0xff,0xff,0x00,0x3f,0xff,0xff,0x00,0x3f,
  0xff,0xff,0x00,0x3f,0xff,0xff,0x00,0x3f,0x00,0x00,0x00,0x3f,0x00,0x00,0x00,0x1f,0x80,0x00,0x00,0x1f,0x80,0x3e,0x00,0x1f,
  0xe0,0xfe,0x00,0x0f,0xff,0xfe,0x00,0x07,0xff,0xfc,0x00,0x03,0xff,0xf8,0x00,0x01,0xff,0xf0,0x00,0x00,0x3f,0x80,0x00,0xff,
  0xff,0xf8,0xff,0xff,0xf8,0xff,0xff,0xf8,0xff,0xff,0xf8,0xff,0xff,0xf8,0x00,0x00,0x00,0x00,0x00,0x00,0x00,0x00,0x00,0x00,
  0x00,0x00,0x00,0x00,0x00,0x00,0x00,0x00,0x00,0x00,0x00,0x00,0x00,0x00,0x00,0x00,0x00,0x00,0x00,0x00,0xff,0xff,0xff,0xff,
  0xff,0xc0,0xff,0xff,0xff,0xff,0xff,0xc0,0xff,0xff,0xff,0xff,0xff,0xc0,0xff,0xff,0xff,0xff,0xff,0xc0,0xff,0xff,0xff,0xff,
  0xff,0xc0,0x00,0x00,0x00,0x00,0x00,0x00,0x00,0x00,0x00,0x00,0x00,0x00,0x00,0x00,0x00,0x00,0x00,0x00,0x00,0x00,0x00,0x00,
  0x00,0x00,0x00,0x00,0x00,0x00,0x00,0x00,0x00,0x00,0x00,0x00,0x00,0x00,0x00,0x00,0x00,0x00,0x00,0x00,0x00,0x00,0x00,0x00,
  0x00,0x00,0x00,0x00,0x00,0x00,0x00,0x00,0x00,0x00,0x00,0x00,0x00,0x00,0x01,0xe0,0x01,0xe0,0x03,0xe0,0x03,0xe0,0x03,0xe0,
  0x03,0xe0,0x07,0xc0,0x07,0xc0,0x07,0xc0,0x0f,0xc0,0x0f,0xc0,0x0f,0xc0,0x0f,0xc0,0x00,0x00,0x00,0x00,0x00,0x00,0x00,0x00,
  0x00,0x00,0x00,0x00,0x00,0x00,0x00,0x00,0x00,0x00,0x00,0x00,0x00,0x00,0x00,0x00,0x00,0x00,0x00,0x00,0x00,0x00,0x00,0x00,
  0x00,0x00,0x07,0xe0,0x07,0xe0,0x07,0xe0,0x07,0xc0,0x07,0xc0,0x0f,0xc0,0x0f,0x80,0x0f,0x80,0x0f,0x80,0x0f,0x80,0x0f,0x00,
  0x0f,0x00,0x1f,0x00,0x00,0x00,0x00,0x00,0x00,0x00,0x00,0x00,0x00,0x00,0x00,0x00,0x00,0x00,0x00,0x00,0x00,0x00,0x00,0x00,
  0x00,0x00,0x00,0x00,0x00,0x00,0x00,0x00,0x00,0x00,0x00,0x00,0x00,0x00,0x00,0x00,0x01,0xe0,0x78,0x01,0xe0,0xf8,0x03,0xe0,
  0xf8,0x03,0xe0,0xf0,0x03,0xe1,0xf0,0x03,0xe1,0xf0,0x07,0xc1,0xf0,0x07,0xc1,0xf0,0x07,0xc3,0xf0,0x0f,0xc3,0xf0,0x0f,0xc3,
  0xf0,0x0f,0xc7,0xe0,0x0f,0xc7,0xe0,0x00,0x00,0x00,0x00,0x00,0x00,0x00,0x00,0x00,0x00,0x00,0x00,0x00,0x00,0x00,0x00,0x00,
  0x00,0x00,0x00,0x00,0x00,0x00,0x00,0x00,0x00,0x00,0x00,0x00,0x00,0x00,0x00,0x00,0x00,0x00,0x00,0x00,0x00,0x00,0x00,0x00,
  0x00,0x00,0x00,0x00,0x00,0x00,0x00,0x00,0x00,0x00,0x07,0xe3,0xf0,0x07,0xe3,0xf0,0x07,0xe3,0xf0,0x07,0xc3,0xf0,0x07,0xc3,
  0xe0,0x0f,0xc3,0xe0,0x0f,0x83,0xe0,0x0f,0x87,0xc0,0x0f,0x87,0xc0,0x0f,0x87,0xc0,0x0f,0x07,0xc0,0x0f,0x07,0x80,0x1f,0x07,
  0x80,0x00,0x00,0x00,0x00,0x00,0x00,0x00,0x00,0x00,0x00,0x00,0x00,0x00,0x00,0x00,0x00,0x00,0x00,0x00,0x00,0x00,0x00,0x00,
  0x00,0x00,0x00,0x00,0x00,0x00,0x00,0x00,0x00,0x00,0x00,0x00,0x00,0x00,0x00,0x00,0x00,0x00,0x00,0x00,0x00,0x00,0x00,0x00,
  0x00,0x00,0x00,0x00,0x01,0xf0,0x00,0x07,0xfc,0x00,0x0f,0xfe,0x00,0x0f,0xfe,0x00,0x1f,0xff,0x00,0x1f,0xff,0x00,0x1f,0xff,
  0x00,0x1f,0xff,0x00,0x1f,0xff,0x00,0x0f,0xfe,0x00,0x0f,0xfe,0x00,0x07,0xfc,0x00,0x01,0xf0,0x00,0x00,0x00,0x00,0x00,0x00,
  0x00,0x00,0x00,0x00,0x00,0x00,0x00,0x00,0x00,0x00,0x00,0x00,0x00,0x07,0x00,0x1c,0x00,0x70,0x00,0x0f,0x80,0x3e,0x00,0xf8,
  0x00,0x1f,0xc0,0x7f,0x01,0xfc,0x00,0x1f,0xc0,0x7f,0x01,0xfc,0x00,0x1f,0xc0,0x7f,0x01,0xfc,0x00,0x0f,0x80,0x3e,0x00,0xf8,
  0x00,0x07,0x00,0x1c,0x00,0x70,0x00,0x0f,0xff,0xff,0x80,0x0f,0xff,0xff,0x80,0x0f,0xff,0xff,0x80,0x0f,0xff,0xff,0x80,0x0f,
  0xff,0xff,0x80,0x00,0x00,0x00,0x00,0x00,0x00,0x00,0x00,0x00,0x00,0x00,0x00,0x00,0x00,0x00,0x00,0x00,0x00,0x00,0x00,0x00,
  0x00,0x00,0x00,0x00,0x00,0x00,0x00,0x00,0x00,0x00,0x00,0x00,0x00,0x00,0x00
};

static const Glyph FL_TITLE_glyphs[] = {
  {0x0020,0,10,0,10,0,0},
  {0x0021,0,14,30,14,0,-30},
  {0x0022,60,23,30,23,0,-30},
  {0x0023,150,27,30,27,0,-30},
  {0x0024,270,28,38,28,0,-34},
  {0x0025,422,43,30,43,0,-30},
  {0x0026,602,28,30,28,0,-30},
  {0x0027,722,14,30,14,0,-30},
  {0x0028,782,16,38,16,0,-32},
  {0x0029,858,16,38,16,0,-32},
  {0x002a,934,23,30,23,0,-30},
  {0x002b,1024,29,23,28,0,-23},
  {0x002c,1116,14,13,14,0,-5},
  {0x002d,1142,20,15,20,0,-15},
  {0x002e,1187,14,7,14,0,-7},
  {0x002f,1201,16,36,16,0,-31},
  {0x0030,1273,28,30,28,0,-30},
  {0x0031,1393,18,30,18,0,-30},
  {0x0032,1483,26,30,26,0,-30},
  {0x0033,1603,27,30,27,0,-30},
  {0x0034,1723,28,30,28,0,-30},
  {0x0035,1843,26,30,26,0,-30},
  {0x0036,1963,27,30,27,0,-30},
  {0x0037,2083,24,30,24,0,-30},
  {0x0038,2173,27,30,27,0,-30},
  {0x0039,2293,27,30,27,0,-30},
  {0x003a,2413,14,22,14,0,-22},
  {0x003b,2457,14,30,14,0,-22},
  {0x003c,2517,29,24,28,0,-24},
  {0x003d,2613,29,20,28,0,-20},
  {0x003e,2693,29,24,28,0,-24},
  {0x003f,2789,24,30,24,0,-30},
  {0x0040,2879,43,38,43,0,-30},
  {0x0041,3107,31,30,31,0,-30},
  {0x0042,3227,28,30,28,0,-30},
  {0x0043,3347,31,30,31,0,-30},
  {0x0044,3467,30,30,30,0,-30},
  {0x0045,3587,26,30,26,0,-30},
  {0x0046,3707,25,30,25,0,-30},
  {0x0047,3827,32,30,32,0,-30},
  {0x0048,3947,31,30,31,0,-30},
  {0x0049,4067,12,30,12,0,-30},
  {0x004a,4127,25,30,25,0,-30},
  {0x004b,4247,30,30,30,0,-30},
  {0x004c,4367,24,30,24,0,-30},
  {0x004d,4457,39,30,39,0,-30},
  {0x004e,4607,32,30,32,0,-30},
  {0x004f,4727,32,30,32,0,-30},
  {0x0050,4847,27,30,27,0,-30},
  {0x0051,4967,33,32,33,0,-30},
  {0x0052,5127,28,30,28,0,-30},
  {0x0053,5247,28,30,28,0,-30},
  {0x0054,5367,28,30,28,0,-30},
  {0x0055,5487,31,30,31,0,-30},
  {0x0056,5607,31,30,31,0,-30},
  {0x0057,5727,44,30,44,0,-30},
  {0x0058,5907,31,30,31,0,-30},
  {0x0059,6027,31,30,31,0,-30},
  {0x005a,6147,28,30,28,0,-30},
  {0x005b,6267,16,38,16,0,-32},
  {0x005c,6343,16,36,16,0,-31},
  {0x005d,6415,16,38,16,0,-32},
  {0x005e,6491,20,30,20,0,-30},
  {0x005f,6581,20,5,20,0,0},
  {0x0060,6596,15,32,15,0,-32},
  {0x0061,6660,24,23,24,0,-23},
  {0x0062,6729,26,30,26,0,-30},
  {0x0063,6849,25,23,25,0,-23},
  {0x0064,6941,26,30,26,0,-30},
  {0x0065,7061,25,23,25,0,-23},
  {0x0066,7153,17,32,17,0,-32},
  {0x0067,7249,27,31,27,0,-23},
  {0x0068,7373,26,30,26,0,-30},
  {0x0069,7493,11,32,11,0,-32},
  {0x006a,7557,12,40,11,-1,-32},
  {0x006b,7637,25,30,24,0,-30},
  {0x006c,7757,11,30,11,0,-30},
  {0x006d,7817,38,23,38,0,-23},
  {0x006e,7932,26,23,26,0,-23},
  {0x006f,8024,26,23,26,0,-23},
  {0x0070,8116,26,31,26,0,-23},
  {0x0071,8240,26,31,26,0,-23},
  {0x0072,8364,17,23,17,0,-23},
  {0x0073,8433,24,23,24,0,-23},
  {0x0074,8502,16,29,15,0,-29},
  {0x0075,8560,26,23,26,0,-23},
  {0x0076,8652,25,23,25,0,-23},
  {0x0077,8744,36,23,36,0,-23},
  {0x0078,8859,24,23,24,0,-23},
  {0x0079,8928,25,31,25,0,-23},
  {0x007a,9052,24,23,24,0,-23},
  {0x007b,9121,20,38,20,0,-32},
  {0x007c,9235,16,50,16,0,-40},
  {0x007d,9335,20,38,20,0,-32},
  {0x007e,9449,29,17,28,0,-17},
  {0x00b0,9517,19,30,19,0,-30},
  {0x00b7,9607,14,18,14,0,-18},
  {0x00d7,9643,29,23,28,0,-23},
  {0x00e9,9735,25,32,25,0,-32},
  {0x2013,9863,21,15,21,0,-15},
  {0x2014,9908,42,15,42,0,-15},
  {0x2018,9998,13,30,13,0,-30},
  {0x2019,10058,13,31,13,0,-31},
  {0x201c,10120,23,30,23,0,-30},
  {0x201d,10210,22,30,22,0,-30},
  {0x2022,10300,20,19,20,0,-19},
  {0x2026,10357,42,7,42,0,-7},
  {0x2212,10399,29,14,28,0,-14}
};
const Font FL_TITLE = {FL_TITLE_bits, FL_TITLE_glyphs, 108, 41, 11, 52};

static const uint8_t FL_SYM_bits[] = {
  0x3f,0xe0,0x00,0x3f,0xf8,0x00,0x38,0x3c,0x00,0x38,0x1c,0x00,0x38,0x1c,0x00,0x38,0x0c,0x00,0x38,0x0c,0x00,0x38,0x1c,0x00,
  0x38,0x3c,0x00,0x3f,0xfc,0x38,0x3f,0xfc,0x70,0x38,0x0e,0xe0,0x38,0x07,0xc0,0x38,0x03,0x80,0x38,0x03,0xc0,0x38,0x07,0xc0,
  0x38,0x0e,0xe0,0x38,0x1c,0x70,0x38,0x38,0x38,0x00,0x00,0x00,0xc0,0x00,0x00,0xf0,0x00,0x00,0xfc,0x00,0x00,0xff,0x00,0x00,
  0xff,0xc0,0x00,0xff,0xf0,0x00,0xff,0xfc,0x00,0xff,0xff,0x00,0xff,0xff,0xc0,0xff,0xff,0xe0,0xff,0xff,0x80,0xff,0xfe,0x00,
  0xff,0xf8,0x00,0xff,0xe0,0x00,0xff,0x80,0x00,0xfe,0x00,0x00,0xf8,0x00,0x00,0xe0,0x00,0x00,0x80,0x00,0x00,0x00,0x00,0x00,
  0x00,0x00,0x00,0x00,0x00,0x30,0x00,0x00,0xf0,0x00,0x03,0xf0,0x00,0x0f,0xf0,0x00,0x3f,0xf0,0x00,0xff,0xf0,0x03,0xff,0xf0,
  0x0f,0xff,0xf0,0x3f,0xff,0xf0,0x7f,0xff,0xf0,0x1f,0xff,0xf0,0x07,0xff,0xf0,0x01,0xff,0xf0,0x00,0x7f,0xf0,0x00,0x1f,0xf0,
  0x00,0x07,0xf0,0x00,0x01,0xf0,0x00,0x00,0x70,0x00,0x00,0x10,0x00,0x00,0x00,0x00,0x10,0x00,0x00,0x10,0x00,0x00,0x10,0x20,
  0x06,0x10,0x40,0x03,0x10,0xc0,0x01,0x11,0x80,0x00,0x7c,0x00,0x00,0xfe,0x00,0x00,0xff,0x00,0x3e,0xff,0x78,0x00,0xff,0x00,
  0x00,0xfe,0x00,0x00,0x7c,0x00,0x01,0x01,0x80,0x02,0x10,0xc0,0x04,0x10,0x60,0x00,0x10,0x00,0x00,0x10,0x00,0x00,0x10,0x00,
  0x00,0x00,0x00,0x00,0x10,0x00,0x00,0x10,0x00,0x00,0x18,0x00,0x00,0x38,0x00,0x00,0x38,0x00,0x00,0x3c,0x00,0x1f,0xff,0xf8,
  0x1f,0xff,0xf0,0x07,0xff,0xe0,0x03,0xff,0x80,0x01,0xff,0x00,0x00,0xff,0x00,0x01,0xff,0x00,0x01,0xff,0x00,0x01,0xc7,0x80,
  0x03,0x83,0x80,0x03,0x00,0x80,0x00,0x00,0x00,0x00,0x00,0x00,0x00,0x7e,0x00,0x01,0x81,0x80,0x06,0x00,0xc0,0x0c,0x00,0x20,
  0x08,0x00,0x30,0x10,0x00,0x10,0x10,0x00,0x08,0x20,0x38,0x08,0x20,0x3c,0x08,0x20,0x7c,0x08,0x20,0x3c,0x08,0x20,0x38,0x08,
  0x10,0x00,0x08,0x10,0x00,0x10,0x08,0x00,0x10,0x0c,0x00,0x20,0x06,0x00,0x40,0x01,0x81,0x80,0x00,0x7e,0x00,0x00,0x3c,0x00,
  0x00,0x09,0x00,0x00,0x04,0xc0,0x00,0x02,0x60,0x00,0x01,0x30,0x00,0x00,0x90,0x00,0x00,0x88,0x00,0x00,0x88,0x00,0x00,0x88,
  0x00,0x00,0x88,0x00,0x00,0x88,0x00,0x00,0x88,0x00,0x00,0x88,0x00,0x00,0x90,0x00,0x01,0x30,0x00,0x03,0x20,0x00,0x02,0xc0,
  0x00,0x0d,0x00,0x00,0x3c,0x00,0x00,0x00,0x30,0x0c,0x30,0x0c,0x18,0x18,0x1c,0x38,0x0f,0xf0,0x0f,0xf0,0x1c,0x38,0x18,0x18,
  0x30,0x0c,0x30,0x0c,0x30,0x0c,0x10,0x18,0x18,0x18,0x0f,0xf0,0x07,0xe0,0x01,0x80,0x01,0x80,0x01,0x80,0x07,0xf0,0x01,0x80,
  0x01,0x80,0x01,0x80,0x00,0x00,0x00,0x01,0xf0,0x00,0x07,0xfc,0x00,0x0f,0x1e,0x00,0x1c,0x07,0x00,0x18,0x03,0x00,0x38,0x03,
  0x80,0x38,0x03,0x80,0x38,0x01,0x80,0x38,0x03,0x80,0x18,0x03,0x00,0x1c,0x07,0x00,0x0e,0x0e,0x00,0x07,0xfc,0x00,0x03,0xf8,
  0x00,0x00,0xe0,0x00,0x00,0xe0,0x00,0x00,0xe0,0x00,0x07,0xfc,0x00,0x07,0xfc,0x00,0x00,0xe0,0x00,0x00,0xe0,0x00,0x00,0xe0,
  0x00,0x00,0x00,0x00,0x00,0x01,0xf8,0x00,0x03,0xfc,0x00,0x00,0x3c,0x00,0x00,0x7c,0x00,0x00,0xec,0x01,0xf1,0xcc,0x07,0xff,
  0x88,0x0f,0x1f,0x08,0x1c,0x07,0x00,0x18,0x07,0x00,0x38,0x03,0x00,0x30,0x03,0x80,0x30,0x03,0x80,0x30,0x03,0x80,0x38,0x03,
  0x00,0x1c,0x07,0x00,0x1e,0x0e,0x00,0x0f,0xfc,0x00,0x03,0xf8,0x00,0x00,0x00,0x00,0x00,0x00,0x60,0x00,0x00,0x60,0x00,0x00,
  0x60,0x01,0xf0,0x60,0x03,0xfc,0x60,0x07,0x0e,0x60,0x06,0x06,0x60,0x0c,0x06,0x60,0x04,0x03,0x60,0x00,0x06,0x60,0x00,0x06,
  0x60,0x00,0x0e,0x60,0x0f,0xff,0xe0,0x0f,0xff,0xe0,0x00,0x00,0x60,0x00,0x00,0x60,0x00,0x00,0x60,0x00,0x00,0x60,0x00,0x00,
  0x60,0x01,0x80,0x00,0x01,0x80,0x00,0x03,0xe0,0x00,0x03,0xe0,0x00,0x01,0x80,0x00,0x01,0x80,0x00,0x01,0x80,0x00,0x01,0x80,
  0x00,0x01,0xbe,0x00,0x01,0xff,0x00,0x01,0xc3,0x80,0x01,0x81,0x80,0x01,0x80,0xc0,0x01,0x80,0xc0,0x01,0x81,0x80,0x01,0x81,
  0x80,0x01,0x83,0x00,0x01,0x83,0x00,0x01,0x83,0x00,0x1e,0x18,0xf0,0x1e,0x18,0xf0,0x06,0x18,0xc0,0x06,0x18,0xc0,0x06,0x18,
  0xc0,0x06,0x38,0xc0,0x07,0xff,0xc0,0x07,0x38,0xc0,0x06,0x18,0xc0,0x06,0x18,0xc0,0x06,0x18,0xc0,0x1e,0x18,0xf0,0x1e,0x38,
  0xf0,0x00,0x7c,0x00,0x00,0x46,0x00,0x00,0xc6,0x00,0x00,0xc6,0x00,0x00,0x7c,0x00,0x00,0x38,0x00,0x00,0x38,0x00,0x00,0x7c,
  0x00,0x00,0x5c,0x00,0x02,0x18,0xc0,0x0f,0x19,0xe0,0x1f,0x9b,0xf0,0x16,0x9a,0xd0,0x06,0x18,0xc0,0x07,0x18,0xc0,0x03,0x19,
  0x80,0x01,0x9b,0x80,0x00,0xff,0x00,0x00,0x7c,0x00,0x00,0x18,0x00,0x00,0x38,0x00,0x00,0xfe,0x00,0x00,0x7e,0x00,0x00,0x18,
  0x00,0x00,0x18,0x00,0x03,0xfc,0x00,0x03,0xff,0x00,0x03,0x03,0x80,0x03,0x01,0x80,0x03,0x01,0x80,0x03,0x01,0x80,0x03,0x01,
  0x80,0x03,0x07,0x00,0x03,0xfe,0x00,0x03,0xf8,0x00,0x03,0x00,0x00,0x03,0x00,0x00,0x03,0x00,0x00,0x03,0x00,0x00,0x03,0x00,
  0x00,0x03,0x00,0x00,0x03,0x00,0x00,0x03,0xff,0x00,0x03,0xff,0x00,0x00,0x00,0x00,0x1e,0x00,0xf0,0x3f,0x01,0xf8,0x61,0x83,
  0x0c,0x60,0xc3,0x0c,0x60,0xc6,0x0c,0x60,0x46,0x0c,0x20,0x64,0x0c,0x30,0x6c,0x08,0x00,0x2c,0x00,0x00,0x38,0x00,0x00,0x38,
  0x00,0x00,0x38,0x00,0x00,0x38,0x00,0x00,0x18,0x00,0x00,0x18,0x00,0x00,0x18,0x00,0x00,0x18,0x00,0x00,0x18,0x00,0x00,0x10,
  0x00,0x38,0x00,0x38,0x1c,0x00,0x70,0x0e,0x00,0x60,0x07,0x00,0xc0,0x03,0x01,0xc0,0x03,0x83,0x80,0x01,0xff,0x00,0x00,0xff,
  0x00,0x01,0xc3,0x80,0x03,0x01,0x80,0x03,0x00,0xc0,0x06,0x00,0xc0,0x06,0x00,0xc0,0x06,0x00,0xc0,0x03,0x00,0xc0,0x03,0x01,
  0x80,0x01,0x83,0x80,0x00,0xff,0x00,0x00,0x7c,0x00,0x00,0x00,0x00,0x38,0x00,0x18,0x3f,0xff,0xf8,0x07,0xff,0xc0,0x01,0x81,
  0x80,0x01,0x81,0x80,0x01,0x81,0x80,0x01,0x81,0x80,0x01,0x81,0x80,0x01,0x81,0x80,0x01,0x81,0x80,0x01,0x81,0x80,0x01,0x81,
  0x80,0x01,0x81,0x80,0x01,0x81,0x80,0x01,0x81,0x80,0x01,0x81,0x80,0x07,0xff,0xc0,0x3f,0xff,0xf8,0x38,0x00,0x18,0x00,0xfe,
  0x00,0x07,0xff,0xf0,0x0f,0xe0,0x10,0x18,0x60,0x00,0x18,0x30,0x00,0x18,0x30,0x00,0x18,0x30,0x00,0x18,0x60,0x00,0x0f,0xe7,
  0xe0,0x07,0x8e,0x70,0x00,0x08,0x30,0x00,0x18,0x10,0x00,0x18,0x10,0x00,0x08,0x30,0x00,0x0c,0x70,0x1e,0x07,0xe0,0x07,0xff,
  0x80,0x00,0x00,0x00,0x00,0x1f,0x00,0x00,0x31,0x80,0x00,0x60,0xc0,0x00,0x40,0x40,0x00,0x40,0x60,0x00,0x40,0x60,0x00,0x40,
  0x40,0x00,0x60,0x40,0x07,0xe0,0xc0,0x0c,0x60,0x80,0x08,0x21,0x80,0x08,0x21,0x00,0x08,0x23,0x00,0x0c,0x62,0x00,0x07,0xc2,
  0x00,0x00,0x02,0x00,0x00,0x02,0x00,0x00,0x03,0x60,0x00,0x01,0xc0,0x21,0xc3,0x00,0x33,0xc7,0x00,0x1a,0x69,0x80,0x1c,0x79,
  0x80,0x1c,0x71,0x90,0x1c,0x71,0xb8,0x18,0x61,0xf8,0x18,0x61,0xcc,0x18,0x61,0xcc,0x18,0x61,0x8c,0x18,0x61,0x8c,0x18,0x61,
  0x8c,0x18,0x61,0x8c,0x18,0x61,0x8c,0x18,0x61,0x98,0x18,0x61,0x98,0x18,0x61,0xb0,0x18,0x61,0xf0,0x18,0x61,0xe0,0x00,0x01,
  0xc0,0x00,0x07,0x80,0x00,0x1f,0xc0,0x00,0x00,0xc0,0x00,0x00,0x40,0x00,0x7c,0x00,0x00,0xfe,0x00,0x01,0x87,0x00,0x03,0x03,
  0x80,0x03,0x01,0x80,0x03,0x01,0x80,0x03,0x01,0x80,0x03,0x01,0x80,0x03,0x83,0x80,0x3f,0x83,0xf8,0x1f,0x83,0xf8,0x00,0x00,
  0x00,0x00,0x00,0x00,0x00,0x00,0x00,0x3f,0xff,0xf8,0x3f,0xff,0xf8,0x00,0x00,0x00,0x61,0x86,0x00,0x33,0xcf,0x00,0x36,0xdb,
  0x00,0x1c,0x73,0x00,0x18,0x73,0x00,0x18,0x63,0x00,0x18,0x63,0x00,0x18,0x63,0x00,0x18,0x63,0x00,0x18,0x63,0x00,0x18,0x63,
  0x00,0x18,0x63,0x00,0x18,0x63,0x00,0x18,0x61,0x00,0x18,0x61,0x00,0x18,0x61,0x00,0x18,0x61,0x00,0x18,0x61,0x80,0x18,0x61,
  0xdc,0x00,0x00,0x7c,0x00,0x00,0x08,0x00,0x00,0x00,0x00,0x1f,0xf8,0x00,0x1f,0xf8,0x00,0x00,0x78,0x00,0x00,0xf8,0x00,0x01,
  0xd8,0x00,0x03,0x98,0x00,0x07,0x18,0x0c,0x0e,0x18,0x0e,0x1c,0x18,0x07,0x38,0x18,0x03,0xf0,0x00,0x01,0xe0,0x00,0x01,0xe0,
  0x00,0x03,0xf0,0x00,0x07,0x38,0x00,0x0e,0x1c,0x00,0x1c,0x0c,0x00,0x38,0x00,0x00,0x10,0x00,0x00,0x00,0x00,0x00,0x00,0x20,
  0x00,0x18,0x70,0x00,0x0c,0xf0,0x00,0x0c,0xd0,0x00,0x05,0x98,0x00,0x07,0x98,0x00,0x07,0x98,0x00,0x03,0x18,0x00,0x03,0x08,
  0xe0,0x03,0x09,0xf0,0x03,0x0f,0x18,0x00,0x0e,0x18,0x00,0x0e,0x18,0x00,0x0e,0x18,0x00,0x0f,0xf0,0x00,0x18,0xe0,0x00,0x18,
  0x00,0x00,0xf0,0x00,0x00,0xe0,0x00,0x00,0x00,0x00,0x01,0x0c,0x00,0x07,0xbe,0xf0,0x0d,0xf7,0xf0,0x18,0xc3,0x18,0x10,0x00,
  0x08,0x00,0x00,0x00,0x01,0x0c,0x20,0x07,0xbe,0xf0,0x0d,0xf7,0xf0,0x18,0xc3,0x18,0x10,0x00,0x08,0x00,0x00,0x00,0x00,0x00,
  0x00,0x00,0x00,0x00,0x00,0x00,0x00,0x0e,0x00,0x60,0x06,0x00,0xc0,0x03,0x01,0x80,0x01,0x81,0x80,0x01,0x83,0x00,0x00,0x83,
  0x00,0x00,0xc2,0x00,0x00,0xc6,0x00,0x07,0xff,0xc0,0x07,0xff,0xe0,0x07,0xff,0xc0,0x00,0xc6,0x00,0x00,0xc2,0x00,0x00,0x83,
  0x00,0x01,0x83,0x00,0x01,0x81,0x80,0x03,0x01,0x80,0x06,0x00,0xc0,0x0e,0x00,0x60,0x00,0x00,0x00,0x00,0x03,0x80,0x00,0x07,
  0x00,0x00,0x06,0x00,0x00,0x0e,0x00,0x00,0x1c,0x00,0x00,0x38,0x00,0x00,0x30,0x00,0x00,0x70,0x00,0x0c,0xe0,0x00,0x0e,0xc0,
  0x00,0x0f,0xc0,0x00,0x07,0x80,0x00,0x07,0x00,0x00,0x00,0x00,0x00,0x00,0x00,0x00,0x00,0x00,0x00
};

static const Glyph FL_SYM_glyphs[] = {
  {0x211e,0,23,19,23,0,-19},
  {0x25b6,57,20,21,20,0,-17},
  {0x25c0,120,20,21,20,0,-17},
  {0x2600,183,23,19,23,0,-19},
  {0x2605,240,23,20,23,0,-19},
  {0x2609,300,23,19,23,0,-19},
  {0x263d,357,23,19,23,0,-19},
  {0x263f,414,16,23,16,0,-20},
  {0x2640,460,19,24,19,0,-20},
  {0x2642,532,23,20,23,0,-19},
  {0x2643,592,23,19,23,0,-19},
  {0x2644,649,23,19,23,0,-19},
  {0x2645,706,23,19,23,0,-19},
  {0x2646,763,23,19,23,0,-19},
  {0x2647,820,23,19,23,0,-19},
  {0x2648,877,23,20,23,0,-20},
  {0x2649,937,23,19,23,0,-19},
  {0x264a,994,23,20,23,0,-20},
  {0x264b,1054,23,18,23,0,-18},
  {0x264c,1108,23,19,23,0,-19},
  {0x264d,1165,23,24,23,0,-19},
  {0x264e,1237,23,17,23,0,-17},
  {0x264f,1288,23,22,23,0,-19},
  {0x2650,1354,23,20,23,0,-19},
  {0x2651,1414,23,19,23,0,-19},
  {0x2652,1471,23,16,23,0,-16},
  {0x2653,1519,23,19,23,0,-19},
  {0x2713,1576,22,17,22,0,-17}
};
const Font FL_SYM = {FL_SYM_bits, FL_SYM_glyphs, 28, 25, 7, 32};

